{"type":"FeatureCollection","features":[{"type":"Feature","properties":{"code":"9601","name":"เมืองนราธิวาส","name_en":"Mueang Narathiwat","area_sqkm":314.6,"src":"geoBoundaries+OpenGISData"},"geometry":{"type":"Polygon","coordinates":[[[101.7159,6.4999],[101.7157,6.4972],[101.7168,6.4955],[101.7178,6.4942],[101.7189,6.4926],[101.7199,6.491],[101.7209,6.4893],[101.7219,6.4877],[101.7229,6.4861],[101.7238,6.4846],[101.725,6.483],[101.7261,6.4816],[101.7274,6.4799],[101.7287,6.478],[101.73,6.4761],[101.7309,6.4749],[101.7317,6.474],[101.7324,6.4729],[101.7339,6.4709],[101.7352,6.4692],[101.7364,6.4673],[101.7375,6.4658],[101.739,6.4641],[101.7403,6.4626],[101.7415,6.4613],[101.7429,6.46],[101.7442,6.4589],[101.7473,6.4572],[101.7487,6.4559],[101.75,6.4547],[101.7517,6.453],[101.7535,6.4518],[101.7554,6.4507],[101.7572,6.4494],[101.759,6.4482],[101.7613,6.4466],[101.7634,6.4452],[101.7656,6.4437],[101.7672,6.4425],[101.7689,6.4409],[101.7705,6.4394],[101.7717,6.4383],[101.773,6.4366],[101.774,6.4348],[101.775,6.4327],[101.7759,6.4308],[101.7759,6.4306],[101.7768,6.4283],[101.7774,6.4263],[101.7781,6.4241],[101.7786,6.4219],[101.7791,6.4201],[101.7799,6.4183],[101.7808,6.4164],[101.7813,6.415],[101.7822,6.4122],[101.7828,6.4101],[101.7835,6.4086],[101.7839,6.4077],[101.7847,6.4051],[101.7857,6.4028],[101.7857,6.4028],[101.7857,6.4027],[101.7856,6.4026],[101.7856,6.4025],[101.7855,6.4021],[101.7854,6.402],[101.7854,6.4019],[101.7853,6.4019],[101.7853,6.4018],[101.7853,6.4018],[101.7852,6.4017],[101.7851,6.4017],[101.785,6.4017],[101.785,6.4016],[101.7849,6.4016],[101.7848,6.4016],[101.7845,6.4015],[101.7844,6.4015],[101.7843,6.4014],[101.7843,6.4014],[101.7842,6.4013],[101.784,6.4012],[101.7839,6.4011],[101.7838,6.401],[101.7838,6.401],[101.7837,6.401],[101.7837,6.401],[101.7836,6.401],[101.7836,6.401],[101.7835,6.401],[101.7834,6.401],[101.7834,6.401],[101.7834,6.401],[101.7833,6.401],[101.7832,6.4011],[101.7831,6.4012],[101.7831,6.4012],[101.783,6.4013],[101.7828,6.4015],[101.7827,6.4017],[101.7826,6.4019],[101.7826,6.4019],[101.7825,6.402],[101.7825,6.402],[101.7824,6.4021],[101.7824,6.4021],[101.7823,6.4022],[101.7822,6.4022],[101.7822,6.4022],[101.7821,6.4022],[101.782,6.4022],[101.7819,6.4022],[101.7819,6.4022],[101.7818,6.4022],[101.7817,6.4022],[101.7816,6.4021],[101.7816,6.4021],[101.7815,6.4021],[101.7815,6.402],[101.7814,6.402],[101.7814,6.4019],[101.7813,6.4018],[101.7813,6.4018],[101.7813,6.4017],[101.7813,6.4016],[101.7813,6.4015],[101.7813,6.4014],[101.7813,6.4013],[101.7813,6.4013],[101.7813,6.4012],[101.7814,6.4012],[101.7814,6.4011],[101.7814,6.401],[101.7815,6.401],[101.7815,6.4009],[101.7815,6.4009],[101.7815,6.4008],[101.7815,6.4007],[101.7815,6.4007],[101.7814,6.4006],[101.7814,6.4005],[101.7813,6.4005],[101.7813,6.4005],[101.7812,6.4004],[101.7812,6.4004],[101.7811,6.4004],[101.781,6.4004],[101.7807,6.4003],[101.7804,6.4003],[101.7803,6.4004],[101.7803,6.4004],[101.7803,6.4004],[101.7802,6.4004],[101.7797,6.4006],[101.7795,6.4008],[101.7794,6.4008],[101.7793,6.4008],[101.7792,6.4008],[101.7791,6.4008],[101.779,6.4007],[101.779,6.4007],[101.779,6.4007],[101.7789,6.4006],[101.7789,6.4005],[101.7788,6.4004],[101.7788,6.4004],[101.7788,6.4003],[101.7788,6.4003],[101.7789,6.4002],[101.7791,6.3993],[101.7791,6.3993],[101.7791,6.3992],[101.7791,6.3991],[101.7791,6.3991],[101.7791,6.3991],[101.779,6.399],[101.7782,6.398],[101.7781,6.3979],[101.7781,6.3979],[101.778,6.3977],[101.778,6.3976],[101.778,6.3973],[101.7779,6.3963],[101.7778,6.3961],[101.7775,6.3961],[101.7765,6.3966],[101.7763,6.3967],[101.7762,6.3966],[101.776,6.3966],[101.7751,6.396],[101.7749,6.396],[101.7747,6.3961],[101.7742,6.396],[101.7734,6.3957],[101.7732,6.3957],[101.7728,6.3957],[101.7723,6.3959],[101.7719,6.396],[101.7715,6.396],[101.7712,6.3958],[101.771,6.3955],[101.771,6.3951],[101.7712,6.3946],[101.7716,6.3943],[101.7722,6.3939],[101.7727,6.3929],[101.7727,6.3924],[101.7726,6.3923],[101.7724,6.392],[101.7721,6.392],[101.7717,6.3921],[101.7714,6.3926],[101.7711,6.3936],[101.7708,6.3938],[101.7706,6.3939],[101.7701,6.3937],[101.7691,6.393],[101.7686,6.3928],[101.7678,6.3925],[101.7673,6.3918],[101.7671,6.3911],[101.7669,6.3902],[101.7669,6.39],[101.767,6.3899],[101.7672,6.3895],[101.7675,6.3892],[101.768,6.3889],[101.7681,6.3884],[101.7684,6.3879],[101.7683,6.3862],[101.7684,6.3848],[101.7683,6.3846],[101.7682,6.3843],[101.7681,6.3841],[101.7679,6.3837],[101.7679,6.3835],[101.768,6.3833],[101.768,6.3831],[101.7683,6.3826],[101.7685,6.3816],[101.7686,6.3811],[101.7687,6.3809],[101.7693,6.3803],[101.7692,6.38],[101.7692,6.3798],[101.7674,6.3786],[101.7671,6.3785],[101.7661,6.3787],[101.7657,6.3787],[101.7652,6.3786],[101.7617,6.3768],[101.7615,6.3767],[101.7614,6.3765],[101.7613,6.3761],[101.7612,6.3757],[101.7607,6.3754],[101.7602,6.3755],[101.7595,6.3752],[101.7591,6.3748],[101.7581,6.3734],[101.7578,6.3733],[101.7575,6.3732],[101.7571,6.3734],[101.7568,6.3736],[101.7558,6.3745],[101.7555,6.3746],[101.7551,6.3745],[101.7549,6.3744],[101.754,6.3728],[101.7536,6.3725],[101.7528,6.3725],[101.7524,6.3727],[101.7524,6.3731],[101.7525,6.3734],[101.7528,6.3738],[101.7528,6.3742],[101.7527,6.3745],[101.7525,6.3749],[101.7514,6.3756],[101.7512,6.3757],[101.7511,6.376],[101.751,6.3767],[101.751,6.377],[101.7508,6.3774],[101.7505,6.3776],[101.7502,6.3778],[101.7499,6.3778],[101.7498,6.3777],[101.7495,6.3774],[101.7492,6.3773],[101.7489,6.3773],[101.7487,6.3774],[101.7485,6.3777],[101.7484,6.378],[101.7483,6.3786],[101.7482,6.379],[101.748,6.3794],[101.7477,6.3797],[101.7474,6.3797],[101.7472,6.3797],[101.7466,6.3792],[101.7462,6.3792],[101.746,6.3792],[101.7457,6.3793],[101.745,6.38],[101.7444,6.3804],[101.7441,6.3806],[101.7438,6.3806],[101.7436,6.3806],[101.7434,6.3804],[101.7433,6.3801],[101.7433,6.3794],[101.7432,6.3789],[101.7431,6.3784],[101.7429,6.3781],[101.7427,6.3778],[101.7425,6.3776],[101.7423,6.3775],[101.742,6.3775],[101.7418,6.3775],[101.7415,6.3777],[101.7413,6.3779],[101.7413,6.3783],[101.7413,6.3788],[101.7413,6.3793],[101.7413,6.3796],[101.7411,6.3799],[101.7409,6.3801],[101.7406,6.3802],[101.7402,6.3803],[101.7398,6.3803],[101.7396,6.3802],[101.7393,6.3798],[101.7391,6.3795],[101.739,6.379],[101.7388,6.3784],[101.7388,6.3781],[101.7388,6.3775],[101.7387,6.3771],[101.7386,6.3768],[101.7384,6.3766],[101.7383,6.3764],[101.7383,6.3761],[101.7383,6.3759],[101.7385,6.3757],[101.7385,6.3753],[101.7385,6.3751],[101.7386,6.375],[101.7388,6.3748],[101.7389,6.3748],[101.7392,6.3747],[101.7394,6.3746],[101.7396,6.3746],[101.7398,6.3747],[101.7403,6.3748],[101.7406,6.3748],[101.7408,6.3746],[101.7409,6.3745],[101.7411,6.3743],[101.7411,6.374],[101.741,6.3737],[101.7408,6.3735],[101.7406,6.3735],[101.7403,6.3735],[101.74,6.3736],[101.7397,6.3737],[101.7395,6.3736],[101.7389,6.3732],[101.7387,6.373],[101.7384,6.3727],[101.7381,6.3725],[101.7376,6.3724],[101.7374,6.3725],[101.737,6.3726],[101.7365,6.3731],[101.7363,6.3733],[101.7361,6.3734],[101.7359,6.3734],[101.7358,6.3732],[101.7358,6.373],[101.736,6.3719],[101.7359,6.3715],[101.7358,6.371],[101.735,6.3695],[101.735,6.3695],[101.7348,6.3694],[101.7345,6.3694],[101.7342,6.3694],[101.7339,6.3694],[101.7324,6.3686],[101.7322,6.3685],[101.732,6.3686],[101.7317,6.3687],[101.7311,6.3698],[101.7308,6.3701],[101.7304,6.3703],[101.7301,6.3703],[101.7298,6.3703],[101.7295,6.3702],[101.7281,6.3687],[101.7278,6.3686],[101.7276,6.3686],[101.7273,6.3686],[101.727,6.3687],[101.7266,6.369],[101.7264,6.369],[101.726,6.369],[101.7256,6.3689],[101.7226,6.368],[101.7224,6.3678],[101.7222,6.3675],[101.7221,6.3673],[101.7218,6.3667],[101.7213,6.3654],[101.7213,6.3652],[101.7212,6.365],[101.7213,6.3648],[101.7214,6.3646],[101.7239,6.3626],[101.7242,6.3623],[101.7244,6.362],[101.7246,6.3616],[101.7247,6.3612],[101.7248,6.3608],[101.7247,6.3605],[101.7246,6.3603],[101.7237,6.3591],[101.7234,6.3588],[101.7234,6.3587],[101.7235,6.3584],[101.7236,6.3581],[101.7238,6.3578],[101.7238,6.3575],[101.7239,6.3572],[101.7238,6.3566],[101.7239,6.3561],[101.724,6.3556],[101.7242,6.355],[101.7244,6.3546],[101.7245,6.3541],[101.7245,6.3535],[101.7245,6.3532],[101.7245,6.3526],[101.7245,6.3522],[101.7242,6.3514],[101.7241,6.3508],[101.7241,6.3506],[101.7239,6.3505],[101.7232,6.3498],[101.7229,6.3497],[101.7225,6.3497],[101.7223,6.3496],[101.722,6.3495],[101.7216,6.3493],[101.7214,6.349],[101.7212,6.3487],[101.721,6.3482],[101.7211,6.3474],[101.7229,6.3472],[101.7246,6.347],[101.7267,6.3472],[101.7287,6.3473],[101.7297,6.3472],[101.7309,6.3462],[101.7334,6.3448],[101.7353,6.344],[101.7373,6.3427],[101.7404,6.3407],[101.7417,6.34],[101.7436,6.3391],[101.7451,6.338],[101.7467,6.3372],[101.7476,6.3367],[101.748,6.3357],[101.7485,6.3353],[101.749,6.3353],[101.7495,6.3349],[101.75,6.3341],[101.7508,6.3336],[101.7514,6.3333],[101.7531,6.3329],[101.7554,6.3328],[101.758,6.3314],[101.7603,6.3295],[101.7614,6.3283],[101.7624,6.3269],[101.7643,6.3236],[101.7656,6.3209],[101.7663,6.3193],[101.7675,6.3138],[101.7688,6.3096],[101.7697,6.3075],[101.7711,6.3059],[101.7729,6.3046],[101.7739,6.304],[101.7754,6.3036],[101.7767,6.3037],[101.7787,6.3046],[101.7816,6.3065],[101.7836,6.3076],[101.7853,6.3081],[101.7869,6.3085],[101.7886,6.3087],[101.7902,6.3085],[101.7913,6.3081],[101.7924,6.3072],[101.7931,6.3066],[101.7947,6.3058],[101.7964,6.3054],[101.7977,6.3053],[101.7988,6.3055],[101.8,6.3053],[101.8019,6.3047],[101.8032,6.3046],[101.8045,6.3046],[101.8063,6.3049],[101.8089,6.3046],[101.8101,6.3042],[101.8118,6.3032],[101.8127,6.3024],[101.8137,6.3015],[101.8149,6.3009],[101.8161,6.3003],[101.8169,6.2994],[101.8178,6.299],[101.8192,6.2987],[101.8211,6.2982],[101.8221,6.2985],[101.8254,6.2979],[101.827,6.2979],[101.8302,6.2984],[101.8335,6.2991],[101.8383,6.3001],[101.842,6.3009],[101.8424,6.3011],[101.8441,6.3018],[101.8473,6.3031],[101.8489,6.3008],[101.8503,6.2996],[101.8524,6.2983],[101.8539,6.2977],[101.8556,6.2976],[101.8561,6.2976],[101.8565,6.2976],[101.8568,6.2976],[101.8581,6.2978],[101.8588,6.298],[101.8601,6.2984],[101.8605,6.2985],[101.862,6.2989],[101.8622,6.2989],[101.8625,6.299],[101.8637,6.2991],[101.8643,6.2991],[101.8644,6.2991],[101.8652,6.299],[101.8656,6.2989],[101.8665,6.2987],[101.8688,6.2982],[101.8718,6.2981],[101.8745,6.2978],[101.8756,6.2976],[101.8772,6.2974],[101.878,6.2972],[101.8793,6.2972],[101.8799,6.2972],[101.8804,6.2972],[101.8807,6.2972],[101.8813,6.2973],[101.8817,6.2973],[101.8818,6.2973],[101.882,6.2974],[101.8824,6.2975],[101.8832,6.2978],[101.8835,6.2978],[101.8841,6.2981],[101.8848,6.2984],[101.8853,6.2987],[101.8866,6.2995],[101.8867,6.2995],[101.8878,6.3002],[101.8888,6.3008],[101.8888,6.3008],[101.889,6.3009],[101.8891,6.301],[101.8892,6.301],[101.8894,6.3011],[101.8899,6.3013],[101.8902,6.3013],[101.8905,6.3014],[101.8906,6.3014],[101.8907,6.3014],[101.8915,6.3014],[101.8915,6.3014],[101.8919,6.3014],[101.892,6.3014],[101.8925,6.3013],[101.8928,6.3013],[101.8938,6.301],[101.894,6.301],[101.8942,6.3009],[101.895,6.3005],[101.895,6.3005],[101.8953,6.3004],[101.8956,6.3001],[101.8958,6.3],[101.8962,6.2996],[101.8963,6.2996],[101.8966,6.2991],[101.8967,6.299],[101.8968,6.2988],[101.897,6.2982],[101.8971,6.2981],[101.8971,6.298],[101.8972,6.2975],[101.8973,6.2967],[101.8974,6.2964],[101.8974,6.2961],[101.8975,6.2961],[101.8975,6.296],[101.8975,6.296],[101.8976,6.2959],[101.8977,6.2958],[101.898,6.2956],[101.8981,6.2955],[101.8984,6.2954],[101.8985,6.2953],[101.8987,6.2952],[101.8989,6.2951],[101.8991,6.295],[101.8993,6.295],[101.8994,6.295],[101.8996,6.2949],[101.8997,6.2949],[101.8997,6.295],[101.8999,6.295],[101.9,6.295],[101.9001,6.2951],[101.9004,6.2953],[101.9009,6.2957],[101.9011,6.2958],[101.9011,6.2958],[101.9011,6.2959],[101.9012,6.2959],[101.9013,6.2959],[101.9015,6.296],[101.9015,6.296],[101.9016,6.296],[101.9017,6.296],[101.9018,6.2959],[101.9018,6.2959],[101.9019,6.2958],[101.902,6.2957],[101.9024,6.2951],[101.9029,6.2945],[101.9031,6.2942],[101.9031,6.2942],[101.9032,6.2941],[101.904,6.2932],[101.9045,6.2927],[101.9048,6.2924],[101.9048,6.2924],[101.9049,6.2923],[101.9053,6.2921],[101.9061,6.2917],[101.9066,6.2914],[101.9069,6.2913],[101.9074,6.291],[101.9077,6.2908],[101.9085,6.2903],[101.9095,6.2897],[101.9098,6.2895],[101.9114,6.2886],[101.9116,6.2884],[101.9123,6.2878],[101.9134,6.2869],[101.9141,6.2861],[101.9145,6.2855],[101.9154,6.2844],[101.9161,6.2836],[101.9163,6.2832],[101.9164,6.287],[101.9166,6.2896],[101.9167,6.2914],[101.9169,6.2929],[101.9171,6.2959],[101.9166,6.2979],[101.9156,6.3366],[101.9127,6.3389],[101.9058,6.3433],[101.9036,6.3453],[101.8999,6.3532],[101.8995,6.3542],[101.8977,6.3621],[101.8996,6.3665],[101.9015,6.3675],[101.9056,6.3671],[101.9097,6.3677],[101.9142,6.3696],[101.9162,6.371],[101.9188,6.3728],[101.9188,6.3729],[101.9187,6.373],[101.9185,6.3731],[101.9184,6.3732],[101.9184,6.3732],[101.9183,6.3732],[101.9181,6.3733],[101.9152,6.3765],[101.915,6.3766],[101.915,6.3767],[101.9149,6.3767],[101.9148,6.3769],[101.9143,6.3775],[101.914,6.3779],[101.9127,6.3792],[101.9126,6.3793],[101.9124,6.3795],[101.9121,6.3798],[101.9119,6.38],[101.9117,6.3804],[101.9114,6.3807],[101.9112,6.381],[101.9108,6.3814],[101.9107,6.3815],[101.9107,6.3816],[101.9107,6.3817],[101.9107,6.3817],[101.9107,6.3818],[101.9106,6.3818],[101.9105,6.3819],[101.9104,6.382],[101.9102,6.3821],[101.9096,6.383],[101.9094,6.3831],[101.9088,6.3837],[101.9084,6.384],[101.9083,6.3841],[101.9083,6.3842],[101.9081,6.3843],[101.9078,6.3848],[101.9074,6.3852],[101.9073,6.3856],[101.9072,6.3857],[101.9071,6.3859],[101.9069,6.386],[101.9062,6.3866],[101.906,6.3868],[101.9056,6.3871],[101.9054,6.3873],[101.9052,6.3876],[101.9042,6.3889],[101.9036,6.3896],[101.9033,6.3899],[101.9033,6.3899],[101.9031,6.39],[101.903,6.3901],[101.9029,6.3902],[101.9027,6.3904],[101.9024,6.391],[101.9022,6.3913],[101.902,6.3915],[101.9019,6.3916],[101.9018,6.3917],[101.9017,6.3918],[101.9016,6.3919],[101.9015,6.392],[101.9014,6.3923],[101.9013,6.3925],[101.9011,6.3926],[101.9011,6.3927],[101.901,6.3928],[101.9008,6.3929],[101.9006,6.3931],[101.9005,6.3933],[101.9003,6.3935],[101.9,6.3937],[101.8993,6.3945],[101.899,6.3947],[101.8988,6.395],[101.8986,6.3952],[101.8985,6.3954],[101.8983,6.3957],[101.898,6.3961],[101.8978,6.3963],[101.8976,6.3965],[101.8975,6.3967],[101.8973,6.3969],[101.8971,6.3972],[101.8967,6.3977],[101.8965,6.398],[101.8963,6.3983],[101.8961,6.3986],[101.8961,6.3987],[101.896,6.3987],[101.896,6.3988],[101.8958,6.399],[101.8957,6.3991],[101.8956,6.3992],[101.8956,6.3992],[101.8954,6.3993],[101.8952,6.3995],[101.8948,6.3998],[101.8947,6.3999],[101.8946,6.4001],[101.8941,6.4008],[101.8924,6.4028],[101.8921,6.4032],[101.8903,6.4054],[101.8897,6.4061],[101.8895,6.4062],[101.8891,6.4067],[101.8891,6.4068],[101.889,6.4068],[101.8886,6.4074],[101.8883,6.4077],[101.8883,6.4078],[101.8882,6.4078],[101.8879,6.4082],[101.8876,6.4086],[101.8874,6.4088],[101.8873,6.4089],[101.8871,6.4092],[101.8869,6.4094],[101.8867,6.4097],[101.8862,6.4102],[101.8857,6.4108],[101.8852,6.4114],[101.885,6.4117],[101.8848,6.412],[101.8846,6.4122],[101.8844,6.4124],[101.8823,6.4153],[101.8816,6.4164],[101.8793,6.4191],[101.8789,6.4195],[101.8783,6.4202],[101.8776,6.4211],[101.8768,6.422],[101.876,6.423],[101.8749,6.4243],[101.8746,6.4246],[101.8745,6.4247],[101.8744,6.4247],[101.8739,6.4249],[101.8733,6.4251],[101.8732,6.4251],[101.8731,6.4251],[101.8727,6.4253],[101.8727,6.4253],[101.872,6.4255],[101.8719,6.4255],[101.8717,6.4254],[101.8716,6.4254],[101.8716,6.4254],[101.8716,6.4254],[101.8713,6.4253],[101.8713,6.4253],[101.8712,6.4253],[101.8711,6.4253],[101.871,6.4254],[101.8704,6.4257],[101.8701,6.4259],[101.8698,6.4261],[101.8696,6.4262],[101.8694,6.4264],[101.869,6.4267],[101.8684,6.4273],[101.8682,6.4275],[101.868,6.4276],[101.8678,6.4277],[101.8677,6.4277],[101.8676,6.4278],[101.8676,6.4277],[101.8675,6.4277],[101.8674,6.4277],[101.8673,6.4277],[101.8672,6.4276],[101.8667,6.4272],[101.8666,6.4272],[101.8665,6.4271],[101.8662,6.4272],[101.8659,6.4272],[101.8654,6.4274],[101.8649,6.4275],[101.8645,6.4276],[101.8637,6.4278],[101.8632,6.4279],[101.8629,6.428],[101.8625,6.428],[101.8624,6.428],[101.8623,6.4281],[101.8621,6.4281],[101.8619,6.4281],[101.8618,6.4282],[101.8614,6.4285],[101.8611,6.4287],[101.8606,6.4288],[101.8603,6.4289],[101.86,6.4289],[101.8597,6.4289],[101.8597,6.4289],[101.8595,6.4288],[101.8594,6.4288],[101.8593,6.4287],[101.8591,6.4286],[101.8588,6.4284],[101.8586,6.4283],[101.8586,6.4282],[101.8585,6.4282],[101.8584,6.4281],[101.8584,6.428],[101.8583,6.4278],[101.8582,6.4276],[101.8581,6.4276],[101.8578,6.4274],[101.8575,6.4273],[101.8574,6.4273],[101.8567,6.4273],[101.856,6.4275],[101.8556,6.4277],[101.8555,6.4278],[101.8553,6.4279],[101.855,6.4281],[101.8546,6.4284],[101.854,6.4286],[101.8535,6.429],[101.8527,6.4295],[101.8523,6.4298],[101.8517,6.4301],[101.851,6.4306],[101.8505,6.4309],[101.8502,6.4311],[101.8496,6.4312],[101.8496,6.4312],[101.8491,6.4313],[101.8478,6.4321],[101.8476,6.4322],[101.8476,6.4322],[101.8472,6.4324],[101.847,6.4326],[101.8468,6.4327],[101.8462,6.4331],[101.8457,6.4335],[101.8455,6.4337],[101.8454,6.4337],[101.8453,6.4338],[101.845,6.4342],[101.8446,6.4344],[101.8441,6.4348],[101.8433,6.4354],[101.8426,6.4359],[101.8417,6.4366],[101.8412,6.4369],[101.8374,6.4405],[101.8329,6.4462],[101.8328,6.4463],[101.8327,6.4463],[101.8314,6.4463],[101.8305,6.4464],[101.8303,6.4464],[101.8302,6.4464],[101.8293,6.4464],[101.8292,6.4464],[101.8276,6.4469],[101.8245,6.4476],[101.8243,6.4476],[101.8241,6.4477],[101.824,6.4477],[101.8237,6.4479],[101.8231,6.4482],[101.8227,6.4485],[101.8221,6.4489],[101.822,6.4489],[101.8212,6.4493],[101.8205,6.4499],[101.8194,6.4505],[101.8185,6.4511],[101.8179,6.4516],[101.8177,6.4517],[101.8168,6.4525],[101.8163,6.4529],[101.8159,6.4534],[101.8154,6.4538],[101.8151,6.4543],[101.8147,6.4547],[101.8147,6.4547],[101.8143,6.4551],[101.814,6.4555],[101.814,6.4555],[101.8138,6.4556],[101.8136,6.4557],[101.8133,6.456],[101.8129,6.4565],[101.8124,6.4573],[101.8122,6.4575],[101.812,6.4576],[101.812,6.4576],[101.8119,6.4576],[101.8118,6.4577],[101.8118,6.4577],[101.8116,6.4579],[101.8116,6.458],[101.8113,6.4584],[101.8112,6.4585],[101.8108,6.4587],[101.8107,6.4588],[101.8103,6.4592],[101.8099,6.4597],[101.8093,6.4603],[101.8089,6.4606],[101.8086,6.4608],[101.8084,6.4611],[101.808,6.4617],[101.8078,6.4621],[101.8073,6.4625],[101.8071,6.4626],[101.807,6.4628],[101.8068,6.4631],[101.8067,6.4633],[101.8063,6.4637],[101.8059,6.4641],[101.8056,6.4646],[101.8054,6.4648],[101.8052,6.4652],[101.8049,6.4655],[101.8046,6.4657],[101.8045,6.4658],[101.8043,6.4659],[101.8042,6.466],[101.8041,6.4661],[101.804,6.4662],[101.8039,6.4662],[101.8038,6.4663],[101.8038,6.4665],[101.8035,6.4669],[101.8033,6.4671],[101.8031,6.4673],[101.803,6.4675],[101.8029,6.4675],[101.8028,6.4677],[101.8025,6.4682],[101.8018,6.4692],[101.8014,6.4695],[101.8009,6.4698],[101.8006,6.4701],[101.7999,6.4713],[101.7995,6.4717],[101.7992,6.472],[101.799,6.4723],[101.7986,6.4729],[101.7977,6.4739],[101.7967,6.4753],[101.7964,6.4757],[101.7961,6.4759],[101.7956,6.4764],[101.7948,6.4776],[101.7939,6.4787],[101.7933,6.4798],[101.7926,6.4806],[101.7921,6.481],[101.7921,6.481],[101.7921,6.4811],[101.7918,6.4814],[101.7915,6.4818],[101.7911,6.4823],[101.791,6.4824],[101.7906,6.4828],[101.7896,6.4843],[101.7892,6.4849],[101.7889,6.4851],[101.7888,6.4854],[101.7886,6.4857],[101.7884,6.4859],[101.7878,6.4869],[101.7875,6.4874],[101.7873,6.4877],[101.7868,6.488],[101.7865,6.4885],[101.7862,6.4891],[101.7858,6.4895],[101.7854,6.4899],[101.7848,6.4909],[101.7814,6.4955],[101.7808,6.4963],[101.78,6.4976],[101.7791,6.4988],[101.7772,6.5011],[101.7759,6.5029],[101.7747,6.5044],[101.7739,6.5052],[101.7736,6.5055],[101.7724,6.5072],[101.7721,6.5077],[101.7706,6.5097],[101.7701,6.5104],[101.7698,6.5106],[101.7697,6.5108],[101.7696,6.5109],[101.7693,6.5113],[101.7691,6.5116],[101.7691,6.5118],[101.7686,6.5126],[101.7686,6.5126],[101.7683,6.513],[101.7681,6.5133],[101.7677,6.5137],[101.7673,6.514],[101.7669,6.5145],[101.7662,6.5155],[101.7662,6.5155],[101.7662,6.5155],[101.7658,6.5162],[101.7654,6.5169],[101.7652,6.5172],[101.7649,6.5175],[101.7642,6.5185],[101.7642,6.5185],[101.7641,6.5186],[101.763,6.5203],[101.7625,6.5211],[101.7622,6.5213],[101.7619,6.5217],[101.7613,6.5226],[101.7605,6.5236],[101.7595,6.5251],[101.759,6.5258],[101.7589,6.5259],[101.7585,6.5265],[101.7568,6.5291],[101.7558,6.5305],[101.7551,6.5314],[101.7546,6.5322],[101.7544,6.5324],[101.7543,6.5326],[101.7538,6.5332],[101.7534,6.5339],[101.7533,6.5339],[101.7533,6.534],[101.7529,6.5346],[101.7526,6.5352],[101.7523,6.5356],[101.7518,6.5363],[101.7515,6.5368],[101.7509,6.5378],[101.7502,6.5388],[101.7496,6.54],[101.7496,6.54],[101.7495,6.54],[101.7492,6.5406],[101.7485,6.5416],[101.7477,6.5427],[101.7468,6.5439],[101.7462,6.545],[101.7457,6.5456],[101.7454,6.546],[101.7451,6.5465],[101.745,6.5467],[101.7446,6.5471],[101.7441,6.5481],[101.7438,6.5484],[101.7438,6.5484],[101.7437,6.5486],[101.7436,6.5487],[101.7434,6.5491],[101.743,6.5498],[101.7427,6.5502],[101.7424,6.5505],[101.7422,6.551],[101.7416,6.5519],[101.7412,6.5525],[101.7408,6.5533],[101.7406,6.5536],[101.7402,6.5541],[101.7397,6.5546],[101.7395,6.555],[101.7393,6.5554],[101.7389,6.5559],[101.7385,6.5566],[101.7377,6.5578],[101.7366,6.5594],[101.7363,6.5599],[101.7358,6.5604],[101.7354,6.5611],[101.7349,6.5618],[101.7336,6.5637],[101.7329,6.5649],[101.7298,6.5694],[101.7289,6.5708],[101.7286,6.5714],[101.7285,6.5715],[101.7284,6.5716],[101.7272,6.5736],[101.7271,6.5738],[101.7265,6.5747],[101.7264,6.5749],[101.7262,6.575],[101.7262,6.5751],[101.7255,6.576],[101.7252,6.5764],[101.7251,6.5764],[101.7248,6.5769],[101.7248,6.5769],[101.7244,6.5767],[101.724,6.5764],[101.7231,6.5757],[101.722,6.575],[101.7215,6.5748],[101.7209,6.5748],[101.7202,6.5747],[101.7197,6.5745],[101.7193,6.5743],[101.7184,6.5736],[101.7175,6.5729],[101.7167,6.5722],[101.7153,6.5713],[101.7134,6.5703],[101.7121,6.5698],[101.7108,6.5693],[101.7093,6.5689],[101.7099,6.5686],[101.7104,6.5684],[101.7109,6.568],[101.7113,6.5675],[101.7118,6.5667],[101.712,6.5659],[101.7122,6.5651],[101.7126,6.5638],[101.7134,6.5623],[101.7143,6.5607],[101.7151,6.5593],[101.716,6.5578],[101.717,6.5557],[101.7178,6.5544],[101.7187,6.5526],[101.7194,6.551],[101.7201,6.5496],[101.7209,6.5481],[101.7222,6.5467],[101.7228,6.545],[101.7216,6.5441],[101.7201,6.5433],[101.7188,6.5419],[101.7186,6.5402],[101.7191,6.5387],[101.7198,6.537],[101.7202,6.5355],[101.7203,6.534],[101.7202,6.5321],[101.7203,6.5305],[101.7206,6.529],[101.7211,6.5276],[101.722,6.5259],[101.7234,6.5248],[101.7247,6.5236],[101.7256,6.5219],[101.7259,6.5204],[101.7258,6.5186],[101.7255,6.5167],[101.7272,6.5128],[101.7226,6.5101],[101.7218,6.5085],[101.721,6.5071],[101.7201,6.5053],[101.7193,6.5037],[101.7183,6.5022],[101.7171,6.501],[101.7159,6.4999]]]}},{"type":"Feature","properties":{"code":"9608","name":"แว้ง","name_en":"Waeng","area_sqkm":281.1,"src":"geoBoundaries+OpenGISData"},"geometry":{"type":"Polygon","coordinates":[[[101.9246,6.0157],[101.9156,6.002],[101.9145,6.0003],[101.9134,5.9988],[101.9123,5.9972],[101.9111,5.996],[101.9098,5.995],[101.9079,5.9937],[101.9066,5.993],[101.9051,5.9924],[101.9034,5.9916],[101.9023,5.9906],[101.9013,5.9895],[101.9004,5.988],[101.8995,5.9858],[101.8982,5.9846],[101.8966,5.9843],[101.8959,5.9843],[101.895,5.9843],[101.8936,5.9849],[101.892,5.9852],[101.8906,5.9856],[101.8886,5.9857],[101.887,5.9852],[101.886,5.9862],[101.8844,5.9863],[101.8836,5.9877],[101.8821,5.9887],[101.8806,5.9893],[101.8787,5.9896],[101.8772,5.9905],[101.876,5.9918],[101.8747,5.9927],[101.8732,5.9932],[101.8718,5.9945],[101.8704,5.9936],[101.8701,5.9921],[101.87,5.9902],[101.869,5.9884],[101.8682,5.9864],[101.8665,5.9862],[101.865,5.9856],[101.8636,5.9843],[101.8627,5.9839],[101.862,5.9835],[101.8604,5.984],[101.859,5.9847],[101.8573,5.9855],[101.8559,5.9849],[101.854,5.9857],[101.8524,5.9865],[101.8508,5.9876],[101.8493,5.9883],[101.8478,5.9895],[101.8464,5.9904],[101.8449,5.9902],[101.8432,5.9899],[101.8411,5.9897],[101.8395,5.9896],[101.838,5.9891],[101.836,5.9882],[101.8342,5.9879],[101.8322,5.9874],[101.8305,5.9868],[101.8291,5.9878],[101.8279,5.9891],[101.8267,5.9906],[101.8251,5.9919],[101.8238,5.9929],[101.8223,5.9926],[101.821,5.9911],[101.8201,5.9897],[101.8186,5.9881],[101.8176,5.9864],[101.8181,5.985],[101.8184,5.9834],[101.8179,5.9816],[101.8166,5.9798],[101.815,5.9786],[101.8134,5.9778],[101.8117,5.9773],[101.8098,5.9772],[101.8099,5.9756],[101.8104,5.9735],[101.8105,5.9719],[101.8105,5.9701],[101.8107,5.9678],[101.8118,5.9661],[101.8126,5.9647],[101.8124,5.963],[101.8124,5.9629],[101.8127,5.9606],[101.8138,5.9592],[101.8143,5.958],[101.8144,5.9577],[101.8136,5.9561],[101.8122,5.9544],[101.8109,5.9528],[101.8101,5.9513],[101.8092,5.9495],[101.8074,5.9482],[101.8062,5.9465],[101.8051,5.9455],[101.8055,5.944],[101.8058,5.9421],[101.8062,5.9403],[101.807,5.9389],[101.807,5.9369],[101.8068,5.935],[101.8055,5.9338],[101.8052,5.932],[101.8051,5.9298],[101.805,5.9282],[101.8059,5.9267],[101.8065,5.9251],[101.8061,5.9237],[101.8056,5.9221],[101.8057,5.9203],[101.8066,5.919],[101.8075,5.9175],[101.8069,5.9158],[101.8073,5.9142],[101.8076,5.9123],[101.8076,5.9104],[101.8078,5.9095],[101.808,5.9087],[101.8094,5.9078],[101.8089,5.9062],[101.8078,5.9049],[101.8066,5.9037],[101.8062,5.9023],[101.8055,5.9009],[101.8042,5.8999],[101.8029,5.8986],[101.8021,5.8973],[101.8017,5.8955],[101.8017,5.8937],[101.8025,5.8919],[101.8024,5.8899],[101.8019,5.8884],[101.8016,5.8865],[101.8017,5.8846],[101.8019,5.8829],[101.801,5.8809],[101.7999,5.8791],[101.7995,5.8775],[101.7995,5.8754],[101.7986,5.8734],[101.7977,5.8716],[101.7964,5.8709],[101.7954,5.8697],[101.7967,5.8678],[101.7976,5.8657],[101.799,5.8644],[101.8005,5.8632],[101.8011,5.8616],[101.8021,5.8597],[101.8029,5.8583],[101.804,5.8572],[101.8049,5.8556],[101.8053,5.854],[101.8056,5.8521],[101.8067,5.8508],[101.8079,5.8499],[101.8087,5.8479],[101.8098,5.8465],[101.8105,5.8449],[101.8093,5.8434],[101.8096,5.8422],[101.8096,5.8417],[101.811,5.8402],[101.8118,5.839],[101.8116,5.837],[101.8115,5.8351],[101.8108,5.833],[101.8115,5.8312],[101.8126,5.8297],[101.8138,5.8274],[101.8151,5.8263],[101.8163,5.825],[101.8167,5.8234],[101.8169,5.8213],[101.8182,5.8201],[101.8187,5.8183],[101.8187,5.8165],[101.8176,5.8155],[101.8167,5.814],[101.8158,5.8127],[101.8161,5.8109],[101.8168,5.8084],[101.8172,5.8065],[101.8176,5.8044],[101.8177,5.8029],[101.8167,5.8015],[101.8151,5.8027],[101.8137,5.8035],[101.812,5.8033],[101.8111,5.8021],[101.8094,5.8024],[101.8077,5.8025],[101.806,5.8017],[101.804,5.8022],[101.8029,5.8009],[101.8016,5.7997],[101.8009,5.7983],[101.801,5.7961],[101.8008,5.7946],[101.8008,5.7946],[101.8009,5.7925],[101.8013,5.791],[101.8034,5.7903],[101.8058,5.7897],[101.8074,5.7884],[101.8084,5.7869],[101.8094,5.7856],[101.8101,5.7842],[101.8107,5.7826],[101.8103,5.7807],[101.8103,5.779],[101.8117,5.7782],[101.8133,5.7773],[101.815,5.7767],[101.8166,5.7756],[101.8177,5.7746],[101.8188,5.7734],[101.82,5.7722],[101.821,5.7706],[101.8219,5.7691],[101.8231,5.7681],[101.8247,5.7669],[101.8252,5.7673],[101.8251,5.7673],[101.8251,5.7674],[101.8251,5.7674],[101.8251,5.7674],[101.8251,5.7674],[101.8251,5.7675],[101.8251,5.7675],[101.8251,5.7676],[101.8251,5.7676],[101.8251,5.7677],[101.8251,5.7677],[101.8251,5.7678],[101.8251,5.7678],[101.8252,5.7678],[101.8252,5.7678],[101.8252,5.7679],[101.8252,5.7679],[101.8254,5.7679],[101.8255,5.7679],[101.8256,5.7679],[101.8258,5.7679],[101.8258,5.768],[101.8259,5.768],[101.8259,5.768],[101.8259,5.768],[101.826,5.768],[101.826,5.768],[101.826,5.7681],[101.826,5.7681],[101.826,5.7681],[101.8261,5.7681],[101.8261,5.7682],[101.8261,5.7682],[101.8261,5.7683],[101.8261,5.7685],[101.8261,5.7685],[101.8261,5.7685],[101.8261,5.7685],[101.8261,5.7686],[101.8261,5.7686],[101.8262,5.7686],[101.8262,5.7687],[101.8263,5.7688],[101.8264,5.7689],[101.8265,5.769],[101.8266,5.769],[101.8266,5.7691],[101.8266,5.7691],[101.8267,5.7692],[101.8267,5.7692],[101.8267,5.7693],[101.8267,5.7693],[101.8268,5.7694],[101.8268,5.7695],[101.8268,5.7695],[101.8268,5.7695],[101.8268,5.7696],[101.8268,5.7696],[101.8268,5.7698],[101.8268,5.7701],[101.8268,5.7702],[101.8268,5.7704],[101.8269,5.7709],[101.8269,5.7712],[101.8269,5.7712],[101.8269,5.7713],[101.827,5.7715],[101.827,5.7716],[101.8271,5.7716],[101.8271,5.7717],[101.8272,5.7718],[101.8273,5.7719],[101.8274,5.7721],[101.8275,5.7721],[101.8275,5.7721],[101.8276,5.7722],[101.8277,5.7722],[101.8277,5.7722],[101.8278,5.7723],[101.8279,5.7723],[101.828,5.7724],[101.828,5.7724],[101.828,5.7724],[101.8282,5.7725],[101.8283,5.7726],[101.8283,5.7726],[101.8284,5.7726],[101.8284,5.7727],[101.8285,5.7727],[101.8285,5.7728],[101.8285,5.7729],[101.8286,5.773],[101.8286,5.7731],[101.8286,5.7731],[101.8286,5.7731],[101.8286,5.7733],[101.8286,5.7734],[101.8286,5.7734],[101.8286,5.7734],[101.8286,5.7735],[101.8287,5.7737],[101.8288,5.7739],[101.8288,5.774],[101.829,5.7742],[101.8291,5.7743],[101.8292,5.7747],[101.8295,5.7753],[101.8297,5.7758],[101.8299,5.7761],[101.83,5.7763],[101.83,5.7763],[101.83,5.7764],[101.83,5.7764],[101.8301,5.7764],[101.8301,5.7765],[101.8301,5.7765],[101.8302,5.7765],[101.8302,5.7765],[101.8302,5.7765],[101.8304,5.7765],[101.8307,5.7765],[101.8308,5.7765],[101.8308,5.7765],[101.8309,5.7765],[101.8309,5.7765],[101.8309,5.7765],[101.8309,5.7765],[101.8309,5.7765],[101.831,5.7765],[101.831,5.7766],[101.831,5.7766],[101.8311,5.7767],[101.8312,5.7769],[101.8313,5.7773],[101.8315,5.7778],[101.8316,5.7779],[101.8317,5.7781],[101.8317,5.7782],[101.8319,5.7784],[101.832,5.7785],[101.832,5.7785],[101.832,5.7785],[101.832,5.7785],[101.8322,5.7786],[101.8322,5.7786],[101.8323,5.7787],[101.8323,5.7787],[101.8323,5.7788],[101.8324,5.7788],[101.8324,5.7788],[101.8324,5.7788],[101.8324,5.779],[101.8324,5.7791],[101.8324,5.7792],[101.8325,5.7794],[101.8325,5.7794],[101.8325,5.7795],[101.8324,5.7797],[101.8324,5.7799],[101.8323,5.78],[101.8322,5.7803],[101.8322,5.7804],[101.8322,5.7804],[101.8322,5.7805],[101.8322,5.7805],[101.8322,5.7805],[101.8322,5.7806],[101.8322,5.7806],[101.8322,5.7807],[101.8322,5.7807],[101.8323,5.7807],[101.8323,5.7807],[101.8323,5.7808],[101.8324,5.7808],[101.8324,5.7808],[101.8324,5.7808],[101.8325,5.7808],[101.8327,5.7808],[101.8329,5.7808],[101.833,5.7809],[101.833,5.7809],[101.8331,5.7809],[101.8331,5.7809],[101.8331,5.7809],[101.8332,5.781],[101.8333,5.7812],[101.8333,5.7812],[101.8334,5.7815],[101.8335,5.7815],[101.8335,5.7817],[101.8336,5.782],[101.8337,5.7822],[101.8338,5.7825],[101.8338,5.7826],[101.8341,5.7831],[101.8344,5.7837],[101.8346,5.7841],[101.8347,5.7844],[101.8348,5.7845],[101.835,5.7849],[101.8351,5.7851],[101.8352,5.7852],[101.8356,5.7858],[101.8357,5.786],[101.8358,5.7861],[101.8358,5.7861],[101.8358,5.7862],[101.8359,5.7862],[101.8359,5.7862],[101.836,5.7863],[101.8361,5.7863],[101.8361,5.7864],[101.8362,5.7864],[101.8362,5.7864],[101.8362,5.7864],[101.8362,5.7865],[101.8363,5.7866],[101.8363,5.7866],[101.8364,5.7867],[101.8364,5.7867],[101.8364,5.7868],[101.8364,5.7868],[101.8363,5.787],[101.8363,5.787],[101.8363,5.787],[101.8363,5.787],[101.8362,5.7872],[101.8361,5.7873],[101.8361,5.7875],[101.8361,5.7875],[101.8361,5.7876],[101.8361,5.7876],[101.8361,5.7877],[101.8361,5.7877],[101.8361,5.7878],[101.8361,5.7879],[101.8361,5.788],[101.8362,5.7883],[101.8363,5.7887],[101.8363,5.789],[101.8363,5.789],[101.8363,5.7893],[101.8363,5.7894],[101.8363,5.7894],[101.8364,5.7894],[101.8364,5.7895],[101.8365,5.7896],[101.8367,5.7896],[101.8368,5.7897],[101.8368,5.7897],[101.8369,5.7897],[101.8369,5.7897],[101.837,5.7898],[101.837,5.7898],[101.8371,5.7898],[101.8372,5.7898],[101.8373,5.7898],[101.8374,5.7898],[101.8375,5.7897],[101.8375,5.7897],[101.8376,5.7897],[101.8376,5.7897],[101.8377,5.7896],[101.8377,5.7896],[101.8378,5.7895],[101.8378,5.7895],[101.8379,5.7895],[101.8379,5.7895],[101.8379,5.7895],[101.838,5.7895],[101.838,5.7895],[101.838,5.7895],[101.8381,5.7895],[101.8381,5.7895],[101.8381,5.7895],[101.8381,5.7895],[101.8382,5.7896],[101.8382,5.7896],[101.8384,5.7898],[101.8386,5.79],[101.8387,5.7901],[101.8388,5.7901],[101.8388,5.7902],[101.8389,5.7902],[101.8389,5.7902],[101.8389,5.7902],[101.839,5.7902],[101.839,5.7902],[101.839,5.7902],[101.839,5.7902],[101.8391,5.7902],[101.8391,5.7902],[101.8391,5.7902],[101.8391,5.7902],[101.8393,5.7902],[101.8393,5.7902],[101.8393,5.7902],[101.8393,5.7902],[101.8394,5.7902],[101.8394,5.7903],[101.8394,5.7903],[101.8395,5.7904],[101.8395,5.7904],[101.8396,5.7905],[101.8396,5.7905],[101.8396,5.7906],[101.8397,5.7907],[101.8397,5.7909],[101.8397,5.791],[101.8398,5.791],[101.8398,5.7911],[101.8398,5.7911],[101.8399,5.7912],[101.8399,5.7912],[101.8399,5.7912],[101.8399,5.7912],[101.84,5.7912],[101.84,5.7912],[101.84,5.7912],[101.84,5.7912],[101.84,5.7912],[101.84,5.7912],[101.8401,5.7912],[101.8401,5.7912],[101.8402,5.7911],[101.8402,5.7911],[101.8402,5.791],[101.8403,5.7909],[101.8403,5.7909],[101.8403,5.7909],[101.8403,5.7909],[101.8403,5.7908],[101.8403,5.7908],[101.8403,5.7906],[101.8403,5.7905],[101.8403,5.7904],[101.8403,5.7904],[101.8403,5.7904],[101.8404,5.7903],[101.8404,5.7903],[101.8404,5.7903],[101.8404,5.7903],[101.8404,5.7903],[101.8405,5.7903],[101.8405,5.7903],[101.8405,5.7903],[101.8406,5.7902],[101.8406,5.7902],[101.8407,5.7902],[101.8407,5.7902],[101.8407,5.7903],[101.8408,5.7903],[101.8408,5.7903],[101.841,5.7903],[101.841,5.7904],[101.8411,5.7904],[101.8411,5.7904],[101.8412,5.7905],[101.8413,5.7905],[101.8414,5.7906],[101.8414,5.7906],[101.8415,5.7907],[101.8415,5.7907],[101.8418,5.7909],[101.8419,5.7911],[101.842,5.7912],[101.842,5.7912],[101.842,5.7912],[101.8421,5.7913],[101.8421,5.7913],[101.8421,5.7913],[101.8421,5.7913],[101.8421,5.7913],[101.8422,5.7913],[101.8422,5.7913],[101.8423,5.7913],[101.8424,5.7913],[101.8424,5.7913],[101.8426,5.7912],[101.8427,5.7912],[101.8427,5.7912],[101.8427,5.7912],[101.8428,5.7911],[101.8428,5.7911],[101.8429,5.7911],[101.8429,5.7911],[101.8429,5.7911],[101.8429,5.7911],[101.843,5.791],[101.843,5.791],[101.8431,5.791],[101.8431,5.7909],[101.8432,5.7909],[101.8432,5.7909],[101.8432,5.7908],[101.8432,5.7908],[101.8432,5.7908],[101.8433,5.7908],[101.8433,5.7907],[101.8434,5.7907],[101.8435,5.7906],[101.8435,5.7906],[101.8435,5.7905],[101.8436,5.7905],[101.8436,5.7904],[101.8436,5.7904],[101.8436,5.7903],[101.8435,5.7903],[101.8435,5.7901],[101.8435,5.7901],[101.8435,5.7901],[101.8435,5.79],[101.8434,5.79],[101.8433,5.7899],[101.8433,5.7898],[101.8432,5.7897],[101.8432,5.7897],[101.8432,5.7897],[101.8432,5.7896],[101.8432,5.7896],[101.8432,5.7896],[101.8432,5.7895],[101.8432,5.7895],[101.8433,5.7895],[101.8433,5.7894],[101.8433,5.7894],[101.8433,5.7894],[101.8434,5.7894],[101.8434,5.7894],[101.8434,5.7894],[101.8434,5.7893],[101.8435,5.7893],[101.8435,5.7893],[101.8436,5.7893],[101.8436,5.7893],[101.8437,5.7893],[101.8438,5.7893],[101.8438,5.7893],[101.8439,5.7893],[101.844,5.7894],[101.844,5.7894],[101.844,5.7894],[101.8441,5.7894],[101.8441,5.7894],[101.8441,5.7894],[101.8441,5.7894],[101.8441,5.7894],[101.8442,5.7895],[101.8442,5.7895],[101.8442,5.7895],[101.8442,5.7895],[101.8442,5.7896],[101.8442,5.7896],[101.844,5.7898],[101.844,5.7898],[101.844,5.7899],[101.844,5.79],[101.8439,5.79],[101.8439,5.7901],[101.8439,5.7901],[101.8439,5.7901],[101.844,5.7902],[101.844,5.7903],[101.844,5.7904],[101.844,5.7904],[101.844,5.7905],[101.844,5.7905],[101.844,5.7905],[101.8441,5.7905],[101.8441,5.7906],[101.8441,5.7906],[101.8441,5.7906],[101.8441,5.7906],[101.8442,5.7906],[101.8442,5.7906],[101.8443,5.7906],[101.8444,5.7906],[101.8444,5.7906],[101.8444,5.7906],[101.8445,5.7906],[101.8445,5.7906],[101.8446,5.7906],[101.8447,5.7905],[101.8449,5.7904],[101.8449,5.7904],[101.845,5.7904],[101.845,5.7904],[101.845,5.7903],[101.8451,5.7903],[101.8451,5.7903],[101.8453,5.7903],[101.8456,5.7903],[101.8456,5.7903],[101.8456,5.7903],[101.8456,5.7903],[101.8456,5.7903],[101.8456,5.7904],[101.8458,5.7906],[101.8458,5.7906],[101.8459,5.7906],[101.8459,5.7906],[101.8459,5.7907],[101.8464,5.7909],[101.8466,5.7909],[101.8471,5.7911],[101.8478,5.7912],[101.8483,5.7913],[101.8489,5.7914],[101.8494,5.7914],[101.8498,5.7914],[101.8506,5.7913],[101.8511,5.7913],[101.8515,5.7913],[101.8516,5.7913],[101.8518,5.7914],[101.8519,5.7914],[101.8521,5.7915],[101.8524,5.7916],[101.8525,5.7917],[101.8526,5.7917],[101.8527,5.7917],[101.8531,5.7916],[101.8535,5.7916],[101.8544,5.7916],[101.855,5.7916],[101.8553,5.7916],[101.8555,5.7916],[101.8556,5.7916],[101.8557,5.7916],[101.8557,5.7916],[101.8558,5.7917],[101.8559,5.7918],[101.8559,5.7918],[101.856,5.7919],[101.856,5.792],[101.8561,5.7922],[101.8561,5.7923],[101.8561,5.7924],[101.856,5.7929],[101.8559,5.7934],[101.8559,5.7935],[101.856,5.7938],[101.856,5.7939],[101.8561,5.7941],[101.8561,5.7941],[101.8562,5.7942],[101.8564,5.7943],[101.8564,5.7943],[101.8568,5.7944],[101.8569,5.7944],[101.857,5.7945],[101.8571,5.7945],[101.8573,5.7944],[101.8573,5.7944],[101.8574,5.7944],[101.8574,5.7943],[101.8575,5.7943],[101.8575,5.7942],[101.8575,5.7942],[101.8576,5.794],[101.8576,5.7937],[101.8576,5.7932],[101.8576,5.793],[101.8576,5.7929],[101.8576,5.7928],[101.8577,5.7927],[101.8577,5.7927],[101.8578,5.7926],[101.8579,5.7925],[101.8579,5.7925],[101.858,5.7924],[101.858,5.7924],[101.8581,5.7924],[101.8581,5.7924],[101.8581,5.7924],[101.8582,5.7924],[101.8584,5.7924],[101.8585,5.7924],[101.8587,5.7925],[101.8588,5.7925],[101.8591,5.7926],[101.8593,5.7927],[101.8593,5.7927],[101.8593,5.7928],[101.8594,5.7928],[101.8594,5.7928],[101.8595,5.7928],[101.8595,5.7928],[101.8595,5.7927],[101.8596,5.7927],[101.8599,5.7926],[101.8602,5.7924],[101.8609,5.7922],[101.8615,5.7921],[101.862,5.7919],[101.8626,5.7917],[101.863,5.7916],[101.8638,5.7915],[101.8641,5.7915],[101.8649,5.7915],[101.8652,5.7915],[101.8653,5.7915],[101.8654,5.7915],[101.8655,5.7914],[101.8655,5.7914],[101.8658,5.7913],[101.8658,5.7913],[101.8659,5.7913],[101.8662,5.7913],[101.8662,5.7913],[101.8663,5.7913],[101.8664,5.7913],[101.8664,5.7914],[101.8666,5.7914],[101.8666,5.7914],[101.8667,5.7915],[101.8668,5.7916],[101.8669,5.7916],[101.867,5.7917],[101.867,5.7918],[101.8671,5.7918],[101.8671,5.7918],[101.8672,5.7919],[101.8672,5.792],[101.8672,5.792],[101.8672,5.7921],[101.8672,5.7921],[101.8673,5.7923],[101.8673,5.7925],[101.8673,5.7925],[101.8673,5.7926],[101.8673,5.7926],[101.8674,5.7928],[101.8674,5.793],[101.8675,5.793],[101.8675,5.7931],[101.8675,5.7932],[101.8675,5.7932],[101.8675,5.7933],[101.8675,5.7933],[101.8675,5.7934],[101.8675,5.7935],[101.8675,5.7935],[101.8674,5.7936],[101.8674,5.7936],[101.8674,5.7936],[101.8673,5.7936],[101.8673,5.7937],[101.8672,5.7937],[101.8672,5.7937],[101.8671,5.7937],[101.8671,5.7938],[101.8669,5.7938],[101.8669,5.7938],[101.8668,5.7938],[101.8662,5.7941],[101.8662,5.7942],[101.8661,5.7942],[101.866,5.7945],[101.8658,5.7947],[101.8658,5.7948],[101.8658,5.7948],[101.8657,5.7949],[101.8657,5.7949],[101.8656,5.795],[101.8656,5.795],[101.8656,5.795],[101.8655,5.795],[101.8655,5.795],[101.8655,5.795],[101.8655,5.795],[101.8654,5.795],[101.8654,5.795],[101.8654,5.795],[101.8653,5.7949],[101.8653,5.7949],[101.8653,5.7948],[101.8652,5.7948],[101.8652,5.7947],[101.8652,5.7947],[101.8652,5.7944],[101.8652,5.7943],[101.8652,5.7943],[101.8652,5.7942],[101.8652,5.7942],[101.8652,5.7942],[101.8652,5.7939],[101.8651,5.7938],[101.8651,5.7938],[101.8651,5.7938],[101.8651,5.7937],[101.8651,5.7937],[101.865,5.7937],[101.865,5.7937],[101.865,5.7936],[101.8649,5.7936],[101.8649,5.7936],[101.8649,5.7936],[101.8649,5.7936],[101.8648,5.7936],[101.8647,5.7937],[101.8647,5.7937],[101.8646,5.7937],[101.8646,5.7937],[101.8645,5.7937],[101.8645,5.7937],[101.8645,5.7938],[101.8644,5.7938],[101.8644,5.7939],[101.8644,5.7939],[101.8643,5.7941],[101.8642,5.7943],[101.8642,5.7943],[101.8642,5.7945],[101.8641,5.7953],[101.8641,5.7956],[101.864,5.796],[101.864,5.796],[101.864,5.7964],[101.864,5.797],[101.864,5.7971],[101.864,5.7972],[101.8639,5.7978],[101.8639,5.7979],[101.8639,5.7979],[101.8639,5.798],[101.8639,5.7981],[101.8639,5.7981],[101.864,5.7982],[101.864,5.7983],[101.8639,5.7984],[101.8639,5.7985],[101.8638,5.7988],[101.8637,5.7989],[101.8636,5.799],[101.8635,5.799],[101.8634,5.7991],[101.8634,5.7991],[101.8633,5.7991],[101.8632,5.7991],[101.8632,5.7991],[101.863,5.799],[101.8626,5.799],[101.8626,5.799],[101.8625,5.799],[101.8625,5.799],[101.8624,5.7991],[101.8623,5.7993],[101.8621,5.7995],[101.862,5.7996],[101.8619,5.7996],[101.8619,5.7996],[101.8619,5.7996],[101.8618,5.7996],[101.8618,5.7996],[101.8617,5.7996],[101.8617,5.7996],[101.8616,5.7996],[101.8615,5.7996],[101.8615,5.7996],[101.8615,5.7995],[101.8614,5.7995],[101.8614,5.7995],[101.8613,5.7994],[101.8613,5.7994],[101.8613,5.7993],[101.8613,5.7993],[101.8612,5.7992],[101.8612,5.799],[101.8612,5.7989],[101.8612,5.7989],[101.8612,5.7989],[101.8612,5.7989],[101.8611,5.7988],[101.8611,5.7988],[101.8611,5.7988],[101.861,5.7987],[101.8609,5.7987],[101.8609,5.7987],[101.8609,5.7987],[101.8608,5.7987],[101.8608,5.7987],[101.8607,5.7987],[101.8607,5.7987],[101.8607,5.7987],[101.8607,5.7988],[101.8606,5.7988],[101.8606,5.7989],[101.8606,5.7991],[101.8607,5.7993],[101.8607,5.7994],[101.8608,5.7998],[101.8609,5.8003],[101.8609,5.8003],[101.8609,5.8003],[101.861,5.8004],[101.8611,5.8006],[101.8614,5.8009],[101.8616,5.8011],[101.8616,5.8012],[101.8617,5.8012],[101.8617,5.8013],[101.8617,5.8016],[101.8617,5.8017],[101.8618,5.8018],[101.8618,5.8018],[101.8618,5.8019],[101.8619,5.8019],[101.862,5.802],[101.862,5.802],[101.862,5.802],[101.8623,5.802],[101.8623,5.802],[101.8624,5.8021],[101.863,5.8023],[101.863,5.8023],[101.8631,5.8024],[101.8633,5.8026],[101.8634,5.8027],[101.8635,5.8027],[101.8635,5.8028],[101.8635,5.8028],[101.8636,5.8031],[101.8636,5.8031],[101.8637,5.8032],[101.8637,5.8033],[101.8638,5.8033],[101.8638,5.8033],[101.8639,5.8034],[101.8639,5.8034],[101.864,5.8034],[101.864,5.8034],[101.864,5.8035],[101.8641,5.8035],[101.8641,5.8034],[101.8642,5.8034],[101.8643,5.8034],[101.8643,5.8034],[101.8644,5.8034],[101.8648,5.8032],[101.8648,5.8031],[101.8649,5.8031],[101.8649,5.8031],[101.865,5.8031],[101.8651,5.8031],[101.8652,5.8031],[101.8653,5.8031],[101.8654,5.8031],[101.8654,5.8031],[101.8655,5.8031],[101.8655,5.8032],[101.8656,5.8032],[101.8658,5.8033],[101.8658,5.8033],[101.8658,5.8033],[101.8658,5.8033],[101.8659,5.8034],[101.8659,5.8035],[101.8661,5.8039],[101.8662,5.8039],[101.8662,5.804],[101.8662,5.804],[101.8663,5.804],[101.8664,5.8041],[101.8664,5.8041],[101.8664,5.8041],[101.8665,5.8041],[101.8665,5.8041],[101.8666,5.8041],[101.8666,5.8041],[101.8667,5.8041],[101.8667,5.8041],[101.8668,5.8041],[101.8668,5.8041],[101.8669,5.804],[101.8669,5.804],[101.8669,5.804],[101.867,5.8039],[101.867,5.8038],[101.867,5.8038],[101.867,5.8036],[101.867,5.8035],[101.867,5.8033],[101.867,5.8031],[101.867,5.8029],[101.867,5.8029],[101.867,5.8029],[101.867,5.8029],[101.867,5.8028],[101.8671,5.8028],[101.8671,5.8027],[101.8672,5.8026],[101.8673,5.8026],[101.8674,5.8026],[101.8674,5.8026],[101.8674,5.8026],[101.8675,5.8026],[101.8676,5.8025],[101.8677,5.8025],[101.868,5.8026],[101.868,5.8026],[101.8681,5.8026],[101.8681,5.8026],[101.8681,5.8026],[101.8682,5.8026],[101.8682,5.8026],[101.8683,5.8027],[101.8683,5.8027],[101.8684,5.8027],[101.8684,5.8027],[101.8684,5.8028],[101.8684,5.8029],[101.8684,5.8029],[101.8684,5.8029],[101.8684,5.8029],[101.8684,5.803],[101.8684,5.8031],[101.8684,5.8031],[101.8684,5.8031],[101.8684,5.8032],[101.8684,5.8032],[101.8684,5.8033],[101.8684,5.8033],[101.8684,5.8034],[101.8684,5.8035],[101.8685,5.8037],[101.8685,5.8038],[101.8687,5.8039],[101.8687,5.8039],[101.8689,5.804],[101.8689,5.8041],[101.869,5.8041],[101.869,5.8042],[101.8691,5.8043],[101.8693,5.8047],[101.8694,5.8049],[101.8695,5.8049],[101.8695,5.8049],[101.8695,5.805],[101.8696,5.805],[101.8696,5.805],[101.8697,5.805],[101.8697,5.805],[101.8698,5.8051],[101.8698,5.8051],[101.87,5.8051],[101.8701,5.8051],[101.8702,5.8051],[101.8703,5.8051],[101.8706,5.805],[101.8706,5.805],[101.8706,5.805],[101.8707,5.805],[101.871,5.805],[101.871,5.805],[101.8711,5.805],[101.8711,5.805],[101.8711,5.805],[101.8712,5.805],[101.8712,5.8049],[101.8712,5.8049],[101.8713,5.8049],[101.8713,5.8049],[101.8715,5.8047],[101.8716,5.8047],[101.8717,5.8046],[101.8717,5.8045],[101.8718,5.8045],[101.8718,5.8044],[101.8719,5.8043],[101.872,5.8041],[101.872,5.8041],[101.8722,5.804],[101.8723,5.8039],[101.8723,5.8039],[101.8724,5.8039],[101.8726,5.8038],[101.8726,5.8038],[101.8727,5.8038],[101.8727,5.8038],[101.8729,5.8038],[101.873,5.8038],[101.8735,5.8038],[101.8736,5.8037],[101.8737,5.8037],[101.8738,5.8037],[101.8738,5.8037],[101.8738,5.8038],[101.8739,5.8038],[101.8739,5.8038],[101.8739,5.8038],[101.8739,5.8038],[101.874,5.8038],[101.874,5.8039],[101.874,5.8039],[101.874,5.8039],[101.8741,5.8039],[101.8741,5.804],[101.8741,5.804],[101.8741,5.804],[101.8741,5.8042],[101.8741,5.8043],[101.8741,5.8044],[101.8741,5.8046],[101.8741,5.8046],[101.8741,5.8046],[101.8741,5.8047],[101.8741,5.8047],[101.8742,5.8047],[101.8742,5.8048],[101.8742,5.8048],[101.8742,5.8048],[101.8743,5.8048],[101.8743,5.8048],[101.8744,5.8048],[101.8745,5.8048],[101.8745,5.8048],[101.8746,5.8047],[101.8746,5.8047],[101.8747,5.8047],[101.8747,5.8047],[101.8748,5.8046],[101.8748,5.8046],[101.8748,5.8046],[101.8748,5.8046],[101.8749,5.8046],[101.8749,5.8046],[101.875,5.8046],[101.875,5.8046],[101.875,5.8046],[101.8751,5.8046],[101.8751,5.8047],[101.8752,5.8047],[101.8753,5.8048],[101.8753,5.8049],[101.8753,5.8049],[101.8754,5.805],[101.8754,5.8051],[101.8754,5.8051],[101.8754,5.8052],[101.8755,5.8052],[101.8755,5.8052],[101.8755,5.8052],[101.8756,5.8053],[101.8756,5.8053],[101.8756,5.8053],[101.8756,5.8053],[101.8757,5.8053],[101.8757,5.8053],[101.8758,5.8053],[101.8759,5.8053],[101.8759,5.8053],[101.8759,5.8053],[101.876,5.8054],[101.876,5.8054],[101.876,5.8054],[101.8761,5.8055],[101.8761,5.8055],[101.8762,5.8056],[101.8762,5.8056],[101.8762,5.8057],[101.8762,5.8058],[101.8761,5.806],[101.8761,5.8061],[101.8761,5.8061],[101.8761,5.8062],[101.8758,5.8067],[101.8757,5.8068],[101.8757,5.8068],[101.8757,5.8069],[101.8757,5.807],[101.8757,5.8071],[101.8757,5.8072],[101.8758,5.8072],[101.8758,5.8072],[101.8758,5.8072],[101.8758,5.8073],[101.8758,5.8073],[101.8758,5.8073],[101.8759,5.8073],[101.8759,5.8073],[101.876,5.8073],[101.876,5.8073],[101.8761,5.8073],[101.8761,5.8073],[101.8761,5.8073],[101.8762,5.8072],[101.8762,5.8072],[101.8762,5.8072],[101.8763,5.8071],[101.8764,5.807],[101.8765,5.807],[101.8766,5.8067],[101.8767,5.8067],[101.8767,5.8066],[101.8768,5.8066],[101.8769,5.8065],[101.877,5.8065],[101.877,5.8065],[101.8771,5.8065],[101.8771,5.8065],[101.8771,5.8065],[101.8772,5.8065],[101.8772,5.8065],[101.8772,5.8065],[101.8772,5.8065],[101.8773,5.8066],[101.8773,5.8066],[101.8773,5.8066],[101.8773,5.8067],[101.8773,5.8067],[101.8773,5.8067],[101.8773,5.8067],[101.8773,5.8068],[101.8773,5.8068],[101.8773,5.8068],[101.8772,5.807],[101.8771,5.8072],[101.8771,5.8072],[101.877,5.8073],[101.8768,5.8075],[101.8767,5.8076],[101.8767,5.8077],[101.8767,5.8077],[101.8766,5.808],[101.8766,5.8081],[101.8766,5.8081],[101.8766,5.8083],[101.8766,5.8084],[101.8766,5.8084],[101.8766,5.8085],[101.8767,5.8085],[101.8767,5.8085],[101.8767,5.8086],[101.8768,5.8086],[101.8768,5.8087],[101.877,5.8088],[101.877,5.8088],[101.8773,5.809],[101.8773,5.8091],[101.8775,5.8093],[101.8775,5.8094],[101.8777,5.8099],[101.8777,5.8099],[101.8777,5.81],[101.8777,5.81],[101.8778,5.81],[101.8778,5.8101],[101.8779,5.8101],[101.8779,5.8101],[101.878,5.8101],[101.8781,5.8101],[101.8781,5.8101],[101.8782,5.8101],[101.8782,5.8101],[101.8783,5.8101],[101.8783,5.8101],[101.8783,5.81],[101.8785,5.8099],[101.8786,5.8097],[101.879,5.8095],[101.879,5.8094],[101.8791,5.8094],[101.8791,5.8094],[101.8792,5.8093],[101.8792,5.8093],[101.8793,5.8093],[101.8794,5.8093],[101.8794,5.8093],[101.8795,5.8093],[101.8795,5.8094],[101.8796,5.8094],[101.8797,5.8095],[101.8798,5.8095],[101.8798,5.8095],[101.8799,5.8096],[101.8799,5.8096],[101.88,5.8097],[101.88,5.8098],[101.8801,5.8098],[101.8801,5.8099],[101.8802,5.8102],[101.8802,5.8104],[101.8803,5.8106],[101.8803,5.811],[101.8803,5.8116],[101.8802,5.812],[101.8802,5.8121],[101.8799,5.8126],[101.8799,5.8127],[101.8799,5.8127],[101.8798,5.8128],[101.8792,5.8131],[101.8791,5.8132],[101.8791,5.8132],[101.879,5.8134],[101.8789,5.8135],[101.8789,5.8136],[101.8789,5.8138],[101.879,5.8141],[101.879,5.8143],[101.8791,5.8145],[101.8791,5.8146],[101.8791,5.8147],[101.8792,5.8148],[101.8795,5.8153],[101.8796,5.8156],[101.8796,5.8157],[101.8797,5.8157],[101.8797,5.8158],[101.8797,5.8159],[101.8797,5.8161],[101.8797,5.8163],[101.8796,5.8165],[101.8795,5.8167],[101.8794,5.817],[101.8792,5.8175],[101.8789,5.818],[101.8785,5.8186],[101.8781,5.819],[101.8778,5.8193],[101.8778,5.8193],[101.8777,5.8194],[101.8775,5.8195],[101.8774,5.8195],[101.8773,5.8195],[101.8772,5.8195],[101.8772,5.8195],[101.8771,5.8196],[101.877,5.8197],[101.877,5.8198],[101.8769,5.82],[101.8769,5.8202],[101.8769,5.8203],[101.8769,5.8204],[101.8769,5.8205],[101.877,5.8206],[101.8772,5.8211],[101.8774,5.8215],[101.8777,5.822],[101.8779,5.8224],[101.8781,5.8228],[101.8781,5.8229],[101.8783,5.8231],[101.8783,5.8232],[101.8783,5.8234],[101.8783,5.8236],[101.8784,5.824],[101.8783,5.8247],[101.8783,5.8248],[101.8783,5.8249],[101.8784,5.8254],[101.8786,5.8263],[101.8788,5.8274],[101.879,5.8282],[101.8791,5.8284],[101.8791,5.8287],[101.8791,5.8289],[101.8792,5.8292],[101.8794,5.8295],[101.8794,5.8298],[101.8796,5.8302],[101.8799,5.8312],[101.8799,5.8313],[101.8799,5.8314],[101.88,5.8319],[101.88,5.832],[101.88,5.8321],[101.88,5.8321],[101.8801,5.8323],[101.8801,5.8324],[101.8802,5.8324],[101.8802,5.8325],[101.8803,5.8326],[101.8804,5.8326],[101.8806,5.8327],[101.8806,5.8327],[101.8808,5.8328],[101.881,5.8329],[101.8811,5.833],[101.8812,5.833],[101.8812,5.833],[101.8813,5.833],[101.8817,5.8331],[101.8822,5.8332],[101.8827,5.8333],[101.8828,5.8334],[101.8829,5.8334],[101.8836,5.8339],[101.8843,5.8345],[101.8848,5.835],[101.8849,5.835],[101.8849,5.8351],[101.8849,5.8351],[101.8849,5.8351],[101.885,5.8353],[101.885,5.8354],[101.885,5.8355],[101.8849,5.8356],[101.8849,5.8358],[101.8849,5.8358],[101.8846,5.8361],[101.8842,5.8367],[101.8841,5.8369],[101.8841,5.8372],[101.8841,5.8372],[101.8841,5.8373],[101.8841,5.8375],[101.8841,5.8376],[101.8841,5.8377],[101.8842,5.8377],[101.8843,5.8378],[101.8843,5.8379],[101.8843,5.8379],[101.8844,5.8379],[101.8848,5.8381],[101.8853,5.8384],[101.8856,5.8384],[101.8857,5.8385],[101.8858,5.8386],[101.8863,5.8389],[101.8865,5.839],[101.8867,5.8391],[101.8867,5.8391],[101.8868,5.8392],[101.8869,5.8392],[101.8869,5.8392],[101.887,5.8391],[101.887,5.8391],[101.8873,5.839],[101.8874,5.8389],[101.8875,5.8389],[101.8876,5.8388],[101.8876,5.8388],[101.8877,5.8388],[101.8877,5.8387],[101.8881,5.8384],[101.8885,5.8379],[101.8886,5.8379],[101.8887,5.8378],[101.8889,5.8377],[101.889,5.8376],[101.8891,5.8376],[101.8892,5.8375],[101.8892,5.8375],[101.8893,5.8375],[101.8895,5.8375],[101.8895,5.8375],[101.8897,5.8375],[101.8901,5.8376],[101.8905,5.8378],[101.8907,5.8379],[101.8911,5.838],[101.8912,5.838],[101.8914,5.8381],[101.8915,5.8381],[101.8916,5.8381],[101.8916,5.8381],[101.8918,5.8382],[101.8918,5.8382],[101.8919,5.8383],[101.8921,5.8386],[101.8922,5.8388],[101.8923,5.839],[101.8923,5.8391],[101.8925,5.8397],[101.8926,5.84],[101.8926,5.8402],[101.8927,5.8406],[101.8928,5.841],[101.893,5.8414],[101.8931,5.8416],[101.8932,5.8418],[101.8935,5.8422],[101.8939,5.8426],[101.8941,5.8428],[101.8947,5.8432],[101.895,5.8433],[101.8952,5.8434],[101.8952,5.8435],[101.8953,5.8436],[101.8954,5.8438],[101.8954,5.8439],[101.8954,5.8439],[101.8954,5.8443],[101.8954,5.8446],[101.8954,5.8449],[101.8953,5.8451],[101.8953,5.8455],[101.8953,5.8455],[101.8953,5.8456],[101.8954,5.8456],[101.8954,5.8457],[101.8954,5.8457],[101.8955,5.8457],[101.8955,5.8457],[101.8955,5.8458],[101.8956,5.8458],[101.8957,5.8458],[101.8959,5.8458],[101.896,5.8458],[101.8961,5.8458],[101.8962,5.8458],[101.8962,5.8458],[101.8964,5.8457],[101.8964,5.8457],[101.8965,5.8456],[101.8967,5.8456],[101.8967,5.8455],[101.8968,5.8454],[101.8969,5.8454],[101.897,5.8452],[101.897,5.8451],[101.8971,5.845],[101.8971,5.8449],[101.8971,5.8446],[101.897,5.8443],[101.897,5.8441],[101.8967,5.8435],[101.8967,5.8434],[101.8967,5.8434],[101.8967,5.8433],[101.8967,5.8433],[101.8968,5.8432],[101.8969,5.843],[101.8969,5.843],[101.897,5.8429],[101.897,5.8429],[101.8972,5.8429],[101.8972,5.8428],[101.8974,5.8428],[101.8976,5.8427],[101.8977,5.8427],[101.8978,5.8427],[101.898,5.8427],[101.8981,5.8428],[101.8983,5.8428],[101.8984,5.8429],[101.8985,5.8429],[101.8988,5.8432],[101.8988,5.8433],[101.899,5.8437],[101.8991,5.8439],[101.8993,5.8442],[101.8993,5.8442],[101.8994,5.8442],[101.8995,5.8443],[101.8995,5.8443],[101.8996,5.8443],[101.8997,5.8443],[101.8998,5.8443],[101.8998,5.8443],[101.9,5.8442],[101.9003,5.844],[101.9004,5.844],[101.9006,5.8438],[101.9006,5.8437],[101.9007,5.8435],[101.9007,5.8435],[101.9009,5.8428],[101.9009,5.8427],[101.9009,5.8427],[101.901,5.8426],[101.9011,5.8425],[101.9012,5.8424],[101.9013,5.8424],[101.9013,5.8424],[101.9014,5.8424],[101.9015,5.8424],[101.9016,5.8423],[101.9018,5.8424],[101.9021,5.8424],[101.9028,5.8426],[101.903,5.8426],[101.9033,5.8427],[101.9035,5.8428],[101.9037,5.8428],[101.904,5.8428],[101.904,5.8428],[101.9041,5.8428],[101.9042,5.8427],[101.9043,5.8427],[101.9044,5.8426],[101.9046,5.8425],[101.9047,5.8424],[101.9047,5.8423],[101.9048,5.8422],[101.9049,5.842],[101.9051,5.8416],[101.9052,5.8414],[101.9053,5.8413],[101.9055,5.8412],[101.9057,5.8412],[101.9058,5.8411],[101.906,5.8411],[101.9062,5.8412],[101.9063,5.8412],[101.9066,5.8414],[101.9071,5.8415],[101.9074,5.8416],[101.9076,5.8416],[101.9079,5.8416],[101.9083,5.8416],[101.9088,5.8416],[101.9092,5.8417],[101.9094,5.8417],[101.9096,5.8418],[101.9101,5.8421],[101.9102,5.8421],[101.9104,5.8422],[101.9105,5.8422],[101.9111,5.8422],[101.9113,5.8422],[101.9113,5.8421],[101.9116,5.8421],[101.9118,5.8421],[101.9126,5.8421],[101.9129,5.8421],[101.913,5.8421],[101.9132,5.8422],[101.9137,5.8423],[101.9137,5.8424],[101.914,5.8426],[101.9142,5.8427],[101.9145,5.8429],[101.9147,5.843],[101.915,5.843],[101.9151,5.843],[101.9153,5.843],[101.9155,5.843],[101.9158,5.843],[101.9159,5.8429],[101.9161,5.8429],[101.9163,5.8428],[101.9165,5.8428],[101.9166,5.8428],[101.9167,5.8428],[101.917,5.8429],[101.9171,5.8429],[101.9171,5.8429],[101.9172,5.843],[101.9173,5.843],[101.9173,5.8431],[101.9174,5.8432],[101.9174,5.8432],[101.9175,5.8434],[101.9176,5.8436],[101.9176,5.8438],[101.9176,5.8439],[101.9175,5.844],[101.9172,5.8447],[101.9169,5.8453],[101.9169,5.8455],[101.9169,5.8455],[101.9169,5.8456],[101.9169,5.8456],[101.917,5.8457],[101.917,5.8458],[101.9171,5.8458],[101.9172,5.8459],[101.9173,5.8459],[101.9174,5.8459],[101.9178,5.8459],[101.9179,5.8458],[101.9184,5.8457],[101.9188,5.8456],[101.9193,5.8456],[101.9202,5.8455],[101.9204,5.8455],[101.9205,5.8456],[101.9206,5.8456],[101.9208,5.8457],[101.9209,5.8458],[101.9212,5.846],[101.9212,5.8461],[101.9213,5.8462],[101.9214,5.8468],[101.9215,5.8472],[101.9216,5.8475],[101.9216,5.8476],[101.9217,5.8477],[101.9218,5.8478],[101.9219,5.8479],[101.9221,5.8481],[101.9226,5.8483],[101.9227,5.8484],[101.9229,5.8485],[101.923,5.8486],[101.9232,5.8489],[101.9235,5.8494],[101.9236,5.8495],[101.9236,5.8495],[101.9239,5.8497],[101.9242,5.8498],[101.9243,5.8498],[101.9245,5.8499],[101.9247,5.8499],[101.9249,5.8499],[101.925,5.8498],[101.9251,5.8498],[101.9251,5.8498],[101.9252,5.8498],[101.9252,5.8498],[101.9253,5.8497],[101.9254,5.8497],[101.9254,5.8497],[101.9255,5.8496],[101.9256,5.8496],[101.9257,5.8495],[101.9258,5.8495],[101.9259,5.8495],[101.926,5.8495],[101.9261,5.8495],[101.9262,5.8495],[101.9262,5.8495],[101.9264,5.8496],[101.9265,5.8497],[101.9266,5.8498],[101.9267,5.85],[101.9268,5.8501],[101.927,5.8505],[101.9271,5.8511],[101.9272,5.8514],[101.9272,5.8515],[101.9273,5.8515],[101.9274,5.8516],[101.9275,5.8517],[101.9277,5.8518],[101.9277,5.8518],[101.9278,5.8518],[101.9282,5.8519],[101.9283,5.8519],[101.9288,5.8521],[101.929,5.8522],[101.9293,5.8524],[101.9296,5.8528],[101.9298,5.853],[101.93,5.8534],[101.93,5.8535],[101.93,5.8536],[101.93,5.8539],[101.93,5.854],[101.93,5.8541],[101.9299,5.8543],[101.9297,5.8545],[101.9296,5.8546],[101.9296,5.8546],[101.9295,5.8547],[101.9295,5.8547],[101.9293,5.8547],[101.9292,5.8548],[101.9291,5.8548],[101.9288,5.8547],[101.9285,5.8546],[101.928,5.8546],[101.9278,5.8546],[101.9277,5.8546],[101.9277,5.8546],[101.9276,5.8546],[101.9275,5.8547],[101.9275,5.8547],[101.9274,5.8549],[101.9274,5.8552],[101.9274,5.8553],[101.9274,5.8553],[101.9274,5.8555],[101.9275,5.856],[101.9276,5.8564],[101.9276,5.8571],[101.9277,5.8573],[101.9277,5.8575],[101.9278,5.8576],[101.9278,5.8576],[101.928,5.8578],[101.9283,5.8582],[101.9286,5.8584],[101.929,5.8587],[101.9291,5.8589],[101.9292,5.859],[101.9295,5.8594],[101.93,5.8602],[101.9305,5.8609],[101.9307,5.8611],[101.9308,5.8613],[101.9311,5.8615],[101.9313,5.8616],[101.9314,5.8616],[101.9314,5.8616],[101.9319,5.8617],[101.9325,5.8618],[101.9325,5.8618],[101.9325,5.8618],[101.9331,5.862],[101.934,5.8622],[101.9345,5.8624],[101.9349,5.8625],[101.9354,5.8627],[101.9356,5.8629],[101.9356,5.8629],[101.9358,5.8631],[101.9359,5.8631],[101.9359,5.8631],[101.936,5.8632],[101.9361,5.8632],[101.9362,5.8632],[101.9363,5.8631],[101.9363,5.8631],[101.9364,5.8631],[101.9364,5.863],[101.9365,5.8629],[101.9365,5.8627],[101.9366,5.8627],[101.9368,5.8621],[101.9368,5.862],[101.9368,5.862],[101.9369,5.862],[101.937,5.8619],[101.937,5.8619],[101.9371,5.8619],[101.9372,5.8619],[101.9373,5.8618],[101.9374,5.8619],[101.9375,5.8619],[101.9376,5.8619],[101.9376,5.862],[101.9377,5.8621],[101.9378,5.8622],[101.9379,5.8625],[101.9381,5.8632],[101.9382,5.8636],[101.9383,5.8638],[101.9388,5.8648],[101.9392,5.8655],[101.9392,5.8657],[101.9394,5.8658],[101.9395,5.8659],[101.9397,5.8661],[101.9403,5.8666],[101.9405,5.8667],[101.9405,5.8669],[101.9409,5.8674],[101.941,5.8675],[101.941,5.8678],[101.9411,5.8682],[101.9411,5.8683],[101.9411,5.8683],[101.9411,5.8685],[101.9411,5.8686],[101.941,5.8687],[101.9406,5.8695],[101.9405,5.8698],[101.9404,5.8699],[101.9404,5.8701],[101.9404,5.8702],[101.9404,5.8703],[101.9404,5.8704],[101.9405,5.8706],[101.9406,5.8708],[101.9408,5.8709],[101.941,5.8711],[101.9414,5.8712],[101.942,5.8713],[101.9425,5.8715],[101.9427,5.8715],[101.9427,5.8716],[101.943,5.8717],[101.943,5.8718],[101.9431,5.8718],[101.9431,5.8719],[101.9432,5.872],[101.9432,5.8721],[101.9432,5.8723],[101.9432,5.8727],[101.9432,5.873],[101.9431,5.8733],[101.9431,5.8734],[101.9431,5.8734],[101.9429,5.8736],[101.9426,5.874],[101.9425,5.8743],[101.9425,5.8743],[101.9425,5.8744],[101.9424,5.8747],[101.9422,5.8754],[101.9421,5.8759],[101.9421,5.8761],[101.942,5.8763],[101.9419,5.8766],[101.9418,5.8769],[101.9417,5.877],[101.9416,5.8771],[101.9415,5.8773],[101.9414,5.8774],[101.9412,5.8776],[101.9408,5.8778],[101.9407,5.8779],[101.9404,5.878],[101.9403,5.8781],[101.9399,5.8782],[101.9398,5.8783],[101.9396,5.8785],[101.9394,5.8787],[101.9393,5.8789],[101.9393,5.8791],[101.9392,5.8792],[101.9392,5.8794],[101.9392,5.8801],[101.9392,5.8811],[101.9393,5.8812],[101.9393,5.8815],[101.9394,5.8818],[101.9399,5.8827],[101.9401,5.8833],[101.9403,5.8838],[101.9404,5.8841],[101.9405,5.8846],[101.9405,5.8848],[101.9405,5.8852],[101.9405,5.8853],[101.9405,5.8854],[101.9404,5.8854],[101.9403,5.8856],[101.94,5.8859],[101.9398,5.8861],[101.9395,5.8864],[101.9393,5.8866],[101.9391,5.8869],[101.939,5.8871],[101.939,5.8872],[101.9391,5.8876],[101.9391,5.8878],[101.9391,5.8879],[101.9392,5.8881],[101.9393,5.8881],[101.9393,5.8882],[101.9398,5.8885],[101.9398,5.8886],[101.9399,5.8888],[101.9399,5.889],[101.9399,5.8891],[101.9398,5.8892],[101.9397,5.8893],[101.9396,5.8894],[101.9395,5.8895],[101.9393,5.8895],[101.9392,5.8896],[101.9391,5.8896],[101.939,5.8896],[101.9389,5.8896],[101.9388,5.8896],[101.9386,5.8895],[101.9386,5.8895],[101.9385,5.8894],[101.9381,5.8892],[101.9381,5.8891],[101.9376,5.8886],[101.9375,5.8884],[101.9374,5.8883],[101.9372,5.8883],[101.9371,5.8882],[101.9371,5.8882],[101.937,5.8883],[101.9369,5.8883],[101.9368,5.8884],[101.9367,5.8884],[101.9367,5.8885],[101.9366,5.8886],[101.9366,5.8887],[101.9366,5.8888],[101.9366,5.8891],[101.9366,5.8892],[101.9367,5.8893],[101.937,5.8899],[101.9373,5.8902],[101.9374,5.8903],[101.9378,5.8907],[101.9379,5.8908],[101.938,5.8909],[101.938,5.891],[101.938,5.8911],[101.938,5.8913],[101.938,5.8915],[101.938,5.8916],[101.938,5.8917],[101.9376,5.8925],[101.9375,5.8927],[101.9375,5.8929],[101.937,5.8936],[101.9366,5.8942],[101.9365,5.8943],[101.9361,5.8948],[101.9358,5.8951],[101.9354,5.8956],[101.9352,5.8959],[101.9348,5.8967],[101.9346,5.897],[101.9344,5.8977],[101.9343,5.898],[101.9343,5.8981],[101.9344,5.8982],[101.9344,5.8983],[101.9345,5.8984],[101.9352,5.8989],[101.9352,5.899],[101.9352,5.8991],[101.9352,5.8991],[101.9352,5.8992],[101.9352,5.8992],[101.9352,5.8992],[101.9351,5.8993],[101.9345,5.8995],[101.9338,5.8997],[101.9336,5.8997],[101.9335,5.8998],[101.9334,5.8998],[101.9333,5.8999],[101.9333,5.9],[101.9333,5.9],[101.9333,5.9001],[101.9333,5.9002],[101.9333,5.9002],[101.9333,5.9003],[101.9334,5.9003],[101.9336,5.9005],[101.9339,5.9008],[101.9342,5.9012],[101.9343,5.9014],[101.9344,5.9015],[101.9344,5.9016],[101.9344,5.9018],[101.9344,5.9019],[101.9344,5.9021],[101.9343,5.9022],[101.9343,5.9023],[101.9343,5.9024],[101.9341,5.9026],[101.9336,5.9033],[101.933,5.9041],[101.9326,5.9045],[101.9325,5.9047],[101.9325,5.9048],[101.9324,5.9049],[101.9324,5.9051],[101.9324,5.9052],[101.9324,5.9053],[101.9324,5.9054],[101.9324,5.9055],[101.9325,5.9056],[101.9325,5.9056],[101.9326,5.9057],[101.9326,5.9058],[101.9327,5.9058],[101.9329,5.9059],[101.9331,5.906],[101.9332,5.9061],[101.9332,5.9062],[101.9332,5.9062],[101.9333,5.9063],[101.9333,5.9064],[101.9333,5.9064],[101.9333,5.9065],[101.9333,5.9066],[101.9332,5.9067],[101.9332,5.9068],[101.9332,5.9068],[101.9331,5.9068],[101.9331,5.9069],[101.9331,5.9069],[101.933,5.9069],[101.933,5.9069],[101.9329,5.9069],[101.9328,5.9069],[101.9327,5.9069],[101.9325,5.9069],[101.932,5.9068],[101.9316,5.9067],[101.9315,5.9066],[101.9314,5.9066],[101.9313,5.9065],[101.9311,5.9064],[101.931,5.9064],[101.931,5.9063],[101.9309,5.9062],[101.9309,5.9061],[101.9308,5.9061],[101.9308,5.906],[101.9308,5.9059],[101.9308,5.9058],[101.9308,5.9051],[101.9308,5.9049],[101.9308,5.9049],[101.9307,5.9048],[101.9307,5.9048],[101.9307,5.9048],[101.9307,5.9048],[101.9306,5.9047],[101.9306,5.9047],[101.9306,5.9047],[101.9305,5.9047],[101.9303,5.9047],[101.9302,5.9048],[101.9302,5.9048],[101.9302,5.9048],[101.9301,5.9049],[101.93,5.9049],[101.9299,5.9051],[101.9299,5.9051],[101.9299,5.9051],[101.9299,5.9052],[101.9298,5.9053],[101.9298,5.9056],[101.9298,5.9057],[101.9298,5.9058],[101.9298,5.9059],[101.9298,5.906],[101.9298,5.906],[101.9301,5.9063],[101.9304,5.9068],[101.9305,5.907],[101.9307,5.9074],[101.9308,5.9076],[101.9308,5.9077],[101.9309,5.9078],[101.9308,5.9079],[101.9308,5.908],[101.9307,5.9083],[101.9307,5.9084],[101.9306,5.9087],[101.9305,5.9094],[101.9304,5.9095],[101.9304,5.9095],[101.9301,5.9099],[101.9299,5.91],[101.9298,5.9101],[101.9297,5.9101],[101.9297,5.9101],[101.9296,5.9101],[101.9294,5.9101],[101.9289,5.91],[101.9288,5.91],[101.9285,5.91],[101.9283,5.91],[101.9282,5.91],[101.9281,5.9101],[101.9275,5.9106],[101.9274,5.9106],[101.9274,5.9106],[101.9273,5.9107],[101.9272,5.9107],[101.9271,5.9107],[101.927,5.9107],[101.9268,5.9106],[101.9267,5.9106],[101.9266,5.9105],[101.9265,5.9105],[101.9263,5.9101],[101.9263,5.9101],[101.9263,5.9099],[101.9263,5.9098],[101.9264,5.9095],[101.9265,5.9093],[101.9265,5.9089],[101.9265,5.9088],[101.9265,5.9087],[101.9263,5.9086],[101.9262,5.9085],[101.9262,5.9085],[101.9261,5.9085],[101.926,5.9084],[101.9259,5.9084],[101.9258,5.9085],[101.9257,5.9085],[101.9256,5.9086],[101.9255,5.9087],[101.9254,5.9087],[101.9252,5.909],[101.9247,5.9097],[101.9245,5.9101],[101.9243,5.9102],[101.9241,5.9103],[101.9241,5.9104],[101.924,5.9104],[101.9239,5.9104],[101.9238,5.9105],[101.9237,5.9105],[101.9236,5.9104],[101.9235,5.9104],[101.9234,5.9104],[101.923,5.9101],[101.9227,5.9099],[101.9227,5.9099],[101.9226,5.9099],[101.9225,5.9099],[101.9224,5.9099],[101.9223,5.9099],[101.9223,5.9099],[101.9222,5.91],[101.9221,5.9101],[101.922,5.9102],[101.9219,5.9103],[101.9219,5.9104],[101.9219,5.9106],[101.9219,5.9108],[101.9219,5.911],[101.9219,5.9112],[101.9219,5.9113],[101.922,5.9115],[101.922,5.9116],[101.9221,5.9117],[101.9222,5.9119],[101.9223,5.912],[101.9223,5.9121],[101.9224,5.9123],[101.9224,5.9124],[101.9224,5.9126],[101.9224,5.9126],[101.9223,5.9127],[101.9222,5.9128],[101.9221,5.913],[101.922,5.9131],[101.9218,5.9133],[101.9217,5.9133],[101.9217,5.9135],[101.9215,5.9138],[101.9215,5.9139],[101.9214,5.9141],[101.9213,5.9145],[101.9212,5.9146],[101.9212,5.9148],[101.9212,5.9151],[101.9212,5.9153],[101.9212,5.9154],[101.9213,5.9155],[101.9214,5.9157],[101.9215,5.9158],[101.9218,5.9161],[101.9222,5.9164],[101.9223,5.9165],[101.9223,5.9166],[101.9223,5.9167],[101.9223,5.9168],[101.9223,5.9169],[101.9223,5.917],[101.9223,5.917],[101.9219,5.9174],[101.9217,5.9176],[101.9217,5.9176],[101.9216,5.9176],[101.9214,5.9178],[101.9214,5.9178],[101.9213,5.9179],[101.9213,5.918],[101.9213,5.918],[101.9213,5.9181],[101.9213,5.9181],[101.9213,5.9182],[101.9213,5.9183],[101.9214,5.9183],[101.9215,5.9184],[101.9216,5.9185],[101.9217,5.9186],[101.9218,5.9186],[101.9219,5.9187],[101.9226,5.9188],[101.9228,5.9189],[101.9229,5.9189],[101.9229,5.9189],[101.9232,5.919],[101.9237,5.9193],[101.9238,5.9194],[101.9239,5.9195],[101.9239,5.9195],[101.924,5.9196],[101.924,5.9196],[101.9241,5.9197],[101.9241,5.9199],[101.9241,5.9203],[101.9242,5.9204],[101.9242,5.9206],[101.9244,5.9209],[101.9245,5.9213],[101.9245,5.9214],[101.9245,5.9216],[101.9245,5.9217],[101.9245,5.9219],[101.9245,5.922],[101.9244,5.9221],[101.9243,5.9223],[101.9243,5.9224],[101.9242,5.9224],[101.9241,5.9225],[101.9234,5.9228],[101.9233,5.9229],[101.9232,5.9229],[101.9232,5.9231],[101.9231,5.9231],[101.9231,5.9233],[101.9231,5.9234],[101.9231,5.9234],[101.9231,5.9235],[101.9232,5.9236],[101.9232,5.9237],[101.9232,5.9237],[101.9233,5.9238],[101.9236,5.924],[101.9245,5.9244],[101.9252,5.9248],[101.9253,5.9248],[101.9254,5.9249],[101.9255,5.9249],[101.9256,5.9249],[101.9258,5.9249],[101.9258,5.9249],[101.9259,5.9248],[101.9259,5.9248],[101.926,5.9247],[101.9261,5.9246],[101.9262,5.9244],[101.9264,5.9242],[101.9265,5.9238],[101.9266,5.9237],[101.9266,5.9237],[101.9267,5.9235],[101.927,5.9233],[101.9271,5.9232],[101.9271,5.9231],[101.9272,5.9231],[101.9273,5.9231],[101.9274,5.9231],[101.9274,5.9231],[101.9276,5.9231],[101.9277,5.9232],[101.9278,5.9232],[101.9278,5.9232],[101.9279,5.9233],[101.9279,5.9233],[101.9279,5.9233],[101.9279,5.9234],[101.928,5.9234],[101.928,5.9235],[101.928,5.9235],[101.928,5.9236],[101.928,5.9238],[101.9279,5.9239],[101.9279,5.9241],[101.9279,5.9241],[101.9279,5.9244],[101.9279,5.9244],[101.928,5.9245],[101.928,5.9246],[101.9281,5.9248],[101.9282,5.9249],[101.9282,5.9249],[101.9282,5.925],[101.9283,5.925],[101.9284,5.9251],[101.9285,5.9252],[101.9286,5.9252],[101.9288,5.9254],[101.9289,5.9254],[101.9289,5.9255],[101.929,5.9256],[101.929,5.9257],[101.929,5.9258],[101.929,5.9259],[101.929,5.926],[101.929,5.9261],[101.929,5.9263],[101.9288,5.9266],[101.9285,5.9272],[101.9285,5.9273],[101.9285,5.9274],[101.9285,5.9275],[101.9285,5.9275],[101.9285,5.9276],[101.9285,5.9276],[101.9285,5.9277],[101.9286,5.9278],[101.9287,5.9278],[101.9291,5.928],[101.9294,5.9281],[101.9294,5.9282],[101.9295,5.9282],[101.9295,5.9283],[101.9295,5.9283],[101.9296,5.9283],[101.9296,5.9284],[101.9296,5.9284],[101.9296,5.9286],[101.9297,5.9291],[101.9298,5.9294],[101.9298,5.9295],[101.9297,5.9302],[101.9296,5.9305],[101.9296,5.9307],[101.9296,5.9308],[101.9297,5.931],[101.9298,5.9311],[101.9299,5.9313],[101.93,5.9313],[101.93,5.9314],[101.9302,5.9314],[101.9306,5.9316],[101.9306,5.9316],[101.9308,5.9317],[101.9309,5.9317],[101.9311,5.9318],[101.9311,5.9318],[101.9312,5.9319],[101.9312,5.932],[101.9312,5.932],[101.9312,5.9321],[101.9313,5.9323],[101.9312,5.9324],[101.9312,5.9325],[101.9312,5.9325],[101.931,5.9333],[101.9309,5.9336],[101.9308,5.9337],[101.9307,5.9338],[101.9305,5.934],[101.9304,5.934],[101.9303,5.9341],[101.9302,5.9342],[101.9299,5.9343],[101.9296,5.9343],[101.9295,5.9344],[101.9294,5.9345],[101.9293,5.9346],[101.9293,5.9346],[101.9292,5.9347],[101.9291,5.935],[101.9291,5.9351],[101.9292,5.9351],[101.9293,5.9355],[101.9294,5.9356],[101.9295,5.9357],[101.9296,5.9358],[101.9298,5.9359],[101.9299,5.9359],[101.93,5.936],[101.9301,5.936],[101.9301,5.936],[101.9302,5.9359],[101.9303,5.9359],[101.9304,5.9358],[101.9307,5.9357],[101.9311,5.9355],[101.9312,5.9354],[101.9313,5.9354],[101.9315,5.9354],[101.9316,5.9354],[101.9318,5.9354],[101.9318,5.9354],[101.9319,5.9354],[101.9319,5.9355],[101.9319,5.9355],[101.932,5.9356],[101.932,5.9357],[101.932,5.9358],[101.932,5.936],[101.932,5.9361],[101.9319,5.9362],[101.9319,5.9363],[101.9319,5.9364],[101.9318,5.9365],[101.9318,5.9365],[101.9317,5.9366],[101.9314,5.9369],[101.9312,5.937],[101.9311,5.9371],[101.931,5.9371],[101.9308,5.9371],[101.9307,5.9372],[101.9305,5.9371],[101.9297,5.9371],[101.9295,5.9371],[101.9294,5.9372],[101.9294,5.9372],[101.9293,5.9373],[101.9292,5.9374],[101.9292,5.9374],[101.9292,5.9375],[101.9292,5.9376],[101.9293,5.9382],[101.9294,5.9386],[101.9295,5.9389],[101.9297,5.9395],[101.9297,5.9395],[101.9298,5.9397],[101.9299,5.9399],[101.93,5.94],[101.9301,5.9401],[101.9302,5.9402],[101.9308,5.9405],[101.9309,5.9405],[101.9309,5.9405],[101.9309,5.9405],[101.9315,5.9407],[101.9316,5.9408],[101.9317,5.9408],[101.9317,5.9408],[101.9317,5.9408],[101.9318,5.9409],[101.9318,5.9409],[101.9319,5.941],[101.932,5.9412],[101.932,5.9413],[101.932,5.9413],[101.932,5.9414],[101.932,5.9415],[101.932,5.9416],[101.932,5.9416],[101.932,5.9417],[101.9319,5.9418],[101.9319,5.9419],[101.9318,5.9419],[101.9315,5.9422],[101.9314,5.9423],[101.9313,5.9423],[101.9313,5.9424],[101.9312,5.9424],[101.9311,5.9424],[101.9305,5.9423],[101.9304,5.9424],[101.9303,5.9424],[101.9303,5.9424],[101.9302,5.9424],[101.9302,5.9424],[101.9302,5.9425],[101.9301,5.9425],[101.9301,5.9426],[101.9301,5.9427],[101.9301,5.9428],[101.9301,5.9428],[101.9301,5.9429],[101.9301,5.9429],[101.9302,5.943],[101.9309,5.9434],[101.9318,5.9442],[101.9319,5.9443],[101.9321,5.9444],[101.9321,5.9445],[101.9322,5.9446],[101.9322,5.9447],[101.9322,5.9448],[101.9323,5.9449],[101.9323,5.9451],[101.9322,5.9451],[101.9322,5.9452],[101.9322,5.9453],[101.9322,5.9453],[101.9321,5.9454],[101.9321,5.9454],[101.9321,5.9455],[101.932,5.9455],[101.932,5.9455],[101.9319,5.9456],[101.9318,5.9456],[101.9314,5.9457],[101.9313,5.9457],[101.9312,5.9457],[101.9312,5.9457],[101.9311,5.9457],[101.931,5.9456],[101.9309,5.9456],[101.9307,5.9455],[101.9307,5.9455],[101.9306,5.9454],[101.9305,5.9453],[101.9305,5.9452],[101.9305,5.9451],[101.9305,5.9451],[101.9304,5.9446],[101.9304,5.9444],[101.9304,5.9443],[101.9304,5.9443],[101.9304,5.9442],[101.9303,5.9441],[101.9302,5.9441],[101.9302,5.944],[101.9302,5.944],[101.9301,5.944],[101.93,5.9439],[101.93,5.9439],[101.9299,5.9439],[101.9298,5.9439],[101.9298,5.9439],[101.9297,5.9439],[101.9297,5.944],[101.9296,5.944],[101.9296,5.944],[101.9295,5.9441],[101.9294,5.9441],[101.9294,5.9442],[101.9292,5.9444],[101.9291,5.9446],[101.9291,5.9447],[101.929,5.9449],[101.929,5.945],[101.929,5.9452],[101.929,5.9454],[101.929,5.9454],[101.9291,5.9455],[101.9291,5.9455],[101.9291,5.9456],[101.9291,5.9457],[101.9292,5.9457],[101.9292,5.9458],[101.9292,5.9458],[101.9293,5.9459],[101.9294,5.9459],[101.9294,5.9459],[101.9295,5.946],[101.9296,5.946],[101.9297,5.9461],[101.9297,5.9461],[101.9297,5.9461],[101.9298,5.9462],[101.9298,5.9462],[101.9299,5.9463],[101.9299,5.9464],[101.9299,5.9465],[101.9299,5.9467],[101.9298,5.9471],[101.9298,5.9472],[101.9298,5.9473],[101.9297,5.9475],[101.9296,5.9478],[101.9295,5.9479],[101.9295,5.948],[101.9294,5.9482],[101.9294,5.9484],[101.9294,5.9486],[101.9294,5.9488],[101.9294,5.9489],[101.9295,5.949],[101.9295,5.9491],[101.9296,5.9491],[101.9296,5.9492],[101.9297,5.9493],[101.93,5.9494],[101.9302,5.9494],[101.9303,5.9495],[101.9304,5.9495],[101.9305,5.9495],[101.9305,5.9495],[101.9306,5.9495],[101.9308,5.9495],[101.9312,5.9495],[101.9318,5.9494],[101.9321,5.9494],[101.9323,5.9493],[101.9328,5.9491],[101.933,5.9491],[101.9332,5.949],[101.9333,5.949],[101.9335,5.949],[101.9338,5.949],[101.9339,5.949],[101.9341,5.949],[101.9341,5.949],[101.9343,5.9491],[101.9344,5.9491],[101.9347,5.9493],[101.9349,5.9493],[101.9351,5.9494],[101.9352,5.9494],[101.9352,5.9494],[101.9354,5.9494],[101.9355,5.9494],[101.9356,5.9493],[101.9357,5.9493],[101.9358,5.9492],[101.9359,5.9492],[101.9359,5.9491],[101.936,5.949],[101.936,5.949],[101.9361,5.9489],[101.9361,5.9489],[101.9363,5.9482],[101.9363,5.9481],[101.9364,5.948],[101.9364,5.9479],[101.9364,5.9479],[101.9365,5.9478],[101.9366,5.9478],[101.9366,5.9478],[101.9367,5.9478],[101.9368,5.9478],[101.9368,5.9478],[101.9369,5.9478],[101.9371,5.9479],[101.9371,5.9479],[101.9373,5.948],[101.9375,5.9482],[101.9376,5.9483],[101.9378,5.9485],[101.9383,5.9493],[101.9385,5.9496],[101.9387,5.9497],[101.9387,5.9498],[101.9388,5.9498],[101.939,5.9499],[101.939,5.9499],[101.9394,5.95],[101.9398,5.9502],[101.94,5.9503],[101.94,5.9503],[101.9401,5.9504],[101.9407,5.951],[101.9408,5.9512],[101.9409,5.9512],[101.9409,5.9514],[101.9409,5.9515],[101.941,5.9516],[101.941,5.9519],[101.941,5.952],[101.941,5.9522],[101.9411,5.9526],[101.9411,5.9527],[101.9411,5.9528],[101.9412,5.9529],[101.9413,5.9529],[101.9414,5.953],[101.9414,5.953],[101.9414,5.953],[101.9415,5.9531],[101.9416,5.9532],[101.9418,5.9532],[101.9419,5.9533],[101.9421,5.9533],[101.9422,5.9533],[101.9423,5.9533],[101.9425,5.9533],[101.9429,5.9532],[101.943,5.9532],[101.9431,5.9532],[101.9432,5.9532],[101.9433,5.9532],[101.9434,5.9533],[101.9436,5.9534],[101.9438,5.9536],[101.9438,5.9536],[101.9438,5.9537],[101.9441,5.9541],[101.9443,5.9542],[101.9444,5.9544],[101.9444,5.9545],[101.9444,5.9545],[101.9444,5.9545],[101.9445,5.9548],[101.9446,5.9555],[101.9447,5.9564],[101.9447,5.957],[101.9446,5.9572],[101.9445,5.9576],[101.9445,5.9578],[101.9443,5.958],[101.9443,5.9581],[101.9441,5.9583],[101.9439,5.9586],[101.9438,5.9586],[101.9436,5.9588],[101.9434,5.9589],[101.9434,5.9589],[101.9432,5.959],[101.9431,5.959],[101.943,5.9591],[101.9428,5.9591],[101.9427,5.9591],[101.9425,5.959],[101.9424,5.959],[101.9422,5.9589],[101.942,5.9589],[101.9418,5.9588],[101.9417,5.9588],[101.9416,5.9589],[101.9415,5.9589],[101.9415,5.9589],[101.9414,5.959],[101.9414,5.959],[101.9414,5.959],[101.9413,5.9591],[101.9413,5.9591],[101.9413,5.9592],[101.9413,5.9592],[101.9413,5.9593],[101.9413,5.9594],[101.9414,5.9595],[101.9416,5.9597],[101.9419,5.9601],[101.942,5.9603],[101.9421,5.9604],[101.9421,5.9607],[101.9421,5.9609],[101.9421,5.9611],[101.9421,5.9611],[101.942,5.9613],[101.942,5.9614],[101.9418,5.9616],[101.9417,5.9618],[101.9417,5.9618],[101.9416,5.962],[101.9416,5.9622],[101.9416,5.9624],[101.9416,5.9625],[101.9418,5.9631],[101.9419,5.9633],[101.9419,5.9634],[101.9419,5.9634],[101.942,5.9635],[101.9422,5.9636],[101.9423,5.9637],[101.9426,5.9638],[101.9427,5.9639],[101.9429,5.964],[101.9429,5.964],[101.9429,5.9641],[101.943,5.9641],[101.943,5.9643],[101.943,5.9645],[101.943,5.9646],[101.9429,5.9648],[101.9429,5.965],[101.9428,5.9652],[101.9427,5.9654],[101.9427,5.9654],[101.9425,5.9657],[101.9424,5.9659],[101.9419,5.9666],[101.9413,5.9672],[101.9411,5.9675],[101.941,5.9678],[101.941,5.9678],[101.9409,5.9679],[101.9409,5.968],[101.9409,5.9681],[101.9408,5.9681],[101.9407,5.9687],[101.9407,5.9687],[101.9407,5.969],[101.9407,5.9692],[101.9407,5.9693],[101.9407,5.9693],[101.9408,5.9695],[101.9409,5.9697],[101.9411,5.97],[101.9411,5.9701],[101.9412,5.9702],[101.9412,5.9704],[101.9412,5.9705],[101.9412,5.9707],[101.9411,5.9708],[101.9411,5.971],[101.941,5.9712],[101.9409,5.9714],[101.9408,5.9714],[101.9408,5.9715],[101.9407,5.9715],[101.9407,5.9715],[101.9407,5.9716],[101.9404,5.9718],[101.9402,5.9719],[101.9402,5.9719],[101.9401,5.972],[101.94,5.9721],[101.94,5.9721],[101.9399,5.9722],[101.9399,5.9722],[101.9398,5.9723],[101.9398,5.9724],[101.9398,5.9725],[101.9398,5.9726],[101.9398,5.9726],[101.9398,5.9727],[101.9398,5.9727],[101.9399,5.9728],[101.94,5.9728],[101.9402,5.9729],[101.9404,5.9729],[101.9405,5.973],[101.9414,5.973],[101.9416,5.9731],[101.9418,5.9731],[101.9419,5.9731],[101.942,5.9732],[101.9421,5.9733],[101.9421,5.9733],[101.9422,5.9734],[101.9427,5.9744],[101.9431,5.975],[101.9432,5.9751],[101.9433,5.9752],[101.9434,5.9753],[101.9435,5.9753],[101.9436,5.9754],[101.9437,5.9754],[101.9439,5.9754],[101.9443,5.9753],[101.9443,5.9753],[101.9448,5.9752],[101.9451,5.9752],[101.9452,5.9752],[101.9453,5.9752],[101.9453,5.9752],[101.9454,5.9753],[101.9455,5.9754],[101.946,5.9758],[101.9467,5.9768],[101.9467,5.9769],[101.9468,5.9771],[101.9468,5.9773],[101.9468,5.9774],[101.9468,5.9777],[101.9468,5.9777],[101.9468,5.9778],[101.9468,5.9779],[101.9467,5.978],[101.9467,5.978],[101.9467,5.9781],[101.9466,5.9782],[101.9465,5.9783],[101.9463,5.9784],[101.9463,5.9784],[101.9461,5.9785],[101.9461,5.9785],[101.9459,5.9785],[101.9459,5.9785],[101.9458,5.9785],[101.9457,5.9784],[101.9455,5.9784],[101.9455,5.9784],[101.9455,5.9784],[101.9454,5.9783],[101.9454,5.9782],[101.9453,5.9781],[101.9451,5.9775],[101.945,5.9774],[101.9449,5.9773],[101.9449,5.9772],[101.9448,5.9772],[101.9448,5.9771],[101.9447,5.9771],[101.9446,5.9771],[101.9446,5.977],[101.9446,5.977],[101.9445,5.977],[101.9444,5.977],[101.9443,5.9771],[101.9443,5.9771],[101.9441,5.9772],[101.944,5.9773],[101.944,5.9773],[101.9439,5.9774],[101.9438,5.9775],[101.9438,5.9776],[101.9438,5.9777],[101.9437,5.9778],[101.9437,5.9779],[101.9437,5.9781],[101.9438,5.9785],[101.9438,5.979],[101.9437,5.9793],[101.9437,5.9794],[101.9436,5.9799],[101.9435,5.9801],[101.9434,5.9804],[101.9433,5.9804],[101.9432,5.9806],[101.9429,5.9809],[101.9428,5.981],[101.9428,5.9811],[101.9428,5.9811],[101.9427,5.9812],[101.9427,5.9813],[101.9427,5.9814],[101.9428,5.9815],[101.9428,5.9816],[101.9428,5.9817],[101.9429,5.9818],[101.9429,5.9819],[101.943,5.9819],[101.943,5.982],[101.9432,5.982],[101.9438,5.9822],[101.9441,5.9823],[101.9441,5.9823],[101.9443,5.9824],[101.9444,5.9825],[101.9445,5.9826],[101.9447,5.9828],[101.9448,5.983],[101.9451,5.9836],[101.9453,5.9844],[101.9454,5.9846],[101.9455,5.9849],[101.9455,5.9855],[101.9455,5.9862],[101.9455,5.9863],[101.9455,5.9864],[101.9456,5.9866],[101.9457,5.9868],[101.9458,5.987],[101.9459,5.9872],[101.946,5.9873],[101.9461,5.9873],[101.9462,5.9874],[101.9462,5.9874],[101.9463,5.9874],[101.9464,5.9874],[101.9464,5.9874],[101.9465,5.9874],[101.9466,5.9873],[101.9467,5.9873],[101.9468,5.9872],[101.9472,5.9868],[101.9472,5.9867],[101.9474,5.9864],[101.9474,5.9863],[101.9475,5.9862],[101.9476,5.9855],[101.9477,5.9854],[101.9477,5.9852],[101.9477,5.9851],[101.9474,5.9844],[101.9474,5.9842],[101.9473,5.9839],[101.9473,5.9837],[101.9473,5.9836],[101.9473,5.9836],[101.9473,5.9835],[101.9473,5.9834],[101.9474,5.9834],[101.9474,5.9834],[101.9474,5.9833],[101.9474,5.9833],[101.9475,5.9832],[101.9476,5.9832],[101.9477,5.9831],[101.9477,5.9831],[101.9478,5.9831],[101.9479,5.9831],[101.948,5.9831],[101.9481,5.9831],[101.9482,5.9831],[101.9484,5.9832],[101.9486,5.9833],[101.9488,5.9835],[101.9491,5.9838],[101.9491,5.9838],[101.9492,5.9839],[101.9492,5.9841],[101.9493,5.9842],[101.9493,5.9843],[101.9493,5.9843],[101.9492,5.9846],[101.9492,5.9848],[101.9492,5.9849],[101.9491,5.9851],[101.9489,5.9854],[101.9489,5.9855],[101.9489,5.9856],[101.9487,5.9866],[101.9487,5.9872],[101.9487,5.9874],[101.9487,5.9875],[101.9488,5.9877],[101.9488,5.9878],[101.9489,5.988],[101.9489,5.9882],[101.9489,5.9884],[101.9489,5.9886],[101.9489,5.9887],[101.9488,5.9889],[101.9485,5.9892],[101.9483,5.9894],[101.9482,5.9895],[101.948,5.9898],[101.948,5.9898],[101.9479,5.9899],[101.9479,5.99],[101.9479,5.9901],[101.9479,5.9902],[101.9479,5.9903],[101.9479,5.9903],[101.9479,5.9904],[101.948,5.9905],[101.9482,5.9906],[101.948,5.9907],[101.9454,5.9921],[101.9449,5.9923],[101.9416,5.9938],[101.9391,5.9954],[101.9384,5.9964],[101.9383,5.9972],[101.9384,5.9994],[101.9379,6.0012],[101.9374,6.0025],[101.9365,6.0042],[101.9351,6.006],[101.9305,6.0101],[101.9297,6.0112],[101.9289,6.0122],[101.9275,6.014],[101.9263,6.0153],[101.9246,6.0157]]]}},{"type":"Feature","properties":{"code":"9609","name":"สุคิริน","name_en":"Sukhirin","area_sqkm":516.6,"src":"geoBoundaries+OpenGISData"},"geometry":{"type":"Polygon","coordinates":[[[101.6177,5.8964],[101.618,5.896],[101.6183,5.8957],[101.6187,5.8957],[101.6191,5.8958],[101.6205,5.8959],[101.621,5.896],[101.6216,5.896],[101.6218,5.8959],[101.622,5.8957],[101.6221,5.8953],[101.6221,5.8949],[101.6222,5.8933],[101.6224,5.8914],[101.6225,5.8896],[101.6224,5.8886],[101.6221,5.888],[101.6219,5.8871],[101.6218,5.8863],[101.6219,5.8851],[101.6223,5.884],[101.6228,5.8824],[101.6231,5.8818],[101.6231,5.8807],[101.6229,5.8798],[101.6226,5.8788],[101.6225,5.8781],[101.6225,5.8776],[101.6228,5.8771],[101.6231,5.8769],[101.6252,5.8765],[101.6262,5.8762],[101.6281,5.8759],[101.6296,5.8757],[101.6311,5.8754],[101.6319,5.8752],[101.6325,5.8749],[101.6328,5.8746],[101.6331,5.8743],[101.6334,5.874],[101.6338,5.8739],[101.6342,5.8739],[101.6346,5.8739],[101.6348,5.8738],[101.6349,5.8737],[101.635,5.8731],[101.635,5.8727],[101.6351,5.8724],[101.6354,5.8722],[101.636,5.872],[101.6363,5.8718],[101.6369,5.8714],[101.6373,5.8712],[101.638,5.8709],[101.639,5.8706],[101.6398,5.8706],[101.6412,5.8703],[101.6416,5.8702],[101.6421,5.8703],[101.6424,5.8706],[101.6438,5.872],[101.6451,5.8733],[101.6469,5.8745],[101.6484,5.8751],[101.6498,5.8753],[101.6512,5.8757],[101.6525,5.8764],[101.6534,5.8771],[101.6538,5.8775],[101.6541,5.8776],[101.6545,5.8775],[101.6549,5.8772],[101.6557,5.8765],[101.6562,5.8762],[101.6568,5.8759],[101.6574,5.8756],[101.658,5.8753],[101.6584,5.8749],[101.6587,5.8745],[101.6589,5.8741],[101.659,5.8738],[101.6591,5.8734],[101.6591,5.873],[101.659,5.8726],[101.6589,5.8722],[101.6589,5.8718],[101.6589,5.8715],[101.659,5.8712],[101.6591,5.871],[101.6595,5.8709],[101.66,5.8708],[101.6602,5.8706],[101.6604,5.8704],[101.6606,5.87],[101.6609,5.8694],[101.6612,5.8691],[101.6617,5.8689],[101.6619,5.8686],[101.6621,5.8682],[101.6624,5.8673],[101.6625,5.8661],[101.6624,5.8656],[101.6621,5.8654],[101.6617,5.8652],[101.6606,5.8648],[101.6596,5.8643],[101.6592,5.8637],[101.6586,5.8629],[101.6584,5.8623],[101.6581,5.8614],[101.6579,5.8609],[101.6577,5.8605],[101.6573,5.8601],[101.6566,5.8596],[101.6562,5.8591],[101.6559,5.8588],[101.6557,5.8581],[101.6556,5.8574],[101.6557,5.8568],[101.656,5.8563],[101.6564,5.8559],[101.6567,5.8555],[101.6568,5.8551],[101.6568,5.8546],[101.657,5.8543],[101.6572,5.8541],[101.6576,5.8539],[101.6586,5.853],[101.6598,5.8525],[101.6601,5.8523],[101.6602,5.852],[101.6602,5.8516],[101.6603,5.8501],[101.6604,5.8497],[101.6609,5.8488],[101.6611,5.8484],[101.6611,5.8477],[101.661,5.8473],[101.6606,5.8462],[101.6599,5.8445],[101.6598,5.843],[101.6597,5.8423],[101.6594,5.8417],[101.659,5.8412],[101.6582,5.8406],[101.6577,5.8402],[101.6572,5.8395],[101.6568,5.8385],[101.6568,5.838],[101.6569,5.8376],[101.6573,5.837],[101.6578,5.8362],[101.6582,5.8353],[101.6584,5.8341],[101.6585,5.8323],[101.6587,5.8305],[101.6587,5.8291],[101.6587,5.8276],[101.6587,5.826],[101.6586,5.8252],[101.6583,5.8246],[101.6579,5.8241],[101.6575,5.8237],[101.6573,5.8232],[101.6572,5.8226],[101.6575,5.8215],[101.6575,5.8208],[101.6574,5.8195],[101.6572,5.8187],[101.6572,5.8178],[101.6574,5.8172],[101.6577,5.8166],[101.6579,5.8158],[101.6581,5.8151],[101.6581,5.8145],[101.658,5.8138],[101.6577,5.8131],[101.6576,5.8126],[101.6578,5.8122],[101.6583,5.812],[101.6588,5.812],[101.6594,5.8122],[101.6598,5.8126],[101.6602,5.8129],[101.6606,5.8131],[101.6609,5.8134],[101.6614,5.8139],[101.6625,5.815],[101.6643,5.8137],[101.6649,5.8118],[101.6656,5.8102],[101.6668,5.8092],[101.6673,5.8086],[101.6675,5.8082],[101.6675,5.8078],[101.6672,5.8073],[101.6665,5.8061],[101.666,5.8049],[101.6658,5.804],[101.6655,5.8031],[101.6654,5.8025],[101.665,5.802],[101.6646,5.8016],[101.6643,5.8011],[101.6643,5.8007],[101.6646,5.8001],[101.6651,5.7995],[101.6661,5.7985],[101.6668,5.798],[101.6674,5.7978],[101.6677,5.7976],[101.6681,5.7972],[101.6683,5.7969],[101.6685,5.7965],[101.6689,5.7962],[101.6694,5.7958],[101.6697,5.7956],[101.6699,5.7953],[101.67,5.7949],[101.6699,5.7944],[101.6697,5.7939],[101.6695,5.7934],[101.6695,5.7928],[101.6694,5.7921],[101.6692,5.7915],[101.6689,5.791],[101.6689,5.7908],[101.669,5.7905],[101.6692,5.7903],[101.6697,5.79],[101.6701,5.7896],[101.6707,5.789],[101.6714,5.7883],[101.6715,5.7879],[101.6716,5.7876],[101.6719,5.7871],[101.6722,5.7869],[101.6726,5.7868],[101.6731,5.7868],[101.6735,5.7866],[101.6744,5.7856],[101.675,5.785],[101.6755,5.7842],[101.6757,5.7836],[101.6762,5.783],[101.6771,5.7822],[101.678,5.7817],[101.6787,5.7814],[101.6791,5.7814],[101.6795,5.7814],[101.6801,5.7817],[101.6807,5.7818],[101.682,5.7817],[101.6825,5.7818],[101.6827,5.7821],[101.6827,5.7825],[101.6828,5.7828],[101.683,5.7831],[101.6833,5.7832],[101.6837,5.7833],[101.6844,5.7833],[101.6851,5.7831],[101.6863,5.7824],[101.6869,5.7819],[101.6873,5.7814],[101.6877,5.7806],[101.6881,5.7788],[101.6886,5.7769],[101.6889,5.7755],[101.6894,5.7737],[101.69,5.7722],[101.6901,5.7703],[101.6901,5.7685],[101.6896,5.767],[101.6889,5.7654],[101.6876,5.7643],[101.6888,5.7641],[101.6891,5.7639],[101.6894,5.7636],[101.6896,5.7633],[101.6897,5.7629],[101.6896,5.7623],[101.6895,5.7616],[101.6894,5.7611],[101.6894,5.7607],[101.6897,5.7604],[101.6901,5.7601],[101.6904,5.76],[101.6907,5.7595],[101.6911,5.7586],[101.6912,5.7579],[101.691,5.7574],[101.6908,5.7567],[101.6905,5.7564],[101.6902,5.756],[101.6903,5.7559],[101.6907,5.7558],[101.6928,5.7547],[101.6932,5.7544],[101.6937,5.7542],[101.6944,5.7542],[101.6952,5.754],[101.6958,5.7536],[101.6966,5.7531],[101.6971,5.7527],[101.6976,5.7525],[101.6984,5.7524],[101.6994,5.7524],[101.7004,5.7527],[101.7016,5.7528],[101.7024,5.753],[101.703,5.7535],[101.7034,5.7539],[101.704,5.7543],[101.7048,5.7544],[101.7063,5.7549],[101.7069,5.7554],[101.7072,5.7559],[101.7072,5.7565],[101.7074,5.7574],[101.7078,5.7582],[101.7084,5.7597],[101.7087,5.7605],[101.7091,5.7613],[101.7097,5.7619],[101.7102,5.7622],[101.711,5.7623],[101.7118,5.7623],[101.7123,5.7622],[101.7127,5.7623],[101.7131,5.7624],[101.7134,5.7627],[101.714,5.7633],[101.7147,5.764],[101.7152,5.7647],[101.7153,5.7655],[101.7155,5.7662],[101.7154,5.7672],[101.7153,5.768],[101.7154,5.7688],[101.7157,5.7696],[101.716,5.7706],[101.7163,5.7715],[101.7164,5.7725],[101.7167,5.7742],[101.7169,5.7762],[101.7169,5.7773],[101.7169,5.779],[101.717,5.7798],[101.7172,5.7808],[101.7171,5.7815],[101.7169,5.7822],[101.7166,5.7857],[101.7167,5.7865],[101.7171,5.7874],[101.7176,5.7881],[101.7183,5.7884],[101.7191,5.7885],[101.7196,5.7881],[101.7198,5.7876],[101.7199,5.7873],[101.7199,5.7862],[101.7199,5.7858],[101.7202,5.7854],[101.7207,5.7847],[101.7209,5.784],[101.721,5.7834],[101.7209,5.7817],[101.721,5.7811],[101.7212,5.7807],[101.7215,5.7803],[101.7219,5.7802],[101.7224,5.7804],[101.7227,5.7807],[101.7233,5.7813],[101.7238,5.7816],[101.7242,5.7817],[101.7246,5.7817],[101.7251,5.7819],[101.7254,5.7822],[101.7256,5.7828],[101.7256,5.784],[101.7257,5.7846],[101.726,5.7849],[101.7265,5.7852],[101.727,5.7852],[101.7274,5.7851],[101.7279,5.7845],[101.7283,5.7841],[101.7288,5.784],[101.73,5.7838],[101.7306,5.7837],[101.7311,5.7838],[101.7316,5.7841],[101.732,5.7844],[101.7325,5.7846],[101.7329,5.7846],[101.7346,5.7841],[101.7349,5.7839],[101.7351,5.7837],[101.7353,5.7833],[101.7357,5.7829],[101.7361,5.7827],[101.7375,5.7824],[101.738,5.7822],[101.7385,5.7823],[101.7401,5.7831],[101.7406,5.7835],[101.7409,5.7841],[101.7411,5.7846],[101.7412,5.7854],[101.7412,5.7858],[101.7411,5.7863],[101.7413,5.7867],[101.7416,5.7871],[101.742,5.7876],[101.7427,5.7886],[101.7431,5.7893],[101.7435,5.7899],[101.7436,5.7905],[101.7436,5.7912],[101.7435,5.7922],[101.7435,5.7927],[101.7436,5.7933],[101.7439,5.7938],[101.7444,5.7942],[101.7453,5.7944],[101.7461,5.7944],[101.7467,5.7943],[101.7473,5.794],[101.7477,5.7937],[101.7478,5.7933],[101.748,5.7932],[101.7481,5.7932],[101.7483,5.7932],[101.7484,5.7933],[101.7486,5.7938],[101.749,5.7942],[101.7496,5.7946],[101.7501,5.795],[101.7513,5.7958],[101.7521,5.7965],[101.7529,5.7971],[101.7535,5.7972],[101.7541,5.7972],[101.7551,5.7968],[101.7564,5.796],[101.7575,5.7958],[101.7588,5.7956],[101.7598,5.7956],[101.7606,5.7955],[101.7612,5.7953],[101.7618,5.7948],[101.7631,5.793],[101.7643,5.7917],[101.7653,5.7903],[101.7657,5.7897],[101.7664,5.7892],[101.7671,5.7891],[101.768,5.7891],[101.7685,5.7891],[101.7691,5.789],[101.7701,5.7881],[101.7714,5.7871],[101.7719,5.7868],[101.7725,5.7867],[101.7731,5.7867],[101.7737,5.7865],[101.7742,5.786],[101.7744,5.7854],[101.7748,5.7848],[101.7752,5.7845],[101.7757,5.7842],[101.7764,5.7836],[101.7766,5.7829],[101.7766,5.7821],[101.7766,5.7816],[101.7763,5.7811],[101.7759,5.7804],[101.7754,5.779],[101.7749,5.7775],[101.7745,5.7759],[101.7742,5.774],[101.7744,5.7723],[101.7749,5.7707],[101.7754,5.769],[101.776,5.7681],[101.7773,5.7663],[101.7784,5.765],[101.7795,5.7639],[101.7807,5.7628],[101.7822,5.761],[101.7837,5.7599],[101.7852,5.7586],[101.7868,5.7573],[101.7881,5.7557],[101.7891,5.7544],[101.7903,5.7532],[101.7914,5.7524],[101.7924,5.7511],[101.7942,5.7517],[101.7957,5.751],[101.7979,5.7508],[101.7994,5.7502],[101.8002,5.7486],[101.8009,5.7468],[101.8022,5.7457],[101.8037,5.7444],[101.8055,5.7446],[101.8069,5.7442],[101.8084,5.7437],[101.8099,5.7425],[101.8111,5.7415],[101.8117,5.7399],[101.8129,5.7387],[101.8143,5.7378],[101.8149,5.7361],[101.8149,5.7346],[101.816,5.7334],[101.8174,5.733],[101.8191,5.7336],[101.8208,5.7338],[101.8222,5.7332],[101.8239,5.7324],[101.8254,5.7334],[101.8266,5.7347],[101.8274,5.7362],[101.8279,5.7379],[101.8277,5.7398],[101.8272,5.7414],[101.827,5.7432],[101.8269,5.7451],[101.8267,5.7471],[101.8261,5.7487],[101.8253,5.7501],[101.8244,5.7514],[101.8239,5.7528],[101.8236,5.7534],[101.8232,5.7538],[101.8227,5.754],[101.8212,5.7538],[101.8195,5.7541],[101.819,5.7546],[101.8186,5.7554],[101.8185,5.7559],[101.8186,5.7565],[101.8189,5.7571],[101.8193,5.7576],[101.8199,5.7581],[101.8206,5.7583],[101.8212,5.7584],[101.8216,5.7594],[101.8216,5.7594],[101.8216,5.7595],[101.8217,5.7595],[101.8217,5.7595],[101.8218,5.7595],[101.8218,5.7595],[101.822,5.7596],[101.822,5.7596],[101.8221,5.7597],[101.8221,5.7597],[101.8223,5.7598],[101.8224,5.7599],[101.8224,5.7599],[101.8225,5.76],[101.8225,5.7601],[101.8226,5.7602],[101.8226,5.7602],[101.8226,5.7603],[101.8227,5.7604],[101.8227,5.7605],[101.8227,5.7605],[101.8227,5.7607],[101.8227,5.7608],[101.8227,5.7608],[101.8227,5.761],[101.8227,5.761],[101.8227,5.761],[101.8227,5.761],[101.8227,5.7611],[101.8227,5.7611],[101.8227,5.7611],[101.8226,5.7612],[101.8225,5.7612],[101.8225,5.7613],[101.8225,5.7613],[101.8225,5.7613],[101.8224,5.7614],[101.8224,5.7614],[101.8224,5.7615],[101.8224,5.7616],[101.8224,5.7616],[101.8224,5.7616],[101.8224,5.7617],[101.8225,5.7618],[101.8225,5.7619],[101.8225,5.7619],[101.8225,5.7619],[101.8225,5.762],[101.8226,5.762],[101.8227,5.7621],[101.8227,5.7622],[101.8228,5.7622],[101.8228,5.7622],[101.8228,5.7623],[101.8229,5.7623],[101.8229,5.7623],[101.8229,5.7624],[101.8229,5.7625],[101.8229,5.7626],[101.8229,5.7626],[101.8229,5.7626],[101.823,5.7627],[101.823,5.7627],[101.823,5.7628],[101.823,5.7628],[101.8231,5.7629],[101.8231,5.7629],[101.8232,5.763],[101.8232,5.763],[101.8232,5.763],[101.8233,5.763],[101.8234,5.7631],[101.8234,5.7631],[101.8235,5.7631],[101.8236,5.7632],[101.8236,5.7632],[101.8237,5.7632],[101.8237,5.7632],[101.8237,5.7633],[101.8237,5.7633],[101.8237,5.7634],[101.8238,5.7635],[101.8238,5.7636],[101.8238,5.7637],[101.8238,5.7638],[101.8238,5.7639],[101.8238,5.7639],[101.8238,5.764],[101.8239,5.764],[101.8239,5.7641],[101.8239,5.7641],[101.824,5.7641],[101.824,5.7642],[101.8241,5.7642],[101.8241,5.7642],[101.8242,5.7643],[101.8243,5.7643],[101.8243,5.7643],[101.8244,5.7644],[101.8244,5.7644],[101.8245,5.7645],[101.8245,5.7646],[101.8246,5.7646],[101.8246,5.7646],[101.8246,5.7647],[101.8246,5.7648],[101.8246,5.7648],[101.8246,5.7649],[101.8247,5.7651],[101.8247,5.7652],[101.8247,5.7654],[101.8247,5.7655],[101.8247,5.7655],[101.8247,5.7656],[101.8248,5.7656],[101.8248,5.7657],[101.8249,5.7659],[101.825,5.7659],[101.825,5.7659],[101.825,5.766],[101.825,5.766],[101.8251,5.766],[101.8253,5.7661],[101.8254,5.7661],[101.8255,5.7661],[101.8256,5.7662],[101.8257,5.7662],[101.8257,5.7662],[101.8257,5.7662],[101.8258,5.7663],[101.8258,5.7663],[101.8259,5.7664],[101.8259,5.7665],[101.8259,5.7665],[101.8259,5.7666],[101.8259,5.7666],[101.8258,5.7667],[101.8258,5.7667],[101.8257,5.7669],[101.8257,5.7669],[101.8257,5.7669],[101.8256,5.767],[101.8256,5.767],[101.8256,5.7671],[101.8255,5.7671],[101.8255,5.7671],[101.8254,5.7672],[101.8254,5.7672],[101.8252,5.7673],[101.8247,5.7669],[101.8231,5.7681],[101.8219,5.7691],[101.821,5.7706],[101.82,5.7722],[101.8188,5.7734],[101.8177,5.7746],[101.8166,5.7756],[101.815,5.7767],[101.8133,5.7773],[101.8117,5.7782],[101.8103,5.779],[101.8103,5.7807],[101.8107,5.7826],[101.8101,5.7842],[101.8094,5.7856],[101.8084,5.7869],[101.8074,5.7884],[101.8058,5.7897],[101.8034,5.7903],[101.8013,5.791],[101.8009,5.7925],[101.8008,5.7946],[101.8008,5.7946],[101.801,5.7961],[101.8009,5.7983],[101.8016,5.7997],[101.8029,5.8009],[101.804,5.8022],[101.806,5.8017],[101.8077,5.8025],[101.8094,5.8024],[101.8111,5.8021],[101.812,5.8033],[101.8137,5.8035],[101.8151,5.8027],[101.8167,5.8015],[101.8177,5.8029],[101.8176,5.8044],[101.8172,5.8065],[101.8168,5.8084],[101.8161,5.8109],[101.8158,5.8127],[101.8167,5.814],[101.8176,5.8155],[101.8187,5.8165],[101.8187,5.8183],[101.8182,5.8201],[101.8169,5.8213],[101.8167,5.8234],[101.8163,5.825],[101.8151,5.8263],[101.8138,5.8274],[101.8126,5.8297],[101.8115,5.8312],[101.8108,5.833],[101.8115,5.8351],[101.8116,5.837],[101.8118,5.839],[101.811,5.8402],[101.8096,5.8417],[101.8096,5.8422],[101.8093,5.8434],[101.8105,5.8449],[101.8098,5.8465],[101.8087,5.8479],[101.8079,5.8499],[101.8067,5.8508],[101.8056,5.8521],[101.8053,5.854],[101.8049,5.8556],[101.804,5.8572],[101.8029,5.8583],[101.8021,5.8597],[101.8011,5.8616],[101.8005,5.8632],[101.799,5.8644],[101.7976,5.8657],[101.7967,5.8678],[101.7954,5.8697],[101.7964,5.8709],[101.7977,5.8716],[101.7986,5.8734],[101.7995,5.8754],[101.7995,5.8775],[101.7999,5.8791],[101.801,5.8809],[101.8019,5.8829],[101.8017,5.8846],[101.8016,5.8865],[101.8019,5.8884],[101.8024,5.8899],[101.8025,5.8919],[101.8017,5.8937],[101.8017,5.8955],[101.8021,5.8973],[101.8029,5.8986],[101.8042,5.8999],[101.8055,5.9009],[101.8062,5.9023],[101.8066,5.9037],[101.8078,5.9049],[101.8089,5.9062],[101.8094,5.9078],[101.808,5.9087],[101.8078,5.9095],[101.8076,5.9104],[101.8076,5.9123],[101.8073,5.9142],[101.8069,5.9158],[101.8075,5.9175],[101.8066,5.919],[101.8057,5.9203],[101.8056,5.9221],[101.8061,5.9237],[101.8065,5.9251],[101.8059,5.9267],[101.805,5.9282],[101.8051,5.9298],[101.8052,5.932],[101.8055,5.9338],[101.8068,5.935],[101.807,5.9369],[101.807,5.9389],[101.8062,5.9403],[101.8058,5.9421],[101.8055,5.944],[101.8051,5.9455],[101.8062,5.9465],[101.8074,5.9482],[101.8092,5.9495],[101.8101,5.9513],[101.8109,5.9528],[101.8122,5.9544],[101.8136,5.9561],[101.8144,5.9577],[101.8143,5.958],[101.8138,5.9592],[101.8127,5.9606],[101.8124,5.9629],[101.8124,5.963],[101.8126,5.9647],[101.8118,5.9661],[101.8107,5.9678],[101.8105,5.9701],[101.8105,5.9719],[101.8104,5.9735],[101.8099,5.9756],[101.8098,5.9772],[101.808,5.9776],[101.8059,5.9785],[101.8046,5.9796],[101.8041,5.981],[101.8041,5.9827],[101.8041,5.9846],[101.8038,5.9864],[101.8024,5.9869],[101.8009,5.9877],[101.7989,5.9884],[101.7991,5.99],[101.799,5.9918],[101.7994,5.9941],[101.8,5.9956],[101.8008,5.9972],[101.8015,5.9987],[101.8016,6.0004],[101.8012,6.0021],[101.8023,6.0047],[101.803,6.006],[101.8036,6.0075],[101.8036,6.0093],[101.8035,6.0111],[101.8032,6.0132],[101.8021,6.0147],[101.8014,6.0153],[101.8013,6.0174],[101.8014,6.0194],[101.8019,6.0216],[101.8022,6.0236],[101.802,6.0252],[101.8014,6.0267],[101.8006,6.0283],[101.7992,6.0296],[101.7979,6.031],[101.7966,6.0321],[101.7955,6.0333],[101.795,6.0341],[101.7945,6.0347],[101.7951,6.0366],[101.7962,6.0382],[101.7972,6.0397],[101.7982,6.0412],[101.7995,6.0428],[101.8015,6.0437],[101.8029,6.0446],[101.8037,6.046],[101.8051,6.0472],[101.8064,6.0479],[101.8081,6.0488],[101.81,6.0498],[101.8112,6.0517],[101.8112,6.0533],[101.8108,6.0548],[101.8103,6.0568],[101.8099,6.0588],[101.8094,6.0604],[101.8084,6.0623],[101.8077,6.0642],[101.8066,6.0658],[101.8049,6.067],[101.8037,6.0679],[101.8016,6.0692],[101.7998,6.0703],[101.7985,6.0716],[101.7984,6.0733],[101.7985,6.076],[101.7986,6.0776],[101.7991,6.0791],[101.8009,6.0802],[101.8019,6.0814],[101.8025,6.0831],[101.8015,6.0845],[101.8011,6.0863],[101.7993,6.0875],[101.7983,6.0883],[101.7976,6.0889],[101.7971,6.0892],[101.7968,6.0893],[101.7958,6.0889],[101.7953,6.0885],[101.7945,6.0879],[101.7932,6.0868],[101.7918,6.0863],[101.7903,6.0866],[101.7889,6.0866],[101.7874,6.0863],[101.7858,6.0863],[101.7852,6.0864],[101.7841,6.0855],[101.7828,6.0844],[101.7812,6.0828],[101.7799,6.082],[101.7787,6.0808],[101.7775,6.0792],[101.7763,6.0782],[101.7749,6.0774],[101.7734,6.0768],[101.7717,6.0768],[101.7699,6.078],[101.7681,6.0789],[101.7663,6.0789],[101.7647,6.0786],[101.7627,6.0786],[101.761,6.0794],[101.7593,6.08],[101.7574,6.0804],[101.7551,6.0804],[101.7531,6.0798],[101.7514,6.0792],[101.7493,6.0786],[101.7481,6.0796],[101.7474,6.0811],[101.7453,6.0837],[101.7437,6.0844],[101.742,6.0842],[101.7405,6.0841],[101.7387,6.0847],[101.7377,6.0858],[101.7365,6.086],[101.7359,6.0861],[101.7347,6.0849],[101.7344,6.0833],[101.7346,6.0818],[101.7352,6.0796],[101.7357,6.0781],[101.7358,6.076],[101.7353,6.0744],[101.734,6.0729],[101.7326,6.0721],[101.7307,6.0719],[101.7287,6.0711],[101.727,6.0712],[101.7256,6.0722],[101.724,6.0723],[101.7215,6.0723],[101.7199,6.0719],[101.7192,6.0704],[101.7194,6.0686],[101.7188,6.067],[101.7172,6.0667],[101.7155,6.0664],[101.7136,6.0664],[101.7121,6.0668],[101.7103,6.0661],[101.7102,6.0646],[101.7104,6.063],[101.7106,6.0614],[101.7105,6.0594],[101.7113,6.0581],[101.7118,6.0561],[101.7117,6.0541],[101.7117,6.0523],[101.7129,6.051],[101.7135,6.0492],[101.7139,6.0477],[101.7135,6.0458],[101.7126,6.0443],[101.7114,6.0426],[101.7106,6.0409],[101.7095,6.0392],[101.7082,6.0375],[101.7066,6.0365],[101.7052,6.0352],[101.7038,6.0335],[101.7022,6.0328],[101.7008,6.0314],[101.7005,6.03],[101.7002,6.028],[101.6991,6.0263],[101.6979,6.0252],[101.6971,6.0234],[101.6964,6.0219],[101.696,6.0204],[101.6962,6.0186],[101.6965,6.0169],[101.6967,6.0147],[101.696,6.0126],[101.6956,6.0107],[101.6947,6.0086],[101.6932,6.008],[101.6917,6.0079],[101.6902,6.0068],[101.6908,6.0053],[101.6912,6.0039],[101.691,6.0023],[101.6857,5.9988],[101.6839,5.9985],[101.6823,5.9987],[101.6806,5.9989],[101.6802,5.998],[101.68,5.9975],[101.6799,5.9974],[101.6799,5.9974],[101.6799,5.9974],[101.6799,5.9974],[101.68,5.9974],[101.68,5.9973],[101.68,5.9972],[101.6801,5.9972],[101.6802,5.9969],[101.6802,5.9969],[101.6804,5.9967],[101.6804,5.9967],[101.6805,5.9965],[101.6805,5.9965],[101.6805,5.9965],[101.6805,5.9964],[101.6806,5.9962],[101.6806,5.9962],[101.6807,5.9961],[101.6807,5.9961],[101.6807,5.996],[101.6808,5.9959],[101.6808,5.9958],[101.6808,5.9958],[101.6809,5.9957],[101.6809,5.9956],[101.6809,5.9955],[101.6809,5.9954],[101.6809,5.9954],[101.6809,5.9953],[101.6809,5.9953],[101.6809,5.9952],[101.6809,5.9952],[101.6808,5.9952],[101.6808,5.9952],[101.6808,5.9951],[101.6808,5.9951],[101.6807,5.9951],[101.6807,5.9951],[101.6806,5.9951],[101.6806,5.9951],[101.6805,5.9951],[101.6805,5.9951],[101.6805,5.995],[101.6805,5.9951],[101.6804,5.9951],[101.6803,5.9951],[101.6802,5.9951],[101.6801,5.9951],[101.6799,5.9952],[101.6798,5.9952],[101.6795,5.9954],[101.6793,5.9955],[101.6793,5.9955],[101.6793,5.9955],[101.6792,5.9955],[101.6792,5.9956],[101.6792,5.9956],[101.679,5.9955],[101.6789,5.9955],[101.6789,5.9955],[101.6789,5.9955],[101.6788,5.9955],[101.6788,5.9955],[101.6788,5.9955],[101.6788,5.9954],[101.6788,5.9954],[101.6788,5.9954],[101.6787,5.9953],[101.6787,5.995],[101.6787,5.9948],[101.6787,5.9947],[101.6787,5.9946],[101.6787,5.9946],[101.6787,5.9946],[101.6788,5.9946],[101.6788,5.9945],[101.6788,5.9945],[101.6788,5.9944],[101.6788,5.9944],[101.6788,5.9944],[101.6789,5.9943],[101.6789,5.9943],[101.679,5.9942],[101.679,5.9942],[101.6791,5.9942],[101.6791,5.9942],[101.6792,5.9941],[101.6792,5.9941],[101.6792,5.9941],[101.6793,5.994],[101.6793,5.9939],[101.6793,5.9939],[101.6793,5.9939],[101.6793,5.9938],[101.6793,5.9938],[101.6793,5.9938],[101.6793,5.9938],[101.6793,5.9937],[101.6793,5.9937],[101.6793,5.9937],[101.6793,5.9936],[101.6792,5.9935],[101.6792,5.9935],[101.6792,5.9934],[101.6792,5.9934],[101.6792,5.9934],[101.6791,5.9933],[101.6791,5.9933],[101.6791,5.9933],[101.6791,5.9933],[101.679,5.9933],[101.679,5.9933],[101.679,5.9933],[101.679,5.9933],[101.6789,5.9933],[101.6788,5.9933],[101.6788,5.9933],[101.6788,5.9933],[101.6787,5.9933],[101.6785,5.9933],[101.6783,5.9933],[101.6781,5.9934],[101.6781,5.9934],[101.678,5.9934],[101.6779,5.9935],[101.6779,5.9935],[101.6778,5.9935],[101.6778,5.9935],[101.6778,5.9935],[101.6777,5.9935],[101.6777,5.9935],[101.6776,5.9935],[101.6776,5.9935],[101.6776,5.9935],[101.6775,5.9935],[101.6775,5.9935],[101.6775,5.9935],[101.6774,5.9935],[101.6774,5.9935],[101.6774,5.9935],[101.6774,5.9934],[101.6774,5.9934],[101.6773,5.9934],[101.6773,5.9934],[101.6773,5.9934],[101.6773,5.9933],[101.6773,5.9933],[101.6773,5.9933],[101.6773,5.9932],[101.6773,5.9932],[101.6773,5.993],[101.6773,5.993],[101.6773,5.9928],[101.6774,5.9925],[101.6774,5.9924],[101.6774,5.9923],[101.6775,5.9923],[101.6775,5.9922],[101.6774,5.9922],[101.6774,5.9922],[101.6774,5.9921],[101.6774,5.9921],[101.6774,5.9921],[101.6774,5.9921],[101.6774,5.9921],[101.6773,5.992],[101.6773,5.992],[101.6772,5.992],[101.6772,5.992],[101.6772,5.992],[101.677,5.992],[101.6769,5.992],[101.6767,5.992],[101.6764,5.9921],[101.6762,5.9921],[101.6757,5.9922],[101.6757,5.9922],[101.6754,5.9922],[101.6753,5.9922],[101.6753,5.9922],[101.6752,5.9922],[101.6752,5.9921],[101.6752,5.9921],[101.6752,5.9921],[101.6751,5.9921],[101.6751,5.9921],[101.6751,5.992],[101.6751,5.992],[101.6751,5.992],[101.6751,5.9919],[101.6751,5.9918],[101.6751,5.9917],[101.6751,5.9917],[101.6751,5.9916],[101.6752,5.9915],[101.6752,5.9914],[101.6753,5.9913],[101.6753,5.9912],[101.6753,5.9912],[101.6754,5.9911],[101.6754,5.9911],[101.6754,5.9911],[101.6754,5.9909],[101.6755,5.9905],[101.6756,5.9902],[101.6756,5.9896],[101.6757,5.9893],[101.6757,5.9892],[101.6757,5.9892],[101.6757,5.9891],[101.6757,5.9891],[101.6757,5.989],[101.6757,5.989],[101.6757,5.9889],[101.6756,5.9886],[101.6755,5.9885],[101.6754,5.988],[101.6752,5.9878],[101.6752,5.9877],[101.6752,5.9877],[101.6752,5.9877],[101.675,5.9875],[101.675,5.9875],[101.6749,5.9874],[101.6747,5.9872],[101.6745,5.9871],[101.6745,5.9871],[101.6745,5.987],[101.6744,5.987],[101.6744,5.987],[101.6741,5.9869],[101.6739,5.9868],[101.6739,5.9868],[101.6738,5.9868],[101.6738,5.9868],[101.6738,5.9868],[101.6737,5.9868],[101.6737,5.9868],[101.6735,5.9868],[101.6734,5.9868],[101.6734,5.9868],[101.6734,5.9868],[101.6733,5.9868],[101.6733,5.9868],[101.6733,5.9867],[101.6733,5.9867],[101.6732,5.9866],[101.6732,5.9866],[101.6732,5.9866],[101.6732,5.9865],[101.6732,5.9865],[101.6732,5.9864],[101.6732,5.9864],[101.6732,5.9862],[101.6732,5.986],[101.6732,5.9858],[101.6732,5.9856],[101.6732,5.9856],[101.6732,5.9856],[101.6732,5.9855],[101.6731,5.9854],[101.673,5.9851],[101.673,5.9851],[101.673,5.9851],[101.673,5.985],[101.673,5.9849],[101.673,5.9848],[101.673,5.9848],[101.673,5.9847],[101.673,5.9847],[101.673,5.9846],[101.6731,5.9845],[101.6732,5.9843],[101.6733,5.9843],[101.6733,5.9842],[101.6734,5.9841],[101.6734,5.984],[101.6734,5.984],[101.6734,5.984],[101.6734,5.9839],[101.6734,5.9839],[101.6734,5.9838],[101.6734,5.9837],[101.6733,5.9836],[101.6733,5.9835],[101.6733,5.9835],[101.6733,5.9834],[101.6732,5.9832],[101.6729,5.9827],[101.6729,5.9826],[101.6729,5.9826],[101.6729,5.9825],[101.6728,5.9824],[101.6728,5.9823],[101.6728,5.9823],[101.6727,5.9821],[101.6727,5.9821],[101.6727,5.982],[101.6727,5.9819],[101.6727,5.9819],[101.6727,5.9818],[101.6726,5.9816],[101.6726,5.9813],[101.6727,5.9812],[101.6727,5.9811],[101.6727,5.9809],[101.6727,5.9808],[101.6727,5.9806],[101.6727,5.98],[101.6727,5.9798],[101.6727,5.9798],[101.6727,5.9797],[101.6727,5.9797],[101.6728,5.9794],[101.6728,5.9794],[101.6728,5.9794],[101.6728,5.9793],[101.6729,5.9792],[101.6729,5.9791],[101.673,5.9791],[101.673,5.979],[101.6731,5.979],[101.6731,5.979],[101.6731,5.979],[101.6732,5.9789],[101.6734,5.9789],[101.6734,5.9789],[101.6735,5.9789],[101.6735,5.9789],[101.6736,5.9789],[101.6736,5.9789],[101.6736,5.9788],[101.6736,5.9788],[101.6737,5.9788],[101.6737,5.9788],[101.6737,5.9787],[101.6739,5.9784],[101.674,5.9781],[101.6741,5.978],[101.6742,5.9777],[101.6743,5.9776],[101.6743,5.9775],[101.6743,5.9774],[101.6743,5.9773],[101.6744,5.9773],[101.6744,5.9772],[101.6744,5.9772],[101.6744,5.9771],[101.6744,5.9771],[101.6743,5.977],[101.6743,5.977],[101.6743,5.977],[101.6743,5.977],[101.6742,5.977],[101.6742,5.9769],[101.6742,5.9769],[101.674,5.9769],[101.674,5.9769],[101.6739,5.9769],[101.6738,5.9769],[101.6737,5.9769],[101.6736,5.9769],[101.6735,5.977],[101.6734,5.977],[101.6733,5.977],[101.6733,5.9769],[101.6733,5.9769],[101.6732,5.9769],[101.6732,5.9769],[101.6732,5.9769],[101.6732,5.9769],[101.673,5.9768],[101.6729,5.9767],[101.6729,5.9767],[101.6727,5.9765],[101.6727,5.9765],[101.6727,5.9764],[101.6727,5.9764],[101.6726,5.9764],[101.6726,5.9764],[101.6725,5.9764],[101.6725,5.9764],[101.6721,5.9764],[101.6721,5.9764],[101.6721,5.9764],[101.672,5.9764],[101.672,5.9764],[101.672,5.9764],[101.6719,5.9764],[101.6718,5.9763],[101.6717,5.9763],[101.6715,5.9762],[101.6715,5.9762],[101.6715,5.9761],[101.6715,5.9761],[101.6715,5.9761],[101.6715,5.9761],[101.6715,5.976],[101.6715,5.976],[101.6714,5.976],[101.6714,5.976],[101.6714,5.9759],[101.6714,5.9759],[101.6714,5.9759],[101.6713,5.9759],[101.6713,5.9759],[101.6713,5.9759],[101.6712,5.9759],[101.6711,5.9759],[101.6711,5.9759],[101.671,5.9759],[101.671,5.9759],[101.671,5.9759],[101.6709,5.976],[101.6708,5.976],[101.6708,5.976],[101.6708,5.976],[101.6707,5.9762],[101.6707,5.9762],[101.6707,5.9763],[101.6707,5.9764],[101.6706,5.9765],[101.6705,5.9765],[101.6705,5.9766],[101.6705,5.9766],[101.6705,5.9767],[101.6704,5.9767],[101.6704,5.9768],[101.6704,5.9768],[101.6704,5.9768],[101.6704,5.9769],[101.6704,5.9769],[101.6704,5.9771],[101.6704,5.9771],[101.6703,5.9771],[101.6703,5.9772],[101.6703,5.9772],[101.6703,5.9772],[101.6703,5.9773],[101.6702,5.9773],[101.6702,5.9773],[101.6701,5.9773],[101.6701,5.9773],[101.6701,5.9774],[101.67,5.9774],[101.67,5.9774],[101.67,5.9774],[101.6699,5.9774],[101.6699,5.9774],[101.6699,5.9774],[101.6698,5.9774],[101.6698,5.9773],[101.6698,5.9773],[101.6698,5.9773],[101.6697,5.9773],[101.6697,5.9773],[101.6697,5.9772],[101.6697,5.9772],[101.6696,5.9771],[101.6696,5.977],[101.6696,5.977],[101.6696,5.9769],[101.6696,5.9769],[101.6696,5.9769],[101.6695,5.9767],[101.6696,5.9765],[101.6696,5.9763],[101.6696,5.9763],[101.6695,5.9761],[101.6695,5.9761],[101.6695,5.976],[101.6695,5.976],[101.6695,5.976],[101.6695,5.976],[101.6695,5.976],[101.6695,5.9759],[101.6695,5.9759],[101.6694,5.9758],[101.6694,5.9758],[101.6693,5.9757],[101.6693,5.9757],[101.6693,5.9756],[101.6692,5.9756],[101.6689,5.9754],[101.6685,5.9751],[101.6683,5.9749],[101.6681,5.9748],[101.668,5.9747],[101.6679,5.9746],[101.6679,5.9746],[101.6679,5.9746],[101.6679,5.9745],[101.6679,5.9744],[101.6679,5.9743],[101.6679,5.9743],[101.668,5.9741],[101.6681,5.974],[101.6681,5.9738],[101.6682,5.9738],[101.6684,5.9736],[101.6685,5.9735],[101.6686,5.9735],[101.6686,5.9734],[101.6688,5.9732],[101.6688,5.9732],[101.6688,5.9732],[101.6688,5.9731],[101.6688,5.9731],[101.6688,5.9731],[101.6688,5.973],[101.6687,5.973],[101.6687,5.973],[101.6687,5.973],[101.6687,5.9729],[101.6686,5.9728],[101.6686,5.9728],[101.6686,5.9727],[101.6685,5.9727],[101.6685,5.9727],[101.6685,5.9727],[101.6684,5.9726],[101.6683,5.9726],[101.6682,5.9725],[101.668,5.9725],[101.668,5.9725],[101.6677,5.9725],[101.6676,5.9725],[101.6676,5.9725],[101.6675,5.9725],[101.6675,5.9725],[101.6675,5.9725],[101.6675,5.9725],[101.6675,5.9725],[101.6674,5.9724],[101.6674,5.9724],[101.6674,5.9724],[101.6673,5.9724],[101.6673,5.9724],[101.6673,5.9724],[101.6673,5.9723],[101.6673,5.9723],[101.6673,5.9723],[101.6673,5.9722],[101.6673,5.9722],[101.6673,5.9722],[101.6673,5.9722],[101.6674,5.9722],[101.6674,5.972],[101.6676,5.9719],[101.6676,5.9718],[101.6677,5.9717],[101.6677,5.9716],[101.6677,5.9716],[101.6677,5.9715],[101.6678,5.9714],[101.6678,5.9713],[101.6678,5.9713],[101.6678,5.9713],[101.6678,5.9712],[101.6678,5.9712],[101.6677,5.9712],[101.6677,5.9711],[101.6677,5.9711],[101.6677,5.9711],[101.6677,5.9711],[101.6676,5.9711],[101.6676,5.9711],[101.6676,5.9711],[101.6675,5.971],[101.6674,5.971],[101.6671,5.971],[101.6671,5.9709],[101.6669,5.9709],[101.6669,5.9709],[101.6669,5.9709],[101.6668,5.9708],[101.6668,5.9708],[101.6668,5.9708],[101.6667,5.9707],[101.6667,5.9707],[101.6666,5.9706],[101.6666,5.9705],[101.6666,5.9705],[101.6665,5.9702],[101.6665,5.97],[101.6664,5.9699],[101.6664,5.9699],[101.6664,5.9698],[101.6664,5.9697],[101.6664,5.9697],[101.6663,5.9697],[101.6662,5.9694],[101.666,5.9691],[101.6659,5.969],[101.6659,5.969],[101.6659,5.969],[101.6658,5.969],[101.6658,5.969],[101.6657,5.969],[101.6657,5.969],[101.6656,5.969],[101.6656,5.969],[101.6655,5.969],[101.6655,5.969],[101.6655,5.969],[101.6655,5.969],[101.6654,5.9692],[101.6654,5.9693],[101.6653,5.9694],[101.6653,5.9695],[101.6653,5.9695],[101.6653,5.9696],[101.6653,5.9696],[101.6652,5.9696],[101.6652,5.9696],[101.6652,5.9697],[101.6652,5.9697],[101.6652,5.9697],[101.6651,5.9697],[101.6651,5.9697],[101.6651,5.9697],[101.665,5.9697],[101.665,5.9696],[101.665,5.9696],[101.665,5.9696],[101.6649,5.9696],[101.6649,5.9696],[101.6649,5.9694],[101.6649,5.9694],[101.6648,5.9693],[101.6648,5.9693],[101.6648,5.9692],[101.6647,5.9692],[101.6647,5.9692],[101.6647,5.9692],[101.6647,5.9691],[101.6646,5.9691],[101.6645,5.9691],[101.6645,5.9691],[101.6644,5.9691],[101.6643,5.9691],[101.6643,5.9691],[101.6643,5.9691],[101.6642,5.9691],[101.6642,5.9691],[101.6642,5.9691],[101.6642,5.969],[101.6641,5.969],[101.6641,5.969],[101.6641,5.969],[101.664,5.9689],[101.664,5.9689],[101.664,5.9688],[101.664,5.9688],[101.664,5.9687],[101.6639,5.9685],[101.6638,5.9681],[101.6638,5.9678],[101.6638,5.9678],[101.6638,5.9677],[101.6638,5.9675],[101.6637,5.9674],[101.6637,5.9674],[101.6637,5.9674],[101.6637,5.9673],[101.6637,5.9673],[101.6636,5.9673],[101.6636,5.9673],[101.6636,5.9673],[101.6635,5.9673],[101.6635,5.9673],[101.6633,5.9673],[101.6631,5.9673],[101.663,5.9673],[101.663,5.9673],[101.663,5.9673],[101.663,5.9673],[101.6629,5.9673],[101.6627,5.9671],[101.6626,5.9671],[101.6625,5.967],[101.6625,5.967],[101.6624,5.967],[101.6624,5.967],[101.6624,5.967],[101.6624,5.967],[101.6623,5.967],[101.6623,5.967],[101.6623,5.9671],[101.6622,5.9671],[101.6622,5.9672],[101.6621,5.9672],[101.662,5.9673],[101.662,5.9674],[101.662,5.9674],[101.662,5.9674],[101.6619,5.9674],[101.6619,5.9674],[101.6619,5.9674],[101.6618,5.9674],[101.6618,5.9674],[101.6618,5.9674],[101.6617,5.9674],[101.6617,5.9674],[101.6617,5.9673],[101.6617,5.9673],[101.6616,5.9672],[101.6615,5.9672],[101.6615,5.9671],[101.6615,5.967],[101.6615,5.967],[101.6614,5.967],[101.6614,5.9669],[101.6614,5.9669],[101.6613,5.9669],[101.6613,5.9669],[101.6613,5.9669],[101.6613,5.9669],[101.6612,5.967],[101.6612,5.967],[101.6611,5.967],[101.6611,5.9671],[101.661,5.9673],[101.661,5.9673],[101.6609,5.9674],[101.6609,5.9674],[101.6609,5.9674],[101.6609,5.9674],[101.6609,5.9674],[101.6608,5.9674],[101.6608,5.9674],[101.6608,5.9674],[101.6608,5.9674],[101.6608,5.9674],[101.6607,5.9674],[101.6607,5.9673],[101.6607,5.9672],[101.6607,5.9672],[101.6607,5.9672],[101.6607,5.9672],[101.6606,5.9672],[101.6606,5.9672],[101.6606,5.9672],[101.6606,5.9672],[101.6606,5.9672],[101.6606,5.9672],[101.6605,5.9673],[101.6604,5.9673],[101.6604,5.9673],[101.6604,5.9673],[101.6604,5.9673],[101.6603,5.9673],[101.6603,5.9673],[101.6603,5.9673],[101.6603,5.9673],[101.6603,5.9673],[101.6603,5.9672],[101.6603,5.9671],[101.6603,5.9669],[101.6603,5.9669],[101.6603,5.9669],[101.6603,5.9668],[101.6602,5.9667],[101.6602,5.9666],[101.6602,5.9666],[101.6602,5.9665],[101.6602,5.9663],[101.6602,5.9659],[101.6602,5.9656],[101.6602,5.9655],[101.6602,5.9655],[101.6602,5.9655],[101.6602,5.9654],[101.6602,5.9654],[101.6603,5.9653],[101.6604,5.9653],[101.6604,5.9653],[101.6605,5.9652],[101.6605,5.9652],[101.6606,5.9652],[101.6606,5.9652],[101.6606,5.9652],[101.6606,5.9652],[101.661,5.9652],[101.661,5.9653],[101.661,5.9653],[101.661,5.9653],[101.6611,5.9654],[101.6612,5.9654],[101.6612,5.9655],[101.6612,5.9655],[101.6612,5.9655],[101.6613,5.9655],[101.6613,5.9655],[101.6613,5.9654],[101.6613,5.9654],[101.6613,5.9654],[101.6614,5.9653],[101.6614,5.9653],[101.6614,5.9652],[101.6614,5.9652],[101.6614,5.9652],[101.6614,5.9651],[101.6614,5.965],[101.6614,5.9649],[101.6614,5.9648],[101.6614,5.9648],[101.6614,5.9648],[101.6614,5.9647],[101.6613,5.9646],[101.6613,5.9645],[101.6613,5.9645],[101.6612,5.9644],[101.6612,5.9644],[101.6612,5.9644],[101.6613,5.9644],[101.6613,5.9643],[101.6613,5.9643],[101.6613,5.9643],[101.6613,5.9643],[101.6613,5.9643],[101.6614,5.9643],[101.6615,5.9643],[101.6615,5.9643],[101.6615,5.9643],[101.6616,5.9643],[101.6616,5.9643],[101.6616,5.9643],[101.6616,5.9643],[101.6616,5.9643],[101.6616,5.9642],[101.6617,5.964],[101.6617,5.9639],[101.6617,5.9637],[101.6617,5.9636],[101.6617,5.9636],[101.6617,5.9635],[101.6617,5.9635],[101.6617,5.9635],[101.6617,5.9635],[101.6617,5.9634],[101.6617,5.9634],[101.6616,5.9634],[101.6616,5.9634],[101.6616,5.9634],[101.6616,5.9634],[101.6615,5.9634],[101.6615,5.9635],[101.6614,5.9635],[101.6614,5.9635],[101.6614,5.9635],[101.6614,5.9635],[101.6614,5.9636],[101.6614,5.9636],[101.6613,5.9636],[101.6613,5.9636],[101.6611,5.9636],[101.6611,5.9636],[101.6611,5.9636],[101.661,5.9636],[101.661,5.9636],[101.6609,5.9636],[101.6607,5.9638],[101.6606,5.9638],[101.6606,5.9638],[101.6606,5.9638],[101.6606,5.9638],[101.6605,5.9638],[101.6605,5.9638],[101.6605,5.9638],[101.6605,5.9638],[101.6604,5.9638],[101.6604,5.9638],[101.6604,5.9638],[101.6604,5.9637],[101.6603,5.9637],[101.6603,5.9636],[101.6603,5.9635],[101.6603,5.9635],[101.6603,5.9635],[101.6603,5.9635],[101.6603,5.9634],[101.6603,5.9634],[101.6604,5.963],[101.6604,5.9627],[101.6604,5.9627],[101.6604,5.9627],[101.6604,5.9626],[101.6604,5.9623],[101.6603,5.9622],[101.6603,5.9622],[101.6603,5.9622],[101.6603,5.9621],[101.6602,5.9619],[101.6602,5.9619],[101.6602,5.9618],[101.6601,5.9616],[101.66,5.9615],[101.6598,5.9612],[101.6597,5.9611],[101.6596,5.9609],[101.6596,5.9608],[101.6595,5.9608],[101.6595,5.9608],[101.6594,5.9607],[101.6594,5.9607],[101.6593,5.9606],[101.659,5.9604],[101.659,5.9603],[101.6589,5.9603],[101.6588,5.9603],[101.6587,5.9603],[101.6587,5.9603],[101.6586,5.9603],[101.6585,5.9603],[101.6585,5.9603],[101.6585,5.9604],[101.6584,5.9604],[101.6584,5.9604],[101.6583,5.9605],[101.6583,5.9605],[101.6583,5.9605],[101.6582,5.9606],[101.6581,5.9608],[101.6581,5.9608],[101.6581,5.9608],[101.6581,5.9609],[101.658,5.9609],[101.658,5.961],[101.658,5.961],[101.6579,5.961],[101.6579,5.961],[101.6579,5.961],[101.6578,5.961],[101.6578,5.961],[101.6576,5.961],[101.6575,5.9609],[101.6574,5.9609],[101.6574,5.9609],[101.6573,5.9609],[101.6573,5.961],[101.6573,5.961],[101.6571,5.961],[101.6571,5.961],[101.6569,5.9611],[101.6568,5.9611],[101.6568,5.9612],[101.6567,5.9612],[101.6567,5.9612],[101.6566,5.9611],[101.6565,5.9611],[101.6563,5.9611],[101.6562,5.9611],[101.656,5.9611],[101.6559,5.9611],[101.6559,5.961],[101.6558,5.961],[101.6558,5.961],[101.6558,5.961],[101.6557,5.961],[101.6557,5.961],[101.6557,5.9609],[101.6557,5.9609],[101.6557,5.9609],[101.6557,5.9608],[101.6557,5.9607],[101.6557,5.9607],[101.6557,5.9606],[101.6558,5.9606],[101.6558,5.9605],[101.6558,5.9605],[101.6559,5.9604],[101.6561,5.9602],[101.6562,5.9601],[101.6565,5.96],[101.6565,5.96],[101.6566,5.9599],[101.6566,5.9599],[101.6566,5.9599],[101.6567,5.9597],[101.6567,5.9597],[101.6568,5.9596],[101.6568,5.9596],[101.6569,5.9595],[101.6569,5.9595],[101.6569,5.9595],[101.657,5.9595],[101.657,5.9595],[101.657,5.9595],[101.6571,5.9595],[101.6571,5.9595],[101.6572,5.9595],[101.6572,5.9595],[101.6572,5.9595],[101.6573,5.9595],[101.6574,5.9596],[101.6575,5.9596],[101.6575,5.9596],[101.6575,5.9597],[101.6576,5.9597],[101.6576,5.9596],[101.6576,5.9596],[101.6576,5.9596],[101.6577,5.9596],[101.6577,5.9596],[101.6577,5.9595],[101.6577,5.9595],[101.6577,5.9594],[101.6578,5.9593],[101.6578,5.9592],[101.6578,5.9592],[101.6577,5.9591],[101.6577,5.9589],[101.6577,5.9588],[101.6576,5.9587],[101.6576,5.9586],[101.6575,5.9586],[101.6575,5.9585],[101.6574,5.9585],[101.6573,5.9584],[101.6573,5.9584],[101.6573,5.9583],[101.6573,5.9583],[101.6572,5.9583],[101.6572,5.9583],[101.6571,5.9583],[101.657,5.9583],[101.657,5.9583],[101.6568,5.9582],[101.6567,5.9582],[101.6566,5.9581],[101.6565,5.9581],[101.6565,5.958],[101.6564,5.958],[101.6564,5.958],[101.6564,5.9579],[101.6563,5.9579],[101.6563,5.9578],[101.6563,5.9577],[101.6562,5.9577],[101.6562,5.9577],[101.6562,5.9575],[101.6562,5.9575],[101.6561,5.9575],[101.6561,5.9574],[101.6561,5.9572],[101.6561,5.9571],[101.6562,5.957],[101.6562,5.9569],[101.6562,5.9568],[101.6562,5.9568],[101.6562,5.9568],[101.6562,5.9567],[101.6561,5.9567],[101.6561,5.9567],[101.6561,5.9566],[101.6561,5.9566],[101.656,5.9566],[101.656,5.9565],[101.656,5.9565],[101.656,5.9565],[101.6559,5.9565],[101.6559,5.9565],[101.6559,5.9566],[101.6558,5.9566],[101.6558,5.9566],[101.6557,5.9567],[101.6553,5.957],[101.6553,5.957],[101.6553,5.9571],[101.6552,5.9571],[101.6551,5.9572],[101.6551,5.9572],[101.6551,5.9572],[101.6551,5.9572],[101.655,5.9572],[101.655,5.9572],[101.655,5.9572],[101.6548,5.9571],[101.6548,5.9571],[101.6547,5.9571],[101.6547,5.9571],[101.6547,5.9571],[101.6547,5.9571],[101.6546,5.9571],[101.6546,5.9571],[101.6546,5.9571],[101.6545,5.9572],[101.6543,5.9575],[101.6542,5.9576],[101.6541,5.9577],[101.6541,5.9577],[101.6541,5.9577],[101.654,5.9577],[101.654,5.9577],[101.654,5.9577],[101.6539,5.9577],[101.6539,5.9577],[101.6539,5.9577],[101.6539,5.9577],[101.6539,5.9576],[101.6539,5.9575],[101.6539,5.9573],[101.6539,5.9572],[101.6539,5.9572],[101.654,5.9571],[101.654,5.957],[101.654,5.9569],[101.654,5.9569],[101.654,5.9569],[101.654,5.9568],[101.654,5.9568],[101.654,5.9568],[101.6539,5.9568],[101.6539,5.9568],[101.6539,5.9568],[101.6538,5.9568],[101.6538,5.9567],[101.6537,5.9567],[101.6537,5.9567],[101.6533,5.9568],[101.6533,5.9568],[101.6529,5.9568],[101.6528,5.9568],[101.6528,5.9568],[101.6527,5.9568],[101.6527,5.9568],[101.6527,5.9567],[101.6526,5.9567],[101.6525,5.9567],[101.6525,5.9567],[101.6525,5.9567],[101.6524,5.9566],[101.6523,5.9566],[101.6521,5.9566],[101.652,5.9566],[101.6519,5.9566],[101.6519,5.9566],[101.6518,5.9565],[101.6518,5.9565],[101.6518,5.9565],[101.6517,5.9565],[101.6516,5.9565],[101.6515,5.9565],[101.6512,5.9564],[101.6512,5.9564],[101.6512,5.9564],[101.6511,5.9564],[101.651,5.9563],[101.651,5.9563],[101.651,5.9563],[101.651,5.9562],[101.651,5.9562],[101.6509,5.9561],[101.6509,5.956],[101.6509,5.956],[101.6508,5.9559],[101.6508,5.9558],[101.6508,5.9558],[101.6508,5.9558],[101.6508,5.9557],[101.6508,5.9557],[101.6508,5.9557],[101.6508,5.9556],[101.6508,5.9556],[101.6508,5.9556],[101.6507,5.9555],[101.6507,5.9554],[101.6506,5.9554],[101.6506,5.9554],[101.6506,5.9553],[101.6505,5.9553],[101.6505,5.9552],[101.6505,5.9552],[101.6505,5.9552],[101.6505,5.955],[101.6505,5.955],[101.6505,5.9549],[101.6505,5.9548],[101.6506,5.9546],[101.6506,5.9546],[101.6506,5.9545],[101.6507,5.9544],[101.6507,5.9544],[101.6508,5.9544],[101.6508,5.9544],[101.6509,5.9544],[101.651,5.9544],[101.651,5.9544],[101.651,5.9544],[101.6511,5.9544],[101.6512,5.9545],[101.6513,5.9545],[101.6513,5.9545],[101.6515,5.9546],[101.652,5.9547],[101.652,5.9548],[101.6521,5.9548],[101.6522,5.9548],[101.6522,5.9548],[101.6523,5.9547],[101.6523,5.9547],[101.6523,5.9547],[101.6524,5.9546],[101.6524,5.9546],[101.6524,5.9545],[101.6524,5.9545],[101.6524,5.9544],[101.6524,5.9544],[101.6524,5.9543],[101.6524,5.9543],[101.6524,5.9542],[101.6523,5.9542],[101.6523,5.9541],[101.6522,5.954],[101.6522,5.9539],[101.6521,5.9538],[101.6521,5.9538],[101.6521,5.9538],[101.6521,5.9537],[101.6521,5.9537],[101.6521,5.9537],[101.6521,5.9537],[101.6521,5.9536],[101.652,5.9534],[101.652,5.9533],[101.652,5.9533],[101.652,5.9531],[101.6521,5.9531],[101.6521,5.953],[101.6521,5.953],[101.6521,5.953],[101.6521,5.9529],[101.6521,5.9529],[101.6522,5.9527],[101.6524,5.9525],[101.6525,5.9524],[101.6525,5.9523],[101.6526,5.9522],[101.6527,5.9521],[101.6527,5.9521],[101.6528,5.9521],[101.6528,5.952],[101.6528,5.952],[101.6528,5.952],[101.6528,5.9519],[101.6528,5.9519],[101.6528,5.9518],[101.6528,5.9517],[101.6528,5.9517],[101.6528,5.9516],[101.6528,5.9516],[101.6527,5.9515],[101.6527,5.9515],[101.6527,5.9515],[101.6527,5.9515],[101.6526,5.9515],[101.6526,5.9514],[101.6526,5.9514],[101.6525,5.9514],[101.6524,5.9514],[101.6524,5.9515],[101.6523,5.9515],[101.6523,5.9515],[101.6522,5.9516],[101.6522,5.9516],[101.652,5.9517],[101.652,5.9517],[101.652,5.9517],[101.6519,5.9517],[101.6519,5.9517],[101.6519,5.9517],[101.6518,5.9517],[101.6518,5.9517],[101.6518,5.9517],[101.6517,5.9517],[101.6517,5.9517],[101.6517,5.9517],[101.6516,5.9516],[101.6516,5.9516],[101.6516,5.9516],[101.6516,5.9515],[101.6516,5.9515],[101.6516,5.9514],[101.6516,5.9514],[101.6516,5.9513],[101.6516,5.9512],[101.6516,5.9511],[101.6517,5.9511],[101.6519,5.9508],[101.6519,5.9507],[101.652,5.9506],[101.652,5.9506],[101.652,5.9505],[101.652,5.9505],[101.652,5.9505],[101.652,5.9505],[101.652,5.9504],[101.652,5.9504],[101.6518,5.9502],[101.6518,5.9501],[101.6518,5.9501],[101.6517,5.9499],[101.6517,5.9499],[101.6517,5.9498],[101.6516,5.9498],[101.6516,5.9497],[101.6516,5.9496],[101.6516,5.9496],[101.6516,5.9495],[101.6516,5.9495],[101.6516,5.9494],[101.6515,5.9493],[101.6515,5.9493],[101.6515,5.9491],[101.6515,5.949],[101.6515,5.949],[101.6515,5.9489],[101.6515,5.9489],[101.6516,5.9487],[101.6516,5.9487],[101.6516,5.9486],[101.6516,5.9486],[101.6516,5.9485],[101.6516,5.9484],[101.6516,5.9484],[101.6516,5.9484],[101.6516,5.9484],[101.6516,5.9483],[101.6516,5.9483],[101.6516,5.9483],[101.6515,5.9482],[101.6515,5.9482],[101.6514,5.9482],[101.6514,5.9482],[101.6514,5.9482],[101.6513,5.9482],[101.6513,5.9482],[101.6512,5.9483],[101.6511,5.9484],[101.6511,5.9484],[101.6511,5.9485],[101.651,5.9485],[101.651,5.9485],[101.651,5.9485],[101.651,5.9486],[101.6509,5.9486],[101.6508,5.9486],[101.6507,5.9486],[101.6507,5.9486],[101.6507,5.9486],[101.6507,5.9486],[101.6506,5.9486],[101.6506,5.9485],[101.6506,5.9485],[101.6506,5.9485],[101.6505,5.9485],[101.6505,5.9485],[101.6505,5.9485],[101.6505,5.9484],[101.6505,5.9484],[101.6505,5.9483],[101.6505,5.9481],[101.6505,5.948],[101.6505,5.9476],[101.6505,5.9474],[101.6505,5.9473],[101.6505,5.9473],[101.6505,5.947],[101.6504,5.9466],[101.6504,5.9466],[101.6502,5.9463],[101.6502,5.9462],[101.6501,5.9461],[101.6501,5.9461],[101.6501,5.9461],[101.6501,5.9461],[101.65,5.946],[101.65,5.946],[101.6499,5.946],[101.6499,5.946],[101.6498,5.9459],[101.6498,5.9459],[101.6496,5.946],[101.6494,5.946],[101.6494,5.946],[101.6493,5.946],[101.6492,5.946],[101.6492,5.946],[101.6492,5.946],[101.6491,5.946],[101.6491,5.946],[101.649,5.946],[101.649,5.946],[101.6489,5.9461],[101.6489,5.9461],[101.6488,5.9461],[101.6488,5.9461],[101.6488,5.9461],[101.6488,5.9461],[101.6487,5.9461],[101.6487,5.946],[101.6487,5.946],[101.6486,5.946],[101.6486,5.9459],[101.6486,5.9459],[101.6486,5.9459],[101.6486,5.9458],[101.6486,5.9458],[101.6485,5.9457],[101.6485,5.9457],[101.6485,5.9456],[101.6486,5.9456],[101.6486,5.9456],[101.6486,5.9455],[101.6486,5.9454],[101.6487,5.9453],[101.6487,5.9452],[101.6488,5.9452],[101.6489,5.945],[101.649,5.9449],[101.649,5.9448],[101.649,5.9448],[101.6491,5.9447],[101.6491,5.9446],[101.6492,5.9445],[101.6494,5.9442],[101.6496,5.9439],[101.6498,5.9436],[101.65,5.9434],[101.65,5.9434],[101.6503,5.9431],[101.6504,5.9431],[101.6505,5.943],[101.6505,5.943],[101.6506,5.9429],[101.6508,5.9427],[101.651,5.9425],[101.6512,5.9422],[101.6512,5.9422],[101.6513,5.9421],[101.6513,5.9421],[101.6516,5.9419],[101.6517,5.9418],[101.6518,5.9418],[101.6518,5.9418],[101.6519,5.9418],[101.6521,5.9417],[101.6521,5.9417],[101.6521,5.9417],[101.6521,5.9417],[101.6522,5.9416],[101.6522,5.9416],[101.6522,5.9416],[101.6522,5.9416],[101.6522,5.9416],[101.6522,5.9415],[101.6522,5.9415],[101.6522,5.9415],[101.6522,5.9415],[101.6522,5.9414],[101.6522,5.9414],[101.6521,5.9413],[101.652,5.9413],[101.6519,5.9412],[101.6518,5.9411],[101.6516,5.9409],[101.6515,5.9408],[101.6514,5.9406],[101.6513,5.9406],[101.6513,5.9405],[101.6512,5.9404],[101.651,5.9402],[101.6509,5.9401],[101.6508,5.94],[101.6507,5.9399],[101.6507,5.9398],[101.6506,5.9397],[101.6506,5.9396],[101.6506,5.9396],[101.6506,5.9396],[101.6506,5.9395],[101.6506,5.9395],[101.6506,5.9394],[101.6506,5.9394],[101.6506,5.9393],[101.6506,5.9393],[101.6506,5.9393],[101.6506,5.9392],[101.6506,5.9392],[101.6507,5.9392],[101.6507,5.9392],[101.6507,5.9392],[101.6507,5.9392],[101.6508,5.9392],[101.6508,5.9392],[101.6509,5.9392],[101.6509,5.9392],[101.651,5.9392],[101.6511,5.9392],[101.6512,5.9393],[101.6513,5.9393],[101.6513,5.9393],[101.6513,5.9393],[101.6513,5.9393],[101.6514,5.9393],[101.6514,5.9393],[101.6514,5.9393],[101.6514,5.9393],[101.6514,5.9392],[101.6514,5.9392],[101.6515,5.9392],[101.6515,5.9392],[101.6515,5.9391],[101.6515,5.9391],[101.6515,5.9391],[101.6515,5.9391],[101.6515,5.9391],[101.6514,5.939],[101.6513,5.9388],[101.651,5.9384],[101.6508,5.9382],[101.6506,5.9379],[101.6506,5.9379],[101.6504,5.9377],[101.6504,5.9376],[101.6503,5.9376],[101.6503,5.9375],[101.6503,5.9375],[101.6503,5.9375],[101.6502,5.9375],[101.6502,5.9375],[101.6502,5.9375],[101.6501,5.9375],[101.65,5.9375],[101.6499,5.9375],[101.6499,5.9375],[101.6499,5.9375],[101.6499,5.9375],[101.6499,5.9375],[101.6498,5.9375],[101.6498,5.9375],[101.6498,5.9375],[101.6498,5.9375],[101.6497,5.9374],[101.6497,5.9374],[101.6496,5.9374],[101.6496,5.9374],[101.6496,5.9374],[101.6496,5.9373],[101.6495,5.9373],[101.6495,5.9372],[101.6495,5.9372],[101.6495,5.9372],[101.6495,5.9372],[101.6495,5.9371],[101.6495,5.9371],[101.6495,5.937],[101.6495,5.9369],[101.6495,5.9369],[101.6495,5.9369],[101.6495,5.9369],[101.6496,5.9368],[101.6497,5.9367],[101.6498,5.9367],[101.6499,5.9366],[101.65,5.9366],[101.65,5.9366],[101.6501,5.9365],[101.6502,5.9365],[101.6503,5.9365],[101.6505,5.9365],[101.6505,5.9365],[101.6507,5.9365],[101.6508,5.9365],[101.6508,5.9365],[101.6509,5.9365],[101.651,5.9365],[101.651,5.9364],[101.651,5.9364],[101.651,5.9364],[101.6511,5.9364],[101.6511,5.9364],[101.6511,5.9364],[101.6511,5.9363],[101.6511,5.9363],[101.6511,5.9362],[101.6511,5.9362],[101.6511,5.936],[101.6511,5.9358],[101.6511,5.9358],[101.6511,5.9358],[101.651,5.9356],[101.651,5.9356],[101.651,5.9354],[101.651,5.9354],[101.651,5.9353],[101.651,5.9352],[101.651,5.9352],[101.6511,5.935],[101.6511,5.935],[101.6511,5.9349],[101.6512,5.9349],[101.6512,5.9348],[101.6511,5.9347],[101.6511,5.9347],[101.6511,5.9347],[101.6511,5.9346],[101.6511,5.9346],[101.6511,5.9346],[101.6511,5.9346],[101.651,5.9346],[101.651,5.9346],[101.6509,5.9345],[101.6508,5.9345],[101.6508,5.9345],[101.6506,5.9344],[101.6504,5.9343],[101.6502,5.9342],[101.6502,5.9342],[101.6501,5.9342],[101.6501,5.9342],[101.6501,5.9342],[101.6501,5.9342],[101.65,5.9342],[101.65,5.9342],[101.6498,5.9342],[101.6497,5.9343],[101.6496,5.9343],[101.6496,5.9343],[101.6496,5.9343],[101.6496,5.9343],[101.6496,5.9342],[101.6496,5.9342],[101.6496,5.9341],[101.6495,5.9341],[101.6495,5.934],[101.6495,5.9339],[101.6495,5.9339],[101.6495,5.9339],[101.6496,5.9338],[101.6496,5.9337],[101.6497,5.9335],[101.6497,5.9333],[101.6497,5.9333],[101.6498,5.9333],[101.6498,5.9333],[101.6498,5.9331],[101.6498,5.9329],[101.6498,5.9329],[101.6498,5.9329],[101.6498,5.9328],[101.6499,5.9327],[101.65,5.9326],[101.65,5.9325],[101.65,5.9325],[101.6501,5.9322],[101.6501,5.9321],[101.6501,5.9321],[101.6501,5.932],[101.6501,5.932],[101.6501,5.932],[101.6501,5.932],[101.6501,5.932],[101.6501,5.9319],[101.65,5.9318],[101.6499,5.9317],[101.6498,5.9316],[101.6498,5.9316],[101.6497,5.9315],[101.6497,5.9315],[101.6497,5.9315],[101.6497,5.9314],[101.6497,5.9314],[101.6497,5.9312],[101.6496,5.9312],[101.6496,5.9311],[101.6496,5.931],[101.6496,5.9309],[101.6495,5.9307],[101.6495,5.9307],[101.6495,5.9305],[101.6495,5.9305],[101.6495,5.9304],[101.6495,5.9303],[101.6495,5.9302],[101.6495,5.9301],[101.6495,5.9299],[101.6495,5.9299],[101.6495,5.9299],[101.6496,5.9296],[101.6498,5.9294],[101.6498,5.9293],[101.6498,5.9293],[101.6498,5.9292],[101.6499,5.929],[101.6499,5.929],[101.6499,5.929],[101.6499,5.9289],[101.6499,5.9289],[101.6499,5.9289],[101.6499,5.9288],[101.6499,5.9288],[101.6499,5.9288],[101.6498,5.9288],[101.6498,5.9288],[101.6498,5.9288],[101.6497,5.9288],[101.6497,5.9287],[101.6496,5.9287],[101.6496,5.9288],[101.6496,5.9288],[101.6494,5.9288],[101.6493,5.9288],[101.6493,5.9288],[101.6492,5.9288],[101.6491,5.9289],[101.6491,5.9289],[101.6489,5.929],[101.6489,5.929],[101.6488,5.929],[101.6488,5.929],[101.6488,5.9291],[101.6488,5.929],[101.6488,5.929],[101.6487,5.929],[101.6487,5.929],[101.6487,5.9289],[101.6486,5.9289],[101.6486,5.9289],[101.6485,5.9287],[101.6485,5.9287],[101.6485,5.9286],[101.6485,5.9285],[101.6484,5.9284],[101.6484,5.9283],[101.6483,5.9283],[101.6482,5.9282],[101.6482,5.9281],[101.6482,5.9281],[101.6481,5.9281],[101.648,5.928],[101.6479,5.928],[101.6479,5.928],[101.6478,5.9279],[101.6477,5.9279],[101.6476,5.9279],[101.6476,5.928],[101.6475,5.928],[101.6475,5.928],[101.6475,5.928],[101.6475,5.928],[101.6475,5.928],[101.6474,5.928],[101.6474,5.9281],[101.6474,5.9281],[101.6474,5.9281],[101.6474,5.9282],[101.6474,5.9282],[101.6474,5.9282],[101.6475,5.9283],[101.6475,5.9283],[101.6476,5.9285],[101.6476,5.9285],[101.6477,5.9285],[101.6477,5.9286],[101.6477,5.9286],[101.6477,5.9286],[101.6477,5.9287],[101.6477,5.9287],[101.6477,5.9288],[101.6477,5.9288],[101.6477,5.9288],[101.6476,5.9288],[101.6476,5.9288],[101.6476,5.9288],[101.6476,5.9288],[101.6475,5.9288],[101.6475,5.9288],[101.6475,5.9288],[101.6474,5.9288],[101.6472,5.9288],[101.6472,5.9288],[101.6471,5.9288],[101.647,5.9288],[101.647,5.9288],[101.6469,5.9288],[101.6468,5.9287],[101.6467,5.9287],[101.6465,5.9286],[101.6465,5.9286],[101.6464,5.9286],[101.6464,5.9286],[101.6464,5.9286],[101.6464,5.9285],[101.6463,5.9284],[101.6462,5.9284],[101.6462,5.9283],[101.6462,5.9283],[101.6461,5.9283],[101.646,5.9283],[101.646,5.9282],[101.646,5.9282],[101.646,5.9282],[101.646,5.9282],[101.6459,5.9281],[101.6459,5.928],[101.6459,5.928],[101.6459,5.9279],[101.6459,5.9279],[101.6459,5.9278],[101.6459,5.9276],[101.6459,5.9276],[101.6459,5.9275],[101.6459,5.9275],[101.6459,5.9272],[101.646,5.927],[101.646,5.927],[101.646,5.927],[101.6461,5.9268],[101.6461,5.9268],[101.6462,5.9267],[101.6462,5.9267],[101.6462,5.9267],[101.6462,5.9266],[101.6462,5.9266],[101.6462,5.9266],[101.6463,5.9264],[101.6463,5.9263],[101.6463,5.9262],[101.6463,5.9262],[101.6463,5.9261],[101.6463,5.9261],[101.6463,5.9261],[101.6463,5.926],[101.6462,5.9259],[101.6462,5.9259],[101.6462,5.9258],[101.6461,5.9258],[101.6461,5.9258],[101.6461,5.9258],[101.646,5.9258],[101.6459,5.9257],[101.6459,5.9257],[101.6458,5.9257],[101.6457,5.9257],[101.6457,5.9257],[101.6457,5.9257],[101.6456,5.9257],[101.6456,5.9257],[101.6456,5.9257],[101.6456,5.9257],[101.6455,5.9257],[101.6455,5.9257],[101.6455,5.9257],[101.6455,5.9257],[101.6454,5.9257],[101.6454,5.9257],[101.6453,5.9258],[101.6453,5.9258],[101.6453,5.9258],[101.6453,5.9258],[101.6452,5.9258],[101.6452,5.9258],[101.6451,5.9257],[101.645,5.9257],[101.645,5.9257],[101.645,5.9257],[101.645,5.9257],[101.645,5.9257],[101.645,5.9257],[101.6449,5.9258],[101.6449,5.9258],[101.6448,5.9259],[101.6448,5.9259],[101.6448,5.926],[101.6448,5.926],[101.6447,5.9261],[101.6447,5.9261],[101.6447,5.9261],[101.6446,5.9261],[101.6446,5.9261],[101.6446,5.9261],[101.6445,5.9261],[101.6444,5.9261],[101.6443,5.9261],[101.6441,5.9262],[101.6441,5.9262],[101.6441,5.9262],[101.6439,5.9262],[101.6439,5.9262],[101.6438,5.9262],[101.6438,5.9262],[101.6438,5.9262],[101.6437,5.9262],[101.6436,5.9262],[101.6434,5.9263],[101.6434,5.9263],[101.6434,5.9263],[101.6434,5.9263],[101.6433,5.9263],[101.6433,5.9263],[101.6433,5.9263],[101.6433,5.9263],[101.6432,5.9264],[101.6431,5.9265],[101.6431,5.9265],[101.6431,5.9265],[101.6431,5.9266],[101.6431,5.9266],[101.6431,5.9266],[101.6431,5.9267],[101.6431,5.9267],[101.6431,5.9267],[101.6432,5.9268],[101.6432,5.9268],[101.6433,5.9269],[101.6434,5.9272],[101.6435,5.9273],[101.6435,5.9273],[101.6436,5.9274],[101.6436,5.9275],[101.6436,5.9275],[101.6436,5.9276],[101.6436,5.9276],[101.6435,5.9276],[101.6435,5.9277],[101.6435,5.9277],[101.6435,5.9277],[101.6435,5.9277],[101.6434,5.9277],[101.6434,5.9277],[101.6434,5.9277],[101.6434,5.9277],[101.6433,5.9277],[101.6432,5.9277],[101.6432,5.9277],[101.6431,5.9277],[101.6431,5.9277],[101.643,5.9276],[101.6427,5.9275],[101.6426,5.9274],[101.6425,5.9274],[101.6425,5.9273],[101.6425,5.9273],[101.6424,5.9273],[101.6423,5.9273],[101.6423,5.9273],[101.6422,5.9273],[101.6422,5.9273],[101.6422,5.9273],[101.6422,5.9273],[101.6422,5.9271],[101.6422,5.927],[101.6421,5.9269],[101.6421,5.9269],[101.6421,5.9268],[101.6421,5.9268],[101.6421,5.9268],[101.642,5.9267],[101.642,5.9267],[101.642,5.9267],[101.642,5.9267],[101.642,5.9267],[101.6419,5.9267],[101.6418,5.9266],[101.6417,5.9265],[101.6416,5.9265],[101.6416,5.9265],[101.6415,5.9265],[101.6414,5.9265],[101.6413,5.9264],[101.6413,5.9264],[101.6413,5.9263],[101.6412,5.9262],[101.641,5.926],[101.641,5.9259],[101.641,5.9259],[101.6409,5.9257],[101.6409,5.9257],[101.6408,5.9257],[101.6407,5.9254],[101.6407,5.9254],[101.6407,5.9253],[101.6407,5.9253],[101.6407,5.9253],[101.6407,5.9252],[101.6407,5.9252],[101.6406,5.925],[101.6406,5.9248],[101.6406,5.9247],[101.6406,5.9246],[101.6406,5.9244],[101.6406,5.9244],[101.6406,5.9243],[101.6407,5.924],[101.6407,5.9238],[101.6407,5.9238],[101.6408,5.9234],[101.6409,5.9233],[101.6409,5.9231],[101.641,5.923],[101.6411,5.9228],[101.6411,5.9228],[101.6411,5.9228],[101.6411,5.9228],[101.6411,5.9228],[101.6411,5.9227],[101.641,5.9227],[101.641,5.9227],[101.6409,5.9226],[101.6408,5.9226],[101.6408,5.9226],[101.6406,5.9226],[101.6406,5.9226],[101.6406,5.9226],[101.6405,5.9226],[101.6405,5.9226],[101.6405,5.9226],[101.6405,5.9226],[101.6405,5.9225],[101.6405,5.9225],[101.6405,5.9225],[101.6404,5.9225],[101.6404,5.9225],[101.6403,5.9224],[101.6403,5.9224],[101.6403,5.9224],[101.6403,5.9224],[101.6403,5.9223],[101.6403,5.9223],[101.6403,5.9223],[101.6403,5.9223],[101.6403,5.9223],[101.6403,5.9222],[101.6403,5.9222],[101.6403,5.9222],[101.6403,5.9222],[101.6403,5.9221],[101.6403,5.9221],[101.6403,5.922],[101.6403,5.922],[101.6403,5.922],[101.6403,5.9218],[101.6402,5.9217],[101.6402,5.9217],[101.6402,5.9217],[101.6402,5.9216],[101.6402,5.9215],[101.6402,5.9214],[101.6402,5.9214],[101.6402,5.9212],[101.6402,5.9212],[101.6402,5.9211],[101.6403,5.9207],[101.6403,5.9207],[101.6403,5.9207],[101.6403,5.9206],[101.6403,5.9205],[101.6403,5.9205],[101.6403,5.9205],[101.6403,5.9204],[101.6403,5.9204],[101.6402,5.9203],[101.6402,5.9202],[101.6401,5.9202],[101.6401,5.9202],[101.6401,5.9202],[101.64,5.9201],[101.64,5.9201],[101.6399,5.9201],[101.6399,5.9201],[101.6398,5.9201],[101.6398,5.9201],[101.6397,5.9202],[101.6397,5.9202],[101.6397,5.9202],[101.6395,5.9203],[101.6395,5.9203],[101.6394,5.9203],[101.6394,5.9203],[101.6394,5.9203],[101.6393,5.9203],[101.6393,5.9203],[101.6393,5.9203],[101.6393,5.9203],[101.6392,5.9203],[101.6392,5.9203],[101.6391,5.9202],[101.6391,5.9201],[101.639,5.92],[101.6388,5.9198],[101.6387,5.9196],[101.6387,5.9195],[101.6384,5.919],[101.6384,5.919],[101.6384,5.9189],[101.6384,5.9189],[101.6384,5.9189],[101.6383,5.9189],[101.6383,5.9189],[101.6383,5.9187],[101.6383,5.9186],[101.6383,5.9186],[101.6383,5.9186],[101.6383,5.9186],[101.6383,5.9185],[101.6383,5.9185],[101.6383,5.9185],[101.6383,5.9185],[101.6382,5.9183],[101.6382,5.9183],[101.6382,5.9183],[101.6381,5.9181],[101.638,5.9181],[101.638,5.9181],[101.638,5.9181],[101.638,5.9181],[101.638,5.918],[101.638,5.918],[101.638,5.918],[101.6379,5.918],[101.6378,5.918],[101.6378,5.918],[101.6377,5.918],[101.6377,5.918],[101.6377,5.918],[101.6377,5.9179],[101.6377,5.9179],[101.6377,5.9179],[101.6377,5.9179],[101.6377,5.9178],[101.6377,5.9176],[101.6378,5.9174],[101.6378,5.9173],[101.6378,5.9172],[101.6378,5.9172],[101.6378,5.9172],[101.6378,5.9172],[101.6378,5.9172],[101.6378,5.9172],[101.6378,5.9172],[101.6378,5.9172],[101.6377,5.9172],[101.6376,5.9172],[101.6376,5.9172],[101.6375,5.9172],[101.6373,5.9173],[101.6371,5.9173],[101.6371,5.9174],[101.6371,5.9174],[101.637,5.9174],[101.637,5.9174],[101.637,5.9174],[101.6369,5.9174],[101.6369,5.9174],[101.6369,5.9174],[101.6369,5.9173],[101.6369,5.9173],[101.6369,5.9173],[101.6368,5.9173],[101.6368,5.9173],[101.6368,5.9172],[101.6367,5.9171],[101.6367,5.917],[101.6367,5.9169],[101.6367,5.9168],[101.6367,5.9167],[101.6367,5.9167],[101.6367,5.9167],[101.6367,5.9166],[101.6367,5.9166],[101.6367,5.9166],[101.6368,5.9164],[101.6368,5.9164],[101.6368,5.9163],[101.6368,5.9162],[101.6369,5.9162],[101.6369,5.9161],[101.6369,5.9161],[101.637,5.916],[101.637,5.916],[101.6371,5.9159],[101.6371,5.9159],[101.6371,5.9159],[101.6371,5.9158],[101.6371,5.9158],[101.6371,5.9156],[101.6371,5.9156],[101.6371,5.9155],[101.6371,5.9155],[101.6372,5.9154],[101.6372,5.9154],[101.6372,5.9154],[101.6373,5.9153],[101.6373,5.9153],[101.6374,5.9152],[101.6376,5.915],[101.6376,5.915],[101.6377,5.9149],[101.6377,5.9148],[101.6378,5.9146],[101.6378,5.9146],[101.6379,5.9144],[101.6379,5.9144],[101.6379,5.9143],[101.6379,5.9143],[101.6379,5.9142],[101.6379,5.9141],[101.6379,5.914],[101.6379,5.914],[101.6379,5.914],[101.6379,5.9139],[101.638,5.9137],[101.638,5.9136],[101.638,5.9135],[101.638,5.9134],[101.638,5.9132],[101.638,5.9132],[101.6381,5.9131],[101.6381,5.913],[101.6381,5.9128],[101.6381,5.9128],[101.6381,5.9127],[101.6381,5.9126],[101.6381,5.9125],[101.6381,5.9125],[101.6381,5.9125],[101.6381,5.9125],[101.6381,5.9124],[101.6381,5.9124],[101.6381,5.9123],[101.6381,5.9123],[101.6381,5.9122],[101.6381,5.9122],[101.6381,5.9122],[101.6381,5.9121],[101.6381,5.9121],[101.6382,5.912],[101.6382,5.912],[101.6384,5.9118],[101.6385,5.9116],[101.6386,5.9116],[101.6385,5.9116],[101.6383,5.9115],[101.6378,5.9112],[101.6376,5.9111],[101.6365,5.9095],[101.6345,5.9096],[101.6327,5.9091],[101.6317,5.9079],[101.6308,5.9067],[101.629,5.9068],[101.6275,5.9066],[101.6259,5.9053],[101.6248,5.9042],[101.6234,5.9033],[101.6217,5.9022],[101.6206,5.901],[101.62,5.8991],[101.6191,5.8978],[101.6177,5.8964]]]}},{"type":"Feature","properties":{"code":"9606","name":"รือเสาะ","name_en":"Rueso","area_sqkm":475.5,"src":"geoBoundaries+OpenGISData"},"geometry":{"type":"Polygon","coordinates":[[[101.5908,6.5121],[101.5847,6.5124],[101.5827,6.5122],[101.582,6.5119],[101.5815,6.5109],[101.5806,6.5093],[101.5804,6.5088],[101.5795,6.5066],[101.5788,6.5046],[101.5778,6.5031],[101.577,6.5022],[101.5757,6.5011],[101.5747,6.4997],[101.5737,6.4987],[101.572,6.4984],[101.5712,6.4986],[101.5703,6.4988],[101.5686,6.4985],[101.5682,6.4981],[101.5676,6.4976],[101.5668,6.4969],[101.5659,6.4964],[101.5649,6.4959],[101.5644,6.4957],[101.5634,6.4949],[101.5631,6.4936],[101.5629,6.4923],[101.5624,6.4914],[101.5618,6.4906],[101.5617,6.4899],[101.5621,6.4886],[101.5615,6.4877],[101.5603,6.4874],[101.559,6.4872],[101.5576,6.4862],[101.5576,6.4856],[101.5573,6.485],[101.5568,6.4845],[101.556,6.4842],[101.5548,6.4832],[101.5532,6.4822],[101.5523,6.4818],[101.551,6.4816],[101.5497,6.4815],[101.5493,6.4818],[101.5491,6.4825],[101.5489,6.4829],[101.5487,6.483],[101.5483,6.4832],[101.5476,6.4834],[101.5471,6.4834],[101.5469,6.4831],[101.5467,6.4828],[101.5464,6.4821],[101.5461,6.4816],[101.5459,6.4811],[101.5452,6.4808],[101.5444,6.4808],[101.5437,6.4807],[101.5432,6.4806],[101.5431,6.4806],[101.5427,6.4804],[101.5427,6.4801],[101.5427,6.4795],[101.5427,6.4787],[101.5428,6.4782],[101.5425,6.4779],[101.542,6.4777],[101.5418,6.4776],[101.5412,6.4772],[101.5409,6.4763],[101.5409,6.4761],[101.5407,6.4756],[101.5396,6.4747],[101.5386,6.4741],[101.5384,6.4739],[101.5376,6.4728],[101.5371,6.4711],[101.5366,6.4695],[101.5358,6.4684],[101.5346,6.4683],[101.5337,6.4683],[101.533,6.4683],[101.533,6.4683],[101.5326,6.468],[101.532,6.4674],[101.5304,6.4664],[101.5288,6.4658],[101.5274,6.4656],[101.526,6.4655],[101.5246,6.4657],[101.5235,6.4657],[101.5226,6.465],[101.5203,6.4635],[101.5181,6.4615],[101.5161,6.4604],[101.5143,6.4589],[101.5116,6.4558],[101.5095,6.4539],[101.5076,6.4513],[101.507,6.4519],[101.5063,6.4525],[101.5057,6.4528],[101.5047,6.4529],[101.5039,6.4533],[101.5031,6.4541],[101.5028,6.4544],[101.501,6.4547],[101.5,6.4547],[101.4989,6.4548],[101.4983,6.4554],[101.4975,6.4561],[101.4965,6.4563],[101.4953,6.4565],[101.4946,6.4565],[101.4939,6.4568],[101.4919,6.4582],[101.4895,6.4599],[101.4882,6.4611],[101.4875,6.4624],[101.4867,6.4629],[101.4853,6.4632],[101.4849,6.4632],[101.482,6.4637],[101.4772,6.4641],[101.4736,6.4643],[101.4677,6.4645],[101.467,6.4646],[101.4666,6.4647],[101.4662,6.4649],[101.4658,6.4651],[101.4652,6.4656],[101.4647,6.4659],[101.4641,6.4661],[101.4637,6.466],[101.463,6.4658],[101.4643,6.4644],[101.4647,6.4638],[101.4648,6.4636],[101.465,6.4632],[101.4651,6.4629],[101.4652,6.4628],[101.4652,6.4626],[101.4653,6.4623],[101.4653,6.4621],[101.4653,6.462],[101.4653,6.4619],[101.4653,6.4617],[101.4651,6.4612],[101.465,6.461],[101.465,6.4609],[101.4648,6.4607],[101.4643,6.4599],[101.4634,6.4585],[101.4633,6.4583],[101.4631,6.458],[101.4629,6.4576],[101.4628,6.4571],[101.4628,6.4569],[101.4627,6.4563],[101.4626,6.456],[101.4626,6.455],[101.4626,6.4547],[101.4627,6.4544],[101.4627,6.4542],[101.4627,6.4542],[101.4628,6.454],[101.4628,6.4538],[101.4629,6.4537],[101.463,6.4536],[101.4631,6.4535],[101.4635,6.4531],[101.4647,6.4523],[101.4654,6.4516],[101.4655,6.4516],[101.4656,6.4515],[101.4657,6.4513],[101.4658,6.4511],[101.4659,6.4509],[101.4659,6.4507],[101.466,6.4504],[101.4661,6.4501],[101.4661,6.4501],[101.4661,6.4499],[101.466,6.4497],[101.466,6.4495],[101.466,6.4492],[101.4659,6.4492],[101.4655,6.4481],[101.4654,6.4477],[101.465,6.4465],[101.4649,6.4458],[101.4646,6.4447],[101.4644,6.444],[101.4644,6.4438],[101.4644,6.4437],[101.4644,6.4435],[101.4644,6.4433],[101.4644,6.4431],[101.4644,6.4429],[101.4645,6.4427],[101.4646,6.4425],[101.4647,6.4423],[101.4648,6.4421],[101.4649,6.442],[101.4653,6.4416],[101.4658,6.4412],[101.4662,6.4407],[101.4665,6.4403],[101.4668,6.44],[101.4671,6.4393],[101.4674,6.4389],[101.4674,6.4388],[101.4676,6.4384],[101.4677,6.4378],[101.4678,6.4374],[101.4678,6.437],[101.4678,6.436],[101.4678,6.4347],[101.4677,6.4341],[101.4677,6.434],[101.4678,6.4337],[101.4679,6.4328],[101.468,6.4325],[101.4681,6.432],[101.4682,6.4316],[101.4683,6.4313],[101.4685,6.4309],[101.4686,6.4306],[101.4688,6.4303],[101.4691,6.4299],[101.4695,6.4294],[101.4698,6.4289],[101.4698,6.4284],[101.4697,6.4278],[101.4693,6.4269],[101.4692,6.4262],[101.4686,6.4253],[101.4678,6.4244],[101.467,6.4237],[101.4661,6.4233],[101.4655,6.4232],[101.4651,6.4233],[101.4646,6.4234],[101.4639,6.4237],[101.4633,6.4241],[101.4626,6.4246],[101.462,6.4252],[101.4613,6.4264],[101.4607,6.4277],[101.4595,6.4298],[101.459,6.4305],[101.4584,6.431],[101.4578,6.4315],[101.4574,6.4317],[101.4569,6.4318],[101.4564,6.4318],[101.4556,6.4316],[101.4543,6.4312],[101.4531,6.4309],[101.4513,6.4306],[101.4498,6.4302],[101.4486,6.43],[101.4478,6.4298],[101.4468,6.4297],[101.4461,6.4294],[101.4449,6.4288],[101.4437,6.4284],[101.4428,6.4282],[101.4417,6.4282],[101.4406,6.4282],[101.4393,6.4284],[101.4383,6.4286],[101.4375,6.4289],[101.4367,6.4292],[101.4358,6.4292],[101.4356,6.4293],[101.4349,6.4292],[101.4342,6.429],[101.433,6.4283],[101.4311,6.4271],[101.43,6.4263],[101.4281,6.4248],[101.4263,6.4235],[101.4249,6.4225],[101.4243,6.422],[101.4237,6.4211],[101.4232,6.4202],[101.4226,6.4187],[101.4223,6.4178],[101.4223,6.4172],[101.4225,6.4168],[101.4227,6.4166],[101.4233,6.4162],[101.4239,6.4159],[101.4244,6.4155],[101.4249,6.4151],[101.4251,6.4147],[101.4251,6.4143],[101.425,6.4138],[101.4246,6.4134],[101.424,6.4127],[101.4229,6.4118],[101.4223,6.4111],[101.4219,6.4104],[101.4219,6.41],[101.4219,6.4098],[101.422,6.4089],[101.4221,6.4082],[101.422,6.4076],[101.4219,6.4069],[101.4216,6.4063],[101.4212,6.4054],[101.4206,6.4042],[101.4198,6.4029],[101.4193,6.4022],[101.4186,6.4013],[101.4179,6.4007],[101.4169,6.4002],[101.416,6.3998],[101.4148,6.3994],[101.4138,6.3991],[101.4134,6.3989],[101.4129,6.3985],[101.4119,6.3973],[101.4117,6.3966],[101.4118,6.3962],[101.4119,6.3958],[101.4126,6.3955],[101.4134,6.3948],[101.4153,6.3936],[101.4173,6.392],[101.4183,6.3917],[101.419,6.3914],[101.4193,6.3912],[101.4194,6.3909],[101.4195,6.3902],[101.4196,6.3887],[101.4196,6.3875],[101.4196,6.3866],[101.4197,6.3851],[101.4198,6.3828],[101.4196,6.3818],[101.4194,6.3812],[101.4189,6.38],[101.4176,6.3771],[101.4172,6.3759],[101.417,6.375],[101.4171,6.3734],[101.417,6.3727],[101.4167,6.3721],[101.4158,6.3712],[101.4143,6.3699],[101.4132,6.3693],[101.4125,6.369],[101.4111,6.3689],[101.4104,6.3688],[101.4094,6.3682],[101.4085,6.3676],[101.4075,6.3662],[101.4059,6.3648],[101.4047,6.3636],[101.4041,6.3629],[101.4036,6.3625],[101.4027,6.362],[101.4017,6.3616],[101.4007,6.361],[101.3986,6.3595],[101.3977,6.3584],[101.3974,6.357],[101.3974,6.3559],[101.3974,6.3552],[101.3973,6.3545],[101.3973,6.3536],[101.3975,6.3523],[101.3976,6.351],[101.3974,6.3495],[101.3968,6.3483],[101.3954,6.3463],[101.3943,6.3447],[101.3934,6.3435],[101.3927,6.343],[101.3917,6.3424],[101.3903,6.3414],[101.3891,6.3404],[101.3887,6.3396],[101.3881,6.3382],[101.3877,6.3366],[101.3878,6.3356],[101.3881,6.3348],[101.3882,6.3337],[101.3881,6.3328],[101.3881,6.3314],[101.3882,6.3302],[101.3888,6.3283],[101.3896,6.3265],[101.3911,6.3252],[101.3924,6.3242],[101.3935,6.3238],[101.3948,6.3229],[101.3956,6.3222],[101.3974,6.3206],[101.3987,6.3195],[101.3994,6.3187],[101.3998,6.3178],[101.4,6.3158],[101.4,6.3135],[101.3998,6.3113],[101.3994,6.3092],[101.3988,6.3075],[101.3976,6.3055],[101.3965,6.3043],[101.3949,6.3028],[101.3939,6.3015],[101.3936,6.3007],[101.3936,6.2999],[101.394,6.2986],[101.3946,6.2969],[101.3953,6.2951],[101.3955,6.2939],[101.3954,6.2925],[101.3953,6.2905],[101.395,6.2874],[101.395,6.2861],[101.3954,6.2852],[101.3963,6.2845],[101.3974,6.2839],[101.3987,6.2833],[101.3992,6.2828],[101.3996,6.2819],[101.3998,6.2806],[101.3997,6.2783],[101.3998,6.2771],[101.4001,6.2761],[101.4006,6.2755],[101.4015,6.2749],[101.4023,6.274],[101.4027,6.273],[101.4027,6.2718],[101.4027,6.2712],[101.4022,6.2704],[101.4011,6.2689],[101.4005,6.268],[101.4002,6.2667],[101.4001,6.2653],[101.4004,6.2632],[101.4007,6.2618],[101.401,6.2597],[101.4008,6.258],[101.4,6.2563],[101.399,6.2553],[101.3979,6.2548],[101.3973,6.2544],[101.397,6.254],[101.3968,6.2536],[101.3967,6.2531],[101.3968,6.2525],[101.3969,6.252],[101.3971,6.2515],[101.3972,6.2509],[101.3972,6.2503],[101.3969,6.2497],[101.3965,6.2491],[101.396,6.2487],[101.3956,6.2483],[101.3954,6.2477],[101.3954,6.2472],[101.3953,6.2468],[101.3951,6.2461],[101.395,6.2458],[101.3952,6.2454],[101.3966,6.244],[101.3971,6.2434],[101.3974,6.243],[101.3978,6.2428],[101.3982,6.2427],[101.3995,6.2429],[101.4001,6.2429],[101.4004,6.2427],[101.4019,6.2418],[101.403,6.2407],[101.4033,6.2402],[101.4034,6.2397],[101.4033,6.2392],[101.4032,6.2387],[101.4027,6.2379],[101.4019,6.237],[101.4014,6.2364],[101.4009,6.2357],[101.4005,6.2349],[101.3998,6.2335],[101.3993,6.2327],[101.3984,6.2314],[101.3996,6.2316],[101.4064,6.2333],[101.4106,6.2349],[101.4129,6.2375],[101.4153,6.2402],[101.418,6.2421],[101.4199,6.2426],[101.4215,6.2417],[101.4219,6.2399],[101.423,6.2386],[101.4252,6.2375],[101.4265,6.2359],[101.4272,6.2344],[101.4283,6.233],[101.4303,6.233],[101.4325,6.2339],[101.4345,6.2345],[101.4349,6.2344],[101.4367,6.2339],[101.4387,6.2319],[101.44,6.2312],[101.4407,6.233],[101.4411,6.2363],[101.4438,6.2405],[101.4471,6.2431],[101.45,6.2449],[101.4511,6.246],[101.4513,6.2493],[101.452,6.253],[101.454,6.2566],[101.4549,6.2581],[101.456,6.2594],[101.4576,6.2601],[101.4592,6.2595],[101.4602,6.2592],[101.4717,6.2558],[101.4776,6.2536],[101.4814,6.2522],[101.4843,6.2518],[101.4873,6.2524],[101.4891,6.2533],[101.49,6.2544],[101.4902,6.2548],[101.4895,6.2557],[101.4894,6.2558],[101.4894,6.2558],[101.4893,6.2559],[101.4891,6.2561],[101.4889,6.2562],[101.4888,6.2563],[101.4886,6.2565],[101.4883,6.2566],[101.488,6.2568],[101.4879,6.2569],[101.4878,6.2569],[101.4877,6.2569],[101.4877,6.257],[101.4876,6.2571],[101.4874,6.2573],[101.4872,6.2577],[101.4872,6.2578],[101.4871,6.2579],[101.487,6.2586],[101.4869,6.2589],[101.4868,6.2591],[101.4864,6.2604],[101.4864,6.2606],[101.4863,6.2611],[101.4862,6.2615],[101.486,6.2629],[101.486,6.2631],[101.486,6.2632],[101.4861,6.2633],[101.4862,6.2639],[101.4863,6.2642],[101.4866,6.2664],[101.4866,6.2665],[101.4866,6.2666],[101.4866,6.2667],[101.4864,6.2676],[101.4864,6.2682],[101.4863,6.2686],[101.4863,6.2689],[101.4863,6.269],[101.4863,6.2695],[101.4864,6.2697],[101.4864,6.2698],[101.4865,6.2703],[101.4866,6.2706],[101.4867,6.2707],[101.4867,6.2708],[101.4868,6.2709],[101.487,6.2712],[101.4871,6.2712],[101.4871,6.2713],[101.4872,6.2714],[101.4874,6.272],[101.4877,6.2725],[101.4881,6.2732],[101.4885,6.2737],[101.4887,6.274],[101.4888,6.2742],[101.4903,6.2758],[101.4904,6.276],[101.4908,6.2766],[101.4913,6.2775],[101.4914,6.2777],[101.4917,6.2781],[101.4918,6.2781],[101.4919,6.2781],[101.4919,6.2781],[101.492,6.2781],[101.4921,6.2781],[101.4922,6.278],[101.4923,6.278],[101.4927,6.2778],[101.4928,6.2777],[101.4929,6.2777],[101.493,6.2777],[101.4931,6.2777],[101.4933,6.2776],[101.4934,6.2776],[101.4937,6.2776],[101.4938,6.2776],[101.4939,6.2777],[101.4941,6.2777],[101.4942,6.2778],[101.4943,6.2779],[101.4945,6.278],[101.4949,6.2786],[101.4951,6.2789],[101.4955,6.2797],[101.4956,6.2798],[101.4958,6.2803],[101.4958,6.2804],[101.4967,6.2823],[101.4967,6.2824],[101.4967,6.2824],[101.4967,6.2825],[101.4967,6.2826],[101.4967,6.2827],[101.4967,6.2829],[101.4967,6.2831],[101.4967,6.2832],[101.4967,6.2833],[101.4967,6.2834],[101.4965,6.284],[101.4965,6.284],[101.496,6.2854],[101.4958,6.2862],[101.4956,6.2872],[101.4956,6.2874],[101.4956,6.2874],[101.4956,6.2877],[101.4956,6.2881],[101.4956,6.2883],[101.4957,6.2885],[101.4957,6.2886],[101.4958,6.2887],[101.4958,6.2889],[101.4959,6.2891],[101.4964,6.2899],[101.4968,6.2907],[101.4969,6.2908],[101.497,6.2911],[101.4971,6.2912],[101.4974,6.2915],[101.4975,6.2916],[101.4977,6.2918],[101.4978,6.2919],[101.4978,6.2919],[101.498,6.292],[101.499,6.2926],[101.4991,6.2928],[101.4994,6.2931],[101.5,6.2937],[101.5002,6.2938],[101.5003,6.294],[101.5005,6.2943],[101.5006,6.2944],[101.5006,6.2945],[101.5006,6.2945],[101.5006,6.2946],[101.5006,6.2947],[101.5004,6.2958],[101.5004,6.2959],[101.5004,6.296],[101.5004,6.2961],[101.5004,6.2961],[101.5005,6.2962],[101.5005,6.2962],[101.5006,6.2963],[101.5006,6.2963],[101.5008,6.2964],[101.501,6.2965],[101.5026,6.2971],[101.5029,6.2972],[101.503,6.2972],[101.5033,6.2973],[101.5046,6.2978],[101.505,6.298],[101.5055,6.2982],[101.5056,6.2983],[101.5057,6.2983],[101.5058,6.2984],[101.5058,6.2984],[101.5059,6.2985],[101.506,6.2986],[101.506,6.2987],[101.5061,6.2987],[101.5061,6.2988],[101.5062,6.2991],[101.5062,6.2993],[101.5062,6.2994],[101.5062,6.2995],[101.5062,6.2995],[101.5061,6.3004],[101.506,6.3012],[101.506,6.3013],[101.506,6.3018],[101.5056,6.3033],[101.5055,6.3035],[101.5054,6.3036],[101.5053,6.3039],[101.5051,6.304],[101.505,6.3042],[101.5048,6.3043],[101.5043,6.3046],[101.5042,6.3047],[101.5041,6.3048],[101.5035,6.3055],[101.503,6.306],[101.503,6.306],[101.503,6.3061],[101.5029,6.3061],[101.5029,6.3062],[101.5029,6.3064],[101.5029,6.3065],[101.5029,6.3068],[101.5029,6.3068],[101.5029,6.3072],[101.5028,6.3073],[101.5028,6.3075],[101.5027,6.3077],[101.5027,6.3078],[101.5021,6.3093],[101.5018,6.3101],[101.5017,6.3106],[101.5016,6.3107],[101.5016,6.3108],[101.5015,6.3109],[101.5013,6.3112],[101.501,6.3116],[101.5001,6.3127],[101.5,6.3127],[101.4995,6.3133],[101.4992,6.3135],[101.499,6.3137],[101.4987,6.3139],[101.4981,6.3142],[101.498,6.3143],[101.4979,6.3143],[101.4977,6.3144],[101.4975,6.3144],[101.4974,6.3144],[101.4973,6.3144],[101.4971,6.3143],[101.497,6.3142],[101.4969,6.3141],[101.4962,6.3136],[101.4961,6.3134],[101.4959,6.3133],[101.4958,6.3133],[101.4956,6.3133],[101.4955,6.3133],[101.4953,6.3133],[101.4949,6.3134],[101.4946,6.3136],[101.4942,6.3139],[101.4935,6.3143],[101.4929,6.3147],[101.4929,6.3148],[101.4928,6.3149],[101.4926,6.3151],[101.4926,6.3152],[101.4925,6.3154],[101.4924,6.3155],[101.4924,6.3155],[101.4924,6.3157],[101.4924,6.3158],[101.4924,6.316],[101.4924,6.3166],[101.4925,6.3176],[101.4925,6.3177],[101.4925,6.3177],[101.4926,6.3179],[101.4927,6.3182],[101.4927,6.3183],[101.4928,6.3185],[101.4929,6.3186],[101.493,6.3187],[101.4933,6.319],[101.4937,6.3193],[101.4937,6.3193],[101.4939,6.3194],[101.4939,6.3194],[101.4942,6.3196],[101.4962,6.3205],[101.4965,6.3207],[101.497,6.321],[101.4978,6.3215],[101.4985,6.3219],[101.4987,6.3221],[101.4991,6.3223],[101.4991,6.3223],[101.4992,6.3223],[101.4995,6.3224],[101.4996,6.3225],[101.4997,6.3225],[101.5,6.3225],[101.5001,6.3225],[101.5005,6.3226],[101.5006,6.3226],[101.5012,6.3228],[101.5014,6.3228],[101.5016,6.3228],[101.5021,6.3229],[101.5027,6.3229],[101.5032,6.323],[101.5037,6.3231],[101.5042,6.3232],[101.5043,6.3232],[101.5044,6.3233],[101.5047,6.3234],[101.5051,6.3236],[101.5052,6.3237],[101.5053,6.3239],[101.5055,6.3242],[101.5059,6.324],[101.5059,6.324],[101.506,6.324],[101.5061,6.3239],[101.5062,6.3239],[101.5063,6.3238],[101.5064,6.3236],[101.5065,6.3235],[101.5065,6.3235],[101.5066,6.3234],[101.5067,6.3234],[101.5068,6.3234],[101.5068,6.3234],[101.5069,6.3234],[101.5069,6.3234],[101.5071,6.3234],[101.5073,6.3234],[101.5075,6.3233],[101.5076,6.3233],[101.5076,6.3233],[101.5077,6.3232],[101.5077,6.3232],[101.5078,6.3232],[101.5078,6.3232],[101.5079,6.3231],[101.5079,6.323],[101.5079,6.3229],[101.5079,6.3229],[101.5079,6.3228],[101.5079,6.3227],[101.5079,6.3225],[101.5078,6.3224],[101.5078,6.3224],[101.5077,6.3223],[101.5076,6.3223],[101.5075,6.3222],[101.5075,6.3222],[101.5074,6.3222],[101.5073,6.3223],[101.5071,6.3223],[101.507,6.3223],[101.5069,6.3223],[101.5069,6.3223],[101.5069,6.3223],[101.5068,6.3223],[101.5068,6.3223],[101.5068,6.3222],[101.5068,6.3222],[101.5067,6.3221],[101.5067,6.3221],[101.5067,6.3221],[101.5067,6.322],[101.5067,6.322],[101.5067,6.322],[101.5067,6.3219],[101.5069,6.3217],[101.5069,6.3217],[101.507,6.3216],[101.507,6.3215],[101.5072,6.3214],[101.5073,6.3213],[101.5073,6.3213],[101.5074,6.3213],[101.5076,6.3212],[101.5076,6.3212],[101.5076,6.3212],[101.5077,6.3212],[101.5082,6.3207],[101.5084,6.3206],[101.5087,6.3204],[101.5088,6.3204],[101.509,6.3203],[101.5092,6.3202],[101.5096,6.32],[101.5097,6.3199],[101.5097,6.3199],[101.5098,6.3199],[101.5101,6.3196],[101.5103,6.3194],[101.5104,6.3193],[101.5105,6.3193],[101.5105,6.3193],[101.5106,6.3192],[101.5106,6.3192],[101.5106,6.3191],[101.5108,6.3189],[101.5108,6.3188],[101.5108,6.3187],[101.5109,6.3187],[101.5109,6.3187],[101.5109,6.3186],[101.5109,6.3184],[101.511,6.3183],[101.511,6.318],[101.511,6.3179],[101.511,6.3179],[101.511,6.3178],[101.5111,6.3178],[101.5111,6.3177],[101.5112,6.3177],[101.5112,6.3176],[101.5112,6.3176],[101.5113,6.3176],[101.5113,6.3176],[101.5114,6.3176],[101.5114,6.3176],[101.5115,6.3176],[101.5115,6.3176],[101.5118,6.3178],[101.5118,6.3179],[101.5118,6.3179],[101.5119,6.3179],[101.5119,6.3179],[101.5119,6.3179],[101.512,6.3179],[101.512,6.3179],[101.512,6.3179],[101.512,6.3178],[101.5121,6.3178],[101.5121,6.3178],[101.5121,6.3178],[101.5122,6.3176],[101.5122,6.3176],[101.5122,6.3175],[101.5122,6.3175],[101.5122,6.3174],[101.5122,6.3173],[101.5122,6.317],[101.5122,6.317],[101.5122,6.3169],[101.5122,6.3169],[101.5122,6.3169],[101.5122,6.3169],[101.5123,6.3169],[101.5123,6.3169],[101.5123,6.3169],[101.5123,6.3169],[101.5124,6.3169],[101.5124,6.3169],[101.5126,6.3171],[101.5127,6.3172],[101.5127,6.3172],[101.5127,6.3172],[101.5127,6.3172],[101.5128,6.3172],[101.5128,6.3172],[101.5128,6.3172],[101.5129,6.3172],[101.513,6.3171],[101.513,6.3171],[101.5131,6.317],[101.5132,6.317],[101.5132,6.317],[101.5132,6.317],[101.5132,6.317],[101.5135,6.317],[101.5135,6.317],[101.5135,6.317],[101.5135,6.317],[101.5136,6.317],[101.5136,6.317],[101.5136,6.317],[101.5136,6.317],[101.5136,6.3169],[101.5137,6.3166],[101.5137,6.3166],[101.5137,6.3163],[101.5137,6.3162],[101.5137,6.3161],[101.5137,6.316],[101.5137,6.316],[101.5138,6.3159],[101.5139,6.3156],[101.5139,6.3155],[101.5139,6.3154],[101.514,6.3153],[101.514,6.3153],[101.514,6.3153],[101.5139,6.3152],[101.5139,6.3152],[101.5139,6.3151],[101.5139,6.3151],[101.5136,6.3147],[101.5134,6.3144],[101.5134,6.3143],[101.5134,6.3143],[101.5134,6.3142],[101.5134,6.3142],[101.5134,6.3142],[101.5134,6.3142],[101.5135,6.3141],[101.5141,6.3137],[101.5143,6.3135],[101.5143,6.3135],[101.5144,6.3135],[101.5144,6.3135],[101.5144,6.3135],[101.5148,6.3134],[101.5149,6.3134],[101.5149,6.3134],[101.515,6.3134],[101.515,6.3133],[101.515,6.3133],[101.515,6.3133],[101.515,6.3133],[101.515,6.3133],[101.515,6.3129],[101.515,6.3129],[101.515,6.3129],[101.515,6.3129],[101.515,6.3129],[101.515,6.3129],[101.5151,6.3129],[101.5151,6.3128],[101.5152,6.3128],[101.5154,6.3128],[101.5155,6.3128],[101.5155,6.3128],[101.5156,6.3129],[101.5156,6.3129],[101.5156,6.3129],[101.5157,6.3129],[101.5157,6.313],[101.5158,6.3131],[101.5158,6.3132],[101.5158,6.3132],[101.5159,6.3132],[101.5159,6.3132],[101.516,6.3132],[101.516,6.3132],[101.516,6.3132],[101.5161,6.3132],[101.5161,6.3132],[101.5161,6.3132],[101.5163,6.3131],[101.5165,6.3131],[101.5168,6.3131],[101.5169,6.313],[101.517,6.313],[101.517,6.313],[101.517,6.313],[101.5171,6.313],[101.5171,6.313],[101.5171,6.3129],[101.5171,6.3129],[101.5171,6.3129],[101.5171,6.3129],[101.5171,6.3128],[101.5171,6.3127],[101.5171,6.3127],[101.517,6.3121],[101.517,6.312],[101.517,6.312],[101.517,6.312],[101.5171,6.3119],[101.5171,6.3119],[101.5171,6.3119],[101.5171,6.3119],[101.5172,6.3119],[101.5172,6.3119],[101.5172,6.3119],[101.5173,6.3119],[101.5173,6.3119],[101.5175,6.3119],[101.5177,6.312],[101.5179,6.3121],[101.518,6.3122],[101.5183,6.3124],[101.5184,6.3124],[101.5184,6.3125],[101.5185,6.3125],[101.5185,6.3125],[101.5186,6.3125],[101.5186,6.3125],[101.5186,6.3125],[101.5187,6.3125],[101.5187,6.3125],[101.5187,6.3124],[101.5187,6.3124],[101.5187,6.3124],[101.5188,6.3124],[101.5188,6.3123],[101.5187,6.3122],[101.5187,6.312],[101.5187,6.3117],[101.5187,6.3115],[101.5187,6.3113],[101.5187,6.3112],[101.5187,6.3112],[101.5187,6.3111],[101.5187,6.3111],[101.5188,6.3111],[101.5188,6.311],[101.5188,6.311],[101.5189,6.311],[101.5189,6.311],[101.519,6.311],[101.519,6.311],[101.5191,6.3111],[101.5191,6.3111],[101.5191,6.3111],[101.5192,6.3111],[101.5192,6.3112],[101.5194,6.3113],[101.5194,6.3114],[101.5195,6.3114],[101.5195,6.3114],[101.5196,6.3114],[101.5196,6.3114],[101.5197,6.3114],[101.5197,6.3114],[101.5197,6.3114],[101.52,6.3113],[101.52,6.3113],[101.5201,6.3113],[101.5202,6.3113],[101.5202,6.3113],[101.5202,6.3113],[101.5203,6.3113],[101.5204,6.3114],[101.5204,6.3115],[101.5205,6.3116],[101.5206,6.3118],[101.5206,6.3118],[101.5207,6.3119],[101.5207,6.312],[101.5207,6.312],[101.5207,6.3121],[101.5207,6.3124],[101.5207,6.3125],[101.5207,6.3127],[101.5207,6.3129],[101.5207,6.3132],[101.5207,6.3134],[101.5207,6.3134],[101.5208,6.3136],[101.5208,6.3136],[101.5208,6.3137],[101.5209,6.3137],[101.5209,6.3137],[101.5209,6.3137],[101.521,6.3138],[101.5211,6.3138],[101.5211,6.3138],[101.5212,6.3138],[101.5212,6.3137],[101.5213,6.3137],[101.5213,6.3137],[101.5214,6.3137],[101.5217,6.3135],[101.5217,6.3135],[101.5218,6.3135],[101.5218,6.3134],[101.5219,6.3134],[101.5221,6.3134],[101.5223,6.3133],[101.5225,6.3133],[101.5227,6.3133],[101.5228,6.3134],[101.5229,6.3134],[101.523,6.3134],[101.5231,6.3134],[101.5232,6.3134],[101.5233,6.3134],[101.5233,6.3134],[101.5235,6.3134],[101.5236,6.3133],[101.5239,6.3132],[101.524,6.3132],[101.524,6.3132],[101.5241,6.3132],[101.5243,6.3132],[101.5245,6.3133],[101.5246,6.3133],[101.5246,6.3133],[101.5247,6.3133],[101.525,6.3135],[101.5254,6.3136],[101.5255,6.3137],[101.5255,6.3137],[101.5256,6.3137],[101.5257,6.3138],[101.5259,6.3138],[101.526,6.3139],[101.5261,6.314],[101.5263,6.3141],[101.5265,6.3143],[101.5266,6.3145],[101.5267,6.3146],[101.5268,6.3147],[101.5268,6.3148],[101.5269,6.3148],[101.5269,6.3148],[101.527,6.3148],[101.527,6.3149],[101.5271,6.3149],[101.5274,6.315],[101.5277,6.3151],[101.5277,6.3151],[101.5278,6.3151],[101.5278,6.3151],[101.5279,6.3151],[101.5281,6.3151],[101.5281,6.3151],[101.5282,6.3151],[101.5283,6.3151],[101.5284,6.3151],[101.5285,6.3151],[101.5285,6.3151],[101.5285,6.3151],[101.5286,6.3151],[101.5286,6.3151],[101.5286,6.3151],[101.5286,6.3151],[101.5287,6.315],[101.5287,6.315],[101.5287,6.315],[101.5289,6.3148],[101.5289,6.3147],[101.529,6.3146],[101.5291,6.3146],[101.5291,6.3146],[101.5292,6.3145],[101.5293,6.3145],[101.5293,6.3145],[101.5293,6.3145],[101.5294,6.3145],[101.5294,6.3145],[101.5295,6.3146],[101.5295,6.3146],[101.5295,6.3146],[101.5295,6.3147],[101.5295,6.3147],[101.5295,6.3148],[101.5295,6.3148],[101.5295,6.3148],[101.5295,6.3148],[101.5295,6.3149],[101.5293,6.3151],[101.5293,6.3151],[101.5293,6.3151],[101.5293,6.3151],[101.5293,6.3152],[101.5293,6.3152],[101.5293,6.3152],[101.5293,6.3153],[101.5294,6.3153],[101.5294,6.3154],[101.5295,6.3154],[101.5295,6.3154],[101.5296,6.3154],[101.5297,6.3154],[101.5298,6.3154],[101.5298,6.3154],[101.5299,6.3154],[101.5299,6.3154],[101.53,6.3154],[101.53,6.3153],[101.53,6.3153],[101.53,6.3153],[101.5301,6.3152],[101.5302,6.3149],[101.5303,6.3147],[101.5304,6.3145],[101.5305,6.3144],[101.5305,6.3143],[101.5306,6.3142],[101.5308,6.3139],[101.5309,6.3138],[101.531,6.3138],[101.531,6.3138],[101.5311,6.3138],[101.5311,6.3138],[101.5311,6.3137],[101.5312,6.3137],[101.5312,6.3137],[101.5312,6.3138],[101.5313,6.3138],[101.5314,6.3138],[101.5314,6.3139],[101.5315,6.3139],[101.5315,6.3139],[101.5316,6.3139],[101.5316,6.3139],[101.5316,6.3139],[101.5317,6.3139],[101.5317,6.3139],[101.5318,6.3139],[101.5319,6.3138],[101.5319,6.3138],[101.532,6.3138],[101.532,6.3138],[101.5321,6.3138],[101.5323,6.3138],[101.5323,6.3138],[101.5323,6.3138],[101.5324,6.3138],[101.5324,6.3138],[101.5324,6.3138],[101.5325,6.3139],[101.5325,6.3139],[101.5326,6.3141],[101.5327,6.3143],[101.5327,6.3144],[101.5327,6.3144],[101.5327,6.3145],[101.5327,6.3145],[101.5327,6.3145],[101.5326,6.3147],[101.5326,6.3147],[101.5326,6.3148],[101.5326,6.3148],[101.5326,6.3148],[101.5326,6.3149],[101.5326,6.3149],[101.5328,6.3151],[101.5329,6.3152],[101.533,6.3152],[101.533,6.3153],[101.533,6.3153],[101.533,6.3153],[101.533,6.3154],[101.533,6.3154],[101.533,6.3154],[101.533,6.3154],[101.5328,6.3158],[101.5326,6.3162],[101.5326,6.3162],[101.5326,6.3162],[101.5326,6.3163],[101.5326,6.3164],[101.5326,6.3166],[101.5326,6.3167],[101.5326,6.3169],[101.5326,6.3169],[101.5327,6.317],[101.5327,6.317],[101.5327,6.317],[101.5327,6.317],[101.5327,6.317],[101.5328,6.3171],[101.5328,6.3171],[101.5329,6.3171],[101.5332,6.3171],[101.5334,6.3171],[101.5335,6.317],[101.5335,6.3171],[101.5336,6.3171],[101.5337,6.3171],[101.5337,6.3171],[101.5338,6.3171],[101.5338,6.3171],[101.5339,6.3172],[101.534,6.3172],[101.534,6.3173],[101.534,6.3173],[101.5341,6.3174],[101.5341,6.3174],[101.5341,6.3175],[101.5341,6.3176],[101.5341,6.3176],[101.5341,6.3177],[101.534,6.3179],[101.5339,6.3181],[101.5337,6.3183],[101.5337,6.3183],[101.5336,6.3184],[101.5334,6.3186],[101.5334,6.3186],[101.5334,6.3186],[101.5334,6.3186],[101.5333,6.3187],[101.5333,6.3188],[101.5333,6.3189],[101.5333,6.3189],[101.5333,6.3189],[101.5333,6.319],[101.5333,6.3192],[101.5334,6.3192],[101.5334,6.3193],[101.5334,6.3193],[101.5334,6.3194],[101.5334,6.3194],[101.5334,6.3194],[101.5335,6.3194],[101.5335,6.3194],[101.5335,6.3195],[101.5335,6.3195],[101.5336,6.3195],[101.5336,6.3195],[101.5336,6.3195],[101.5337,6.3195],[101.5337,6.3195],[101.5337,6.3195],[101.5337,6.3195],[101.5338,6.3195],[101.5339,6.3194],[101.5339,6.3194],[101.534,6.3193],[101.5342,6.3192],[101.5343,6.3191],[101.5343,6.3191],[101.5343,6.3191],[101.5343,6.3191],[101.5344,6.3191],[101.5344,6.319],[101.5344,6.319],[101.5345,6.319],[101.5345,6.319],[101.5345,6.319],[101.5345,6.319],[101.5346,6.3191],[101.5347,6.3191],[101.5348,6.3191],[101.5349,6.3192],[101.535,6.3192],[101.5351,6.3192],[101.5356,6.3194],[101.5358,6.3194],[101.5358,6.3194],[101.5358,6.3194],[101.5359,6.3195],[101.5359,6.3195],[101.5359,6.3195],[101.5359,6.3195],[101.5359,6.3196],[101.536,6.3197],[101.536,6.3199],[101.5361,6.3199],[101.5362,6.3201],[101.5364,6.3204],[101.5364,6.3204],[101.5364,6.3205],[101.5364,6.3205],[101.5365,6.3208],[101.5365,6.3208],[101.5365,6.3209],[101.5365,6.3209],[101.5366,6.3209],[101.5366,6.3209],[101.5366,6.3209],[101.5366,6.3209],[101.5366,6.3209],[101.5367,6.3209],[101.5367,6.3209],[101.5369,6.3209],[101.5369,6.3209],[101.5369,6.3209],[101.5371,6.3208],[101.5371,6.3208],[101.5371,6.3208],[101.5371,6.3208],[101.5371,6.3208],[101.5374,6.3206],[101.5374,6.3205],[101.5374,6.3205],[101.5374,6.3205],[101.5374,6.3205],[101.5375,6.3205],[101.5375,6.3205],[101.5375,6.3205],[101.5375,6.3205],[101.5376,6.3205],[101.5376,6.3205],[101.5376,6.3206],[101.5377,6.3206],[101.5377,6.3206],[101.5377,6.3206],[101.5378,6.3208],[101.5379,6.3209],[101.5379,6.3209],[101.5379,6.321],[101.5379,6.3211],[101.5379,6.3212],[101.5379,6.3214],[101.5379,6.3217],[101.5379,6.3218],[101.5379,6.3218],[101.5379,6.3219],[101.538,6.322],[101.538,6.3222],[101.5381,6.3222],[101.5381,6.3223],[101.5382,6.3224],[101.5383,6.3225],[101.5386,6.3227],[101.5387,6.3228],[101.5391,6.3232],[101.5391,6.3232],[101.5392,6.3233],[101.5393,6.3235],[101.5393,6.3236],[101.5394,6.3238],[101.5394,6.3239],[101.5395,6.3239],[101.5395,6.324],[101.5395,6.324],[101.5395,6.324],[101.5395,6.324],[101.5396,6.324],[101.5396,6.324],[101.5396,6.324],[101.5397,6.324],[101.5397,6.324],[101.5397,6.324],[101.5397,6.324],[101.5397,6.3239],[101.5398,6.3239],[101.5398,6.3239],[101.54,6.3236],[101.5402,6.3233],[101.5404,6.3232],[101.5404,6.3231],[101.5405,6.3231],[101.5406,6.3231],[101.5406,6.3231],[101.5406,6.3231],[101.5407,6.3231],[101.5407,6.3231],[101.5407,6.3232],[101.5408,6.3232],[101.5408,6.3233],[101.5408,6.3235],[101.5408,6.3236],[101.5408,6.324],[101.5408,6.3242],[101.5408,6.3243],[101.5408,6.3243],[101.5407,6.3245],[101.5407,6.3246],[101.5407,6.3246],[101.5407,6.3247],[101.5408,6.3247],[101.5408,6.3248],[101.5408,6.3248],[101.5408,6.3248],[101.5409,6.3249],[101.5409,6.3249],[101.541,6.3249],[101.5411,6.3249],[101.5411,6.3249],[101.5413,6.3249],[101.5414,6.3248],[101.5417,6.3248],[101.5418,6.3248],[101.5419,6.3248],[101.542,6.3248],[101.5422,6.3249],[101.5424,6.325],[101.5427,6.3251],[101.5427,6.3251],[101.5428,6.3251],[101.5428,6.3251],[101.5429,6.3251],[101.5429,6.3251],[101.5429,6.3251],[101.543,6.3251],[101.543,6.3251],[101.543,6.3251],[101.543,6.3251],[101.5431,6.3251],[101.5432,6.3249],[101.5433,6.3247],[101.5434,6.3247],[101.5434,6.3246],[101.5434,6.3246],[101.5435,6.3246],[101.5436,6.3246],[101.5437,6.3245],[101.5437,6.3245],[101.5438,6.3245],[101.5438,6.3245],[101.5438,6.3245],[101.5441,6.3245],[101.5445,6.3245],[101.5448,6.3245],[101.5449,6.3245],[101.5449,6.3245],[101.545,6.3245],[101.5451,6.3246],[101.5451,6.3246],[101.5451,6.3246],[101.5452,6.3246],[101.5453,6.3246],[101.5453,6.3247],[101.5453,6.3247],[101.5453,6.3247],[101.5454,6.3248],[101.5454,6.3249],[101.5455,6.3251],[101.5456,6.3251],[101.5456,6.3253],[101.5457,6.3255],[101.5459,6.3258],[101.546,6.3259],[101.546,6.326],[101.5461,6.326],[101.5461,6.326],[101.5461,6.3261],[101.5461,6.3261],[101.5461,6.3261],[101.5461,6.3261],[101.5461,6.3261],[101.5461,6.3262],[101.5461,6.3262],[101.5461,6.3263],[101.5461,6.3263],[101.5461,6.3263],[101.5461,6.3263],[101.5461,6.3263],[101.5459,6.3265],[101.5459,6.3265],[101.5459,6.3266],[101.5459,6.3266],[101.5459,6.3266],[101.5459,6.3267],[101.5459,6.3268],[101.5459,6.3268],[101.5459,6.327],[101.5459,6.3271],[101.5459,6.3271],[101.546,6.3271],[101.546,6.3272],[101.546,6.3272],[101.5462,6.3273],[101.5462,6.3274],[101.5462,6.3274],[101.5462,6.3274],[101.5462,6.3274],[101.5463,6.3274],[101.5463,6.3274],[101.5464,6.3274],[101.5465,6.3274],[101.5467,6.3274],[101.5468,6.3273],[101.547,6.3273],[101.5471,6.3273],[101.5472,6.3272],[101.5472,6.3272],[101.5473,6.3272],[101.5473,6.3272],[101.5474,6.3272],[101.5475,6.3272],[101.5476,6.3273],[101.5476,6.3273],[101.5476,6.3273],[101.5477,6.3273],[101.5477,6.3273],[101.5477,6.3273],[101.5477,6.3273],[101.5478,6.3273],[101.5478,6.3273],[101.5478,6.3273],[101.5479,6.3273],[101.5479,6.3273],[101.5491,6.3266],[101.5511,6.3255],[101.5557,6.3221],[101.559,6.3201],[101.5608,6.3175],[101.563,6.3157],[101.568,6.3143],[101.5738,6.3141],[101.5782,6.3127],[101.5833,6.3129],[101.587,6.3136],[101.5906,6.3145],[101.5941,6.3159],[101.5958,6.3166],[101.5969,6.3172],[101.601,6.3178],[101.6015,6.3189],[101.6019,6.3197],[101.6014,6.3206],[101.6011,6.3212],[101.601,6.3215],[101.6012,6.3218],[101.6013,6.3222],[101.602,6.323],[101.6023,6.3239],[101.6026,6.3254],[101.6034,6.3275],[101.6048,6.3298],[101.6048,6.3306],[101.6043,6.3318],[101.6042,6.332],[101.6041,6.3324],[101.6045,6.3327],[101.6053,6.3331],[101.6061,6.333],[101.6066,6.3329],[101.6078,6.3328],[101.6089,6.3331],[101.6095,6.3341],[101.6102,6.3347],[101.6105,6.3354],[101.6109,6.3364],[101.6116,6.3371],[101.6125,6.3377],[101.6133,6.3378],[101.6138,6.3393],[101.6139,6.3406],[101.6135,6.3409],[101.6128,6.3414],[101.6127,6.3418],[101.6128,6.3424],[101.613,6.3427],[101.6132,6.3433],[101.6132,6.3441],[101.6127,6.3455],[101.6122,6.3468],[101.6118,6.3483],[101.6115,6.3495],[101.6113,6.3506],[101.611,6.3516],[101.6108,6.3526],[101.6106,6.3531],[101.6102,6.3532],[101.6091,6.3532],[101.6084,6.3532],[101.6079,6.3535],[101.6072,6.3539],[101.6064,6.3543],[101.606,6.3554],[101.6056,6.3563],[101.6054,6.3574],[101.6055,6.3585],[101.6063,6.3598],[101.6073,6.361],[101.6079,6.3613],[101.6086,6.3616],[101.6098,6.3622],[101.6118,6.3633],[101.6126,6.3642],[101.6131,6.365],[101.6135,6.3656],[101.6142,6.366],[101.615,6.3661],[101.6161,6.366],[101.6166,6.3657],[101.617,6.3654],[101.6183,6.3646],[101.6191,6.3645],[101.62,6.3651],[101.621,6.3649],[101.6222,6.3646],[101.6227,6.3647],[101.623,6.3655],[101.6237,6.3667],[101.624,6.368],[101.6243,6.3689],[101.6246,6.3692],[101.6253,6.3696],[101.6254,6.3696],[101.6262,6.3701],[101.6269,6.3708],[101.6276,6.3712],[101.6287,6.3711],[101.6298,6.3708],[101.6312,6.37],[101.6315,6.3698],[101.6327,6.3692],[101.6339,6.369],[101.6353,6.3689],[101.6359,6.369],[101.6322,6.3724],[101.6318,6.3743],[101.6305,6.3752],[101.6292,6.3761],[101.6282,6.3773],[101.6271,6.3787],[101.6263,6.38],[101.6254,6.3819],[101.6253,6.384],[101.626,6.3858],[101.627,6.3873],[101.6282,6.3887],[101.6285,6.3903],[101.6278,6.392],[101.6269,6.3932],[101.6259,6.3945],[101.6256,6.396],[101.6243,6.3972],[101.6232,6.3986],[101.6233,6.4003],[101.6248,6.4011],[101.6265,6.4014],[101.6279,6.4022],[101.6289,6.4034],[101.6301,6.4045],[101.6318,6.4057],[101.6335,6.4064],[101.6355,6.4069],[101.637,6.4073],[101.6388,6.4076],[101.6411,6.4077],[101.643,6.4083],[101.6434,6.41],[101.6435,6.4105],[101.6435,6.4116],[101.6438,6.4136],[101.6443,6.4151],[101.6452,6.4164],[101.646,6.4179],[101.6467,6.4195],[101.647,6.421],[101.6472,6.4227],[101.6473,6.4245],[101.6473,6.426],[101.6472,6.4279],[101.6474,6.4297],[101.6474,6.4316],[101.6474,6.4316],[101.6463,6.4328],[101.6447,6.4335],[101.6433,6.4341],[101.6417,6.435],[101.6404,6.4359],[101.6393,6.4373],[101.638,6.4394],[101.6376,6.4409],[101.6372,6.4428],[101.637,6.445],[101.6369,6.4473],[101.6361,6.4486],[101.6352,6.4502],[101.6347,6.4516],[101.6341,6.4535],[101.6345,6.4552],[101.635,6.4566],[101.6348,6.4581],[101.6336,6.4593],[101.6332,6.4609],[101.6339,6.4626],[101.6349,6.4638],[101.636,6.4651],[101.6369,6.467],[101.6368,6.4687],[101.6365,6.4704],[101.6363,6.472],[101.6357,6.4741],[101.6344,6.4753],[101.6326,6.4757],[101.6311,6.4761],[101.63,6.4774],[101.6291,6.4787],[101.6276,6.4803],[101.626,6.4818],[101.6247,6.4825],[101.623,6.4832],[101.621,6.4837],[101.6193,6.4844],[101.6181,6.4855],[101.6169,6.487],[101.6157,6.4883],[101.6144,6.4892],[101.6131,6.49],[101.6115,6.4908],[101.6099,6.4912],[101.6081,6.4915],[101.6071,6.4927],[101.6068,6.4941],[101.6078,6.4961],[101.6078,6.4982],[101.6067,6.4999],[101.6049,6.5022],[101.6042,6.5024],[101.6021,6.5032],[101.6009,6.5039],[101.6007,6.5043],[101.6006,6.5045],[101.601,6.5054],[101.6003,6.5063],[101.6002,6.5064],[101.5984,6.5081],[101.5979,6.5084],[101.597,6.509],[101.5967,6.5089],[101.5965,6.5089],[101.5956,6.5088],[101.5944,6.5094],[101.5939,6.5103],[101.5925,6.5115],[101.5908,6.5121]]]}},{"type":"Feature","properties":{"code":"9607","name":"ศรีสาคร","name_en":"Si Sakhon","area_sqkm":524.8,"src":"geoBoundaries+OpenGISData"},"geometry":{"type":"Polygon","coordinates":[[[101.3939,6.1599],[101.3971,6.1585],[101.3975,6.1583],[101.398,6.1581],[101.3986,6.1578],[101.3993,6.1577],[101.3999,6.1578],[101.4003,6.158],[101.4007,6.1582],[101.4012,6.1583],[101.4026,6.1582],[101.4035,6.158],[101.4044,6.1576],[101.4052,6.1574],[101.4057,6.1572],[101.4065,6.1571],[101.4074,6.1572],[101.4079,6.1573],[101.4088,6.1573],[101.4097,6.1572],[101.4098,6.1572],[101.4103,6.1572],[101.411,6.1574],[101.4113,6.1574],[101.4115,6.1574],[101.4116,6.1574],[101.4117,6.1571],[101.4118,6.1548],[101.4118,6.154],[101.4115,6.1528],[101.4112,6.152],[101.4111,6.1518],[101.4111,6.1515],[101.4112,6.1512],[101.4115,6.1504],[101.4118,6.1497],[101.4119,6.1492],[101.4119,6.1489],[101.4121,6.1487],[101.4125,6.1485],[101.413,6.1483],[101.4133,6.1481],[101.4136,6.1478],[101.4139,6.1471],[101.415,6.144],[101.4153,6.1434],[101.4156,6.143],[101.4159,6.1429],[101.4165,6.1429],[101.4171,6.1431],[101.4178,6.1433],[101.4182,6.1435],[101.4186,6.1437],[101.4193,6.1438],[101.4228,6.1441],[101.4235,6.144],[101.4242,6.1437],[101.426,6.1426],[101.4266,6.142],[101.4272,6.1412],[101.4275,6.1406],[101.4276,6.1396],[101.4276,6.1391],[101.4277,6.1386],[101.4278,6.1379],[101.4278,6.1375],[101.4276,6.1365],[101.4278,6.1355],[101.4284,6.1334],[101.429,6.1318],[101.4297,6.1297],[101.4301,6.129],[101.4306,6.1285],[101.4312,6.1283],[101.4319,6.1281],[101.4325,6.1282],[101.4334,6.1283],[101.4341,6.1287],[101.4344,6.1289],[101.4347,6.1291],[101.4351,6.1292],[101.4353,6.129],[101.4354,6.1288],[101.4354,6.1285],[101.4354,6.1279],[101.4353,6.1272],[101.4354,6.1267],[101.4356,6.126],[101.436,6.1255],[101.4365,6.1247],[101.4371,6.124],[101.4375,6.1233],[101.4376,6.1228],[101.4376,6.1221],[101.4375,6.1208],[101.4374,6.1198],[101.4361,6.117],[101.436,6.1163],[101.4361,6.1158],[101.4364,6.115],[101.4367,6.1145],[101.437,6.1142],[101.4374,6.1142],[101.4388,6.1143],[101.4392,6.1141],[101.4394,6.1139],[101.4397,6.1135],[101.4406,6.1117],[101.441,6.1111],[101.4411,6.1103],[101.441,6.1095],[101.4382,6.1053],[101.4379,6.1045],[101.4378,6.1036],[101.4378,6.1023],[101.4376,6.1002],[101.4374,6.0989],[101.4374,6.0977],[101.4373,6.0969],[101.4374,6.0963],[101.4381,6.0955],[101.439,6.0943],[101.4394,6.0937],[101.4395,6.0932],[101.4396,6.0925],[101.4398,6.0919],[101.4423,6.0891],[101.4431,6.0883],[101.4446,6.0866],[101.4453,6.0851],[101.4459,6.0837],[101.4463,6.083],[101.4465,6.0821],[101.4468,6.0819],[101.4472,6.0818],[101.4479,6.0817],[101.4489,6.0812],[101.45,6.0806],[101.4508,6.08],[101.4518,6.079],[101.4526,6.0786],[101.4534,6.0784],[101.4551,6.078],[101.457,6.0778],[101.4586,6.0777],[101.4598,6.0775],[101.4608,6.0774],[101.4619,6.0775],[101.463,6.0778],[101.4639,6.0783],[101.4646,6.0789],[101.4652,6.0795],[101.4658,6.0803],[101.4662,6.0804],[101.4665,6.0804],[101.4668,6.0803],[101.468,6.0781],[101.4706,6.0739],[101.4769,6.0745],[101.4884,6.075],[101.493,6.075],[101.4946,6.0749],[101.4965,6.0748],[101.4987,6.074],[101.5002,6.0731],[101.5004,6.073],[101.5022,6.0714],[101.5036,6.069],[101.5036,6.0674],[101.503,6.0638],[101.5031,6.0628],[101.5031,6.0623],[101.5038,6.0607],[101.5046,6.0593],[101.5058,6.0581],[101.507,6.0582],[101.5083,6.0587],[101.5091,6.058],[101.51,6.0565],[101.5113,6.0551],[101.5116,6.0541],[101.5127,6.0536],[101.5143,6.0535],[101.5159,6.054],[101.5172,6.0546],[101.5186,6.0561],[101.5195,6.0578],[101.5197,6.0597],[101.5206,6.0603],[101.5219,6.0611],[101.5229,6.0614],[101.5243,6.0632],[101.5258,6.0642],[101.5271,6.0653],[101.5282,6.0665],[101.529,6.0676],[101.5293,6.0689],[101.5296,6.0708],[101.53,6.0718],[101.5312,6.0731],[101.5328,6.0741],[101.5346,6.0749],[101.5358,6.0754],[101.5377,6.0758],[101.5387,6.0758],[101.5397,6.0755],[101.5407,6.0753],[101.5421,6.0753],[101.5431,6.0755],[101.5439,6.0757],[101.5445,6.0759],[101.545,6.0757],[101.5457,6.0753],[101.5465,6.075],[101.5476,6.0751],[101.5487,6.0755],[101.5493,6.0754],[101.5501,6.0751],[101.5512,6.0751],[101.5519,6.0756],[101.5523,6.076],[101.5529,6.0765],[101.5537,6.0773],[101.5547,6.0781],[101.5553,6.0785],[101.5563,6.0786],[101.5574,6.0787],[101.5581,6.0787],[101.5586,6.0789],[101.5591,6.0793],[101.5595,6.0793],[101.5595,6.079],[101.5597,6.079],[101.56,6.0791],[101.5602,6.0791],[101.5606,6.0787],[101.561,6.0787],[101.5614,6.0786],[101.5616,6.0784],[101.5619,6.0787],[101.5623,6.079],[101.5628,6.0792],[101.563,6.0796],[101.563,6.0799],[101.5633,6.0801],[101.5635,6.0805],[101.5637,6.0809],[101.5642,6.081],[101.5648,6.081],[101.5649,6.0815],[101.5653,6.0819],[101.5656,6.0823],[101.5657,6.0831],[101.5656,6.0838],[101.5658,6.0839],[101.5658,6.0844],[101.5654,6.0847],[101.5651,6.0848],[101.5647,6.0851],[101.5646,6.0855],[101.5644,6.0856],[101.5644,6.0859],[101.5642,6.0863],[101.5642,6.0867],[101.565,6.0867],[101.5673,6.0869],[101.5697,6.0877],[101.5713,6.0881],[101.5724,6.0884],[101.5739,6.0882],[101.5753,6.0874],[101.576,6.0872],[101.577,6.0882],[101.5778,6.0885],[101.5788,6.0887],[101.5793,6.0895],[101.5801,6.09],[101.5809,6.0907],[101.5816,6.0912],[101.5827,6.0925],[101.5834,6.093],[101.5853,6.0928],[101.5888,6.0925],[101.5912,6.0929],[101.5955,6.093],[101.5987,6.0932],[101.6003,6.0935],[101.6016,6.0941],[101.6032,6.0969],[101.6043,6.1007],[101.6064,6.1059],[101.6065,6.1077],[101.6064,6.1109],[101.6063,6.1128],[101.6066,6.115],[101.6082,6.1164],[101.6112,6.1181],[101.6133,6.1201],[101.6143,6.1237],[101.6139,6.1271],[101.6145,6.1298],[101.6152,6.1323],[101.6163,6.1369],[101.6158,6.1407],[101.6146,6.1451],[101.6147,6.1477],[101.6134,6.1481],[101.6127,6.1486],[101.6129,6.1493],[101.6138,6.1506],[101.6154,6.1526],[101.6155,6.1547],[101.6161,6.1552],[101.6172,6.1557],[101.6183,6.1564],[101.62,6.1579],[101.62,6.1606],[101.6189,6.1618],[101.6184,6.1629],[101.6178,6.1638],[101.6178,6.1639],[101.6175,6.1649],[101.6178,6.1658],[101.618,6.1663],[101.62,6.1696],[101.6215,6.1724],[101.6231,6.1737],[101.6252,6.1749],[101.6266,6.1766],[101.6274,6.1792],[101.6283,6.1809],[101.6276,6.1817],[101.6272,6.1831],[101.6273,6.1839],[101.6274,6.1851],[101.628,6.1864],[101.6289,6.1875],[101.63,6.1878],[101.631,6.1879],[101.6319,6.1883],[101.6319,6.1887],[101.6315,6.1892],[101.6309,6.1897],[101.6309,6.1906],[101.6302,6.1913],[101.6299,6.1918],[101.6297,6.1925],[101.6297,6.1926],[101.6298,6.1929],[101.6303,6.1936],[101.6308,6.1943],[101.6324,6.1968],[101.6331,6.1987],[101.6333,6.1999],[101.6329,6.2007],[101.6317,6.2022],[101.6311,6.2026],[101.6307,6.2028],[101.6296,6.2033],[101.6284,6.2041],[101.6265,6.2053],[101.6259,6.2062],[101.6255,6.2074],[101.6252,6.2082],[101.6252,6.2092],[101.6248,6.2097],[101.6242,6.2097],[101.6236,6.2096],[101.6232,6.2096],[101.6223,6.2093],[101.6215,6.2093],[101.6207,6.2095],[101.6198,6.211],[101.6189,6.212],[101.617,6.2141],[101.6161,6.2153],[101.6158,6.2156],[101.6154,6.2169],[101.6149,6.2184],[101.6141,6.2195],[101.6136,6.2197],[101.6124,6.2203],[101.6122,6.221],[101.6134,6.2213],[101.6147,6.222],[101.6156,6.2231],[101.6163,6.2254],[101.616,6.2282],[101.6159,6.2297],[101.6159,6.2302],[101.6159,6.2313],[101.6158,6.2329],[101.6159,6.2335],[101.6169,6.2352],[101.6191,6.2375],[101.6197,6.2383],[101.6196,6.2393],[101.6193,6.241],[101.6174,6.2433],[101.6155,6.2459],[101.615,6.2464],[101.6126,6.2487],[101.6116,6.25],[101.6113,6.2506],[101.6109,6.2514],[101.6108,6.2515],[101.6095,6.2525],[101.6093,6.2532],[101.6093,6.2549],[101.6094,6.2562],[101.6098,6.2574],[101.6121,6.2613],[101.6126,6.2626],[101.6128,6.2642],[101.6126,6.2647],[101.6116,6.2653],[101.6104,6.2664],[101.6103,6.267],[101.6103,6.2677],[101.6108,6.2689],[101.6109,6.2704],[101.6103,6.2714],[101.6093,6.2722],[101.6089,6.2734],[101.6083,6.2746],[101.6073,6.2758],[101.6065,6.2775],[101.6062,6.2783],[101.6059,6.2802],[101.6057,6.2821],[101.6059,6.2851],[101.6055,6.2861],[101.6031,6.2877],[101.6019,6.2883],[101.6001,6.2892],[101.5986,6.2901],[101.5977,6.2905],[101.5959,6.2918],[101.595,6.2922],[101.5942,6.2925],[101.5935,6.2928],[101.5935,6.2931],[101.5944,6.2936],[101.5958,6.2944],[101.5964,6.2951],[101.5964,6.2965],[101.5956,6.2973],[101.5948,6.298],[101.5946,6.2981],[101.5942,6.299],[101.5939,6.3007],[101.5935,6.3025],[101.5935,6.3035],[101.5945,6.3043],[101.5965,6.3058],[101.5981,6.3063],[101.5998,6.3074],[101.6017,6.3087],[101.602,6.3097],[101.6018,6.311],[101.6012,6.3126],[101.6001,6.3139],[101.5998,6.3151],[101.6,6.316],[101.601,6.3178],[101.5969,6.3172],[101.5958,6.3166],[101.5941,6.3159],[101.5906,6.3145],[101.587,6.3136],[101.5833,6.3129],[101.5782,6.3127],[101.5738,6.3141],[101.568,6.3143],[101.563,6.3157],[101.5608,6.3175],[101.559,6.3201],[101.5557,6.3221],[101.5511,6.3255],[101.5491,6.3266],[101.5479,6.3273],[101.5479,6.3273],[101.5478,6.3273],[101.5478,6.3273],[101.5478,6.3273],[101.5477,6.3273],[101.5477,6.3273],[101.5477,6.3273],[101.5477,6.3273],[101.5476,6.3273],[101.5476,6.3273],[101.5476,6.3273],[101.5475,6.3272],[101.5474,6.3272],[101.5473,6.3272],[101.5473,6.3272],[101.5472,6.3272],[101.5472,6.3272],[101.5471,6.3273],[101.547,6.3273],[101.5468,6.3273],[101.5467,6.3274],[101.5465,6.3274],[101.5464,6.3274],[101.5463,6.3274],[101.5463,6.3274],[101.5462,6.3274],[101.5462,6.3274],[101.5462,6.3274],[101.5462,6.3274],[101.5462,6.3273],[101.546,6.3272],[101.546,6.3272],[101.546,6.3271],[101.5459,6.3271],[101.5459,6.3271],[101.5459,6.327],[101.5459,6.3268],[101.5459,6.3268],[101.5459,6.3267],[101.5459,6.3266],[101.5459,6.3266],[101.5459,6.3266],[101.5459,6.3265],[101.5459,6.3265],[101.5461,6.3263],[101.5461,6.3263],[101.5461,6.3263],[101.5461,6.3263],[101.5461,6.3263],[101.5461,6.3262],[101.5461,6.3262],[101.5461,6.3261],[101.5461,6.3261],[101.5461,6.3261],[101.5461,6.3261],[101.5461,6.3261],[101.5461,6.326],[101.5461,6.326],[101.546,6.326],[101.546,6.3259],[101.5459,6.3258],[101.5457,6.3255],[101.5456,6.3253],[101.5456,6.3251],[101.5455,6.3251],[101.5454,6.3249],[101.5454,6.3248],[101.5453,6.3247],[101.5453,6.3247],[101.5453,6.3247],[101.5453,6.3246],[101.5452,6.3246],[101.5451,6.3246],[101.5451,6.3246],[101.5451,6.3246],[101.545,6.3245],[101.5449,6.3245],[101.5449,6.3245],[101.5448,6.3245],[101.5445,6.3245],[101.5441,6.3245],[101.5438,6.3245],[101.5438,6.3245],[101.5438,6.3245],[101.5437,6.3245],[101.5437,6.3245],[101.5436,6.3246],[101.5435,6.3246],[101.5434,6.3246],[101.5434,6.3246],[101.5434,6.3247],[101.5433,6.3247],[101.5432,6.3249],[101.5431,6.3251],[101.543,6.3251],[101.543,6.3251],[101.543,6.3251],[101.543,6.3251],[101.5429,6.3251],[101.5429,6.3251],[101.5429,6.3251],[101.5428,6.3251],[101.5428,6.3251],[101.5427,6.3251],[101.5427,6.3251],[101.5424,6.325],[101.5422,6.3249],[101.542,6.3248],[101.5419,6.3248],[101.5418,6.3248],[101.5417,6.3248],[101.5414,6.3248],[101.5413,6.3249],[101.5411,6.3249],[101.5411,6.3249],[101.541,6.3249],[101.5409,6.3249],[101.5409,6.3249],[101.5408,6.3248],[101.5408,6.3248],[101.5408,6.3248],[101.5408,6.3247],[101.5407,6.3247],[101.5407,6.3246],[101.5407,6.3246],[101.5407,6.3245],[101.5408,6.3243],[101.5408,6.3243],[101.5408,6.3242],[101.5408,6.324],[101.5408,6.3236],[101.5408,6.3235],[101.5408,6.3233],[101.5408,6.3232],[101.5407,6.3232],[101.5407,6.3231],[101.5407,6.3231],[101.5406,6.3231],[101.5406,6.3231],[101.5406,6.3231],[101.5405,6.3231],[101.5404,6.3231],[101.5404,6.3232],[101.5402,6.3233],[101.54,6.3236],[101.5398,6.3239],[101.5398,6.3239],[101.5397,6.3239],[101.5397,6.324],[101.5397,6.324],[101.5397,6.324],[101.5397,6.324],[101.5396,6.324],[101.5396,6.324],[101.5396,6.324],[101.5395,6.324],[101.5395,6.324],[101.5395,6.324],[101.5395,6.324],[101.5395,6.3239],[101.5394,6.3239],[101.5394,6.3238],[101.5393,6.3236],[101.5393,6.3235],[101.5392,6.3233],[101.5391,6.3232],[101.5391,6.3232],[101.5387,6.3228],[101.5386,6.3227],[101.5383,6.3225],[101.5382,6.3224],[101.5381,6.3223],[101.5381,6.3222],[101.538,6.3222],[101.538,6.322],[101.5379,6.3219],[101.5379,6.3218],[101.5379,6.3218],[101.5379,6.3217],[101.5379,6.3214],[101.5379,6.3212],[101.5379,6.3211],[101.5379,6.321],[101.5379,6.3209],[101.5379,6.3209],[101.5378,6.3208],[101.5377,6.3206],[101.5377,6.3206],[101.5377,6.3206],[101.5376,6.3206],[101.5376,6.3205],[101.5376,6.3205],[101.5375,6.3205],[101.5375,6.3205],[101.5375,6.3205],[101.5375,6.3205],[101.5374,6.3205],[101.5374,6.3205],[101.5374,6.3205],[101.5374,6.3205],[101.5374,6.3206],[101.5371,6.3208],[101.5371,6.3208],[101.5371,6.3208],[101.5371,6.3208],[101.5371,6.3208],[101.5369,6.3209],[101.5369,6.3209],[101.5369,6.3209],[101.5367,6.3209],[101.5367,6.3209],[101.5366,6.3209],[101.5366,6.3209],[101.5366,6.3209],[101.5366,6.3209],[101.5366,6.3209],[101.5365,6.3209],[101.5365,6.3209],[101.5365,6.3208],[101.5365,6.3208],[101.5364,6.3205],[101.5364,6.3205],[101.5364,6.3204],[101.5364,6.3204],[101.5362,6.3201],[101.5361,6.3199],[101.536,6.3199],[101.536,6.3197],[101.5359,6.3196],[101.5359,6.3195],[101.5359,6.3195],[101.5359,6.3195],[101.5359,6.3195],[101.5358,6.3194],[101.5358,6.3194],[101.5358,6.3194],[101.5356,6.3194],[101.5351,6.3192],[101.535,6.3192],[101.5349,6.3192],[101.5348,6.3191],[101.5347,6.3191],[101.5346,6.3191],[101.5345,6.319],[101.5345,6.319],[101.5345,6.319],[101.5345,6.319],[101.5344,6.319],[101.5344,6.319],[101.5344,6.3191],[101.5343,6.3191],[101.5343,6.3191],[101.5343,6.3191],[101.5343,6.3191],[101.5342,6.3192],[101.534,6.3193],[101.5339,6.3194],[101.5339,6.3194],[101.5338,6.3195],[101.5337,6.3195],[101.5337,6.3195],[101.5337,6.3195],[101.5337,6.3195],[101.5336,6.3195],[101.5336,6.3195],[101.5336,6.3195],[101.5335,6.3195],[101.5335,6.3195],[101.5335,6.3194],[101.5335,6.3194],[101.5334,6.3194],[101.5334,6.3194],[101.5334,6.3194],[101.5334,6.3193],[101.5334,6.3193],[101.5334,6.3192],[101.5333,6.3192],[101.5333,6.319],[101.5333,6.3189],[101.5333,6.3189],[101.5333,6.3189],[101.5333,6.3188],[101.5333,6.3187],[101.5334,6.3186],[101.5334,6.3186],[101.5334,6.3186],[101.5334,6.3186],[101.5336,6.3184],[101.5337,6.3183],[101.5337,6.3183],[101.5339,6.3181],[101.534,6.3179],[101.5341,6.3177],[101.5341,6.3176],[101.5341,6.3176],[101.5341,6.3175],[101.5341,6.3174],[101.5341,6.3174],[101.534,6.3173],[101.534,6.3173],[101.534,6.3172],[101.5339,6.3172],[101.5338,6.3171],[101.5338,6.3171],[101.5337,6.3171],[101.5337,6.3171],[101.5336,6.3171],[101.5335,6.3171],[101.5335,6.317],[101.5334,6.3171],[101.5332,6.3171],[101.5329,6.3171],[101.5328,6.3171],[101.5328,6.3171],[101.5327,6.317],[101.5327,6.317],[101.5327,6.317],[101.5327,6.317],[101.5327,6.317],[101.5326,6.3169],[101.5326,6.3169],[101.5326,6.3167],[101.5326,6.3166],[101.5326,6.3164],[101.5326,6.3163],[101.5326,6.3162],[101.5326,6.3162],[101.5326,6.3162],[101.5328,6.3158],[101.533,6.3154],[101.533,6.3154],[101.533,6.3154],[101.533,6.3154],[101.533,6.3153],[101.533,6.3153],[101.533,6.3153],[101.533,6.3152],[101.5329,6.3152],[101.5328,6.3151],[101.5326,6.3149],[101.5326,6.3149],[101.5326,6.3148],[101.5326,6.3148],[101.5326,6.3148],[101.5326,6.3147],[101.5326,6.3147],[101.5327,6.3145],[101.5327,6.3145],[101.5327,6.3145],[101.5327,6.3144],[101.5327,6.3144],[101.5327,6.3143],[101.5326,6.3141],[101.5325,6.3139],[101.5325,6.3139],[101.5324,6.3138],[101.5324,6.3138],[101.5324,6.3138],[101.5323,6.3138],[101.5323,6.3138],[101.5323,6.3138],[101.5321,6.3138],[101.532,6.3138],[101.532,6.3138],[101.5319,6.3138],[101.5319,6.3138],[101.5318,6.3139],[101.5317,6.3139],[101.5317,6.3139],[101.5316,6.3139],[101.5316,6.3139],[101.5316,6.3139],[101.5315,6.3139],[101.5315,6.3139],[101.5314,6.3139],[101.5314,6.3138],[101.5313,6.3138],[101.5312,6.3138],[101.5312,6.3137],[101.5312,6.3137],[101.5311,6.3137],[101.5311,6.3138],[101.5311,6.3138],[101.531,6.3138],[101.531,6.3138],[101.5309,6.3138],[101.5308,6.3139],[101.5306,6.3142],[101.5305,6.3143],[101.5305,6.3144],[101.5304,6.3145],[101.5303,6.3147],[101.5302,6.3149],[101.5301,6.3152],[101.53,6.3153],[101.53,6.3153],[101.53,6.3153],[101.53,6.3154],[101.5299,6.3154],[101.5299,6.3154],[101.5298,6.3154],[101.5298,6.3154],[101.5297,6.3154],[101.5296,6.3154],[101.5295,6.3154],[101.5295,6.3154],[101.5294,6.3154],[101.5294,6.3153],[101.5293,6.3153],[101.5293,6.3152],[101.5293,6.3152],[101.5293,6.3152],[101.5293,6.3151],[101.5293,6.3151],[101.5293,6.3151],[101.5293,6.3151],[101.5295,6.3149],[101.5295,6.3148],[101.5295,6.3148],[101.5295,6.3148],[101.5295,6.3148],[101.5295,6.3147],[101.5295,6.3147],[101.5295,6.3146],[101.5295,6.3146],[101.5295,6.3146],[101.5294,6.3145],[101.5294,6.3145],[101.5293,6.3145],[101.5293,6.3145],[101.5293,6.3145],[101.5292,6.3145],[101.5291,6.3146],[101.5291,6.3146],[101.529,6.3146],[101.5289,6.3147],[101.5289,6.3148],[101.5287,6.315],[101.5287,6.315],[101.5287,6.315],[101.5286,6.3151],[101.5286,6.3151],[101.5286,6.3151],[101.5286,6.3151],[101.5285,6.3151],[101.5285,6.3151],[101.5285,6.3151],[101.5284,6.3151],[101.5283,6.3151],[101.5282,6.3151],[101.5281,6.3151],[101.5281,6.3151],[101.5279,6.3151],[101.5278,6.3151],[101.5278,6.3151],[101.5277,6.3151],[101.5277,6.3151],[101.5274,6.315],[101.5271,6.3149],[101.527,6.3149],[101.527,6.3148],[101.5269,6.3148],[101.5269,6.3148],[101.5268,6.3148],[101.5268,6.3147],[101.5267,6.3146],[101.5266,6.3145],[101.5265,6.3143],[101.5263,6.3141],[101.5261,6.314],[101.526,6.3139],[101.5259,6.3138],[101.5257,6.3138],[101.5256,6.3137],[101.5255,6.3137],[101.5255,6.3137],[101.5254,6.3136],[101.525,6.3135],[101.5247,6.3133],[101.5246,6.3133],[101.5246,6.3133],[101.5245,6.3133],[101.5243,6.3132],[101.5241,6.3132],[101.524,6.3132],[101.524,6.3132],[101.5239,6.3132],[101.5236,6.3133],[101.5235,6.3134],[101.5233,6.3134],[101.5233,6.3134],[101.5232,6.3134],[101.5231,6.3134],[101.523,6.3134],[101.5229,6.3134],[101.5228,6.3134],[101.5227,6.3133],[101.5225,6.3133],[101.5223,6.3133],[101.5221,6.3134],[101.5219,6.3134],[101.5218,6.3134],[101.5218,6.3135],[101.5217,6.3135],[101.5217,6.3135],[101.5214,6.3137],[101.5213,6.3137],[101.5213,6.3137],[101.5212,6.3137],[101.5212,6.3138],[101.5211,6.3138],[101.5211,6.3138],[101.521,6.3138],[101.5209,6.3137],[101.5209,6.3137],[101.5209,6.3137],[101.5208,6.3137],[101.5208,6.3136],[101.5208,6.3136],[101.5207,6.3134],[101.5207,6.3134],[101.5207,6.3132],[101.5207,6.3129],[101.5207,6.3127],[101.5207,6.3125],[101.5207,6.3124],[101.5207,6.3121],[101.5207,6.312],[101.5207,6.312],[101.5207,6.3119],[101.5206,6.3118],[101.5206,6.3118],[101.5205,6.3116],[101.5204,6.3115],[101.5204,6.3114],[101.5203,6.3113],[101.5202,6.3113],[101.5202,6.3113],[101.5202,6.3113],[101.5201,6.3113],[101.52,6.3113],[101.52,6.3113],[101.5197,6.3114],[101.5197,6.3114],[101.5197,6.3114],[101.5196,6.3114],[101.5196,6.3114],[101.5195,6.3114],[101.5195,6.3114],[101.5194,6.3114],[101.5194,6.3113],[101.5192,6.3112],[101.5192,6.3111],[101.5191,6.3111],[101.5191,6.3111],[101.5191,6.3111],[101.519,6.311],[101.519,6.311],[101.5189,6.311],[101.5189,6.311],[101.5188,6.311],[101.5188,6.311],[101.5188,6.3111],[101.5187,6.3111],[101.5187,6.3111],[101.5187,6.3112],[101.5187,6.3112],[101.5187,6.3113],[101.5187,6.3115],[101.5187,6.3117],[101.5187,6.312],[101.5187,6.3122],[101.5188,6.3123],[101.5188,6.3124],[101.5187,6.3124],[101.5187,6.3124],[101.5187,6.3124],[101.5187,6.3125],[101.5187,6.3125],[101.5186,6.3125],[101.5186,6.3125],[101.5186,6.3125],[101.5185,6.3125],[101.5185,6.3125],[101.5184,6.3125],[101.5184,6.3124],[101.5183,6.3124],[101.518,6.3122],[101.5179,6.3121],[101.5177,6.312],[101.5175,6.3119],[101.5173,6.3119],[101.5173,6.3119],[101.5172,6.3119],[101.5172,6.3119],[101.5172,6.3119],[101.5171,6.3119],[101.5171,6.3119],[101.5171,6.3119],[101.5171,6.3119],[101.517,6.312],[101.517,6.312],[101.517,6.312],[101.517,6.3121],[101.5171,6.3127],[101.5171,6.3127],[101.5171,6.3128],[101.5171,6.3129],[101.5171,6.3129],[101.5171,6.3129],[101.5171,6.3129],[101.5171,6.313],[101.5171,6.313],[101.517,6.313],[101.517,6.313],[101.517,6.313],[101.5169,6.313],[101.5168,6.3131],[101.5165,6.3131],[101.5163,6.3131],[101.5161,6.3132],[101.5161,6.3132],[101.5161,6.3132],[101.516,6.3132],[101.516,6.3132],[101.516,6.3132],[101.5159,6.3132],[101.5159,6.3132],[101.5158,6.3132],[101.5158,6.3132],[101.5158,6.3131],[101.5157,6.313],[101.5157,6.3129],[101.5156,6.3129],[101.5156,6.3129],[101.5156,6.3129],[101.5155,6.3128],[101.5155,6.3128],[101.5154,6.3128],[101.5152,6.3128],[101.5151,6.3128],[101.5151,6.3129],[101.515,6.3129],[101.515,6.3129],[101.515,6.3129],[101.515,6.3129],[101.515,6.3129],[101.515,6.3129],[101.515,6.3133],[101.515,6.3133],[101.515,6.3133],[101.515,6.3133],[101.515,6.3133],[101.515,6.3134],[101.5149,6.3134],[101.5149,6.3134],[101.5148,6.3134],[101.5144,6.3135],[101.5144,6.3135],[101.5144,6.3135],[101.5143,6.3135],[101.5143,6.3135],[101.5141,6.3137],[101.5135,6.3141],[101.5134,6.3142],[101.5134,6.3142],[101.5134,6.3142],[101.5134,6.3142],[101.5134,6.3143],[101.5134,6.3143],[101.5134,6.3144],[101.5136,6.3147],[101.5139,6.3151],[101.5139,6.3151],[101.5139,6.3152],[101.5139,6.3152],[101.514,6.3153],[101.514,6.3153],[101.514,6.3153],[101.5139,6.3154],[101.5139,6.3155],[101.5139,6.3156],[101.5138,6.3159],[101.5137,6.316],[101.5137,6.316],[101.5137,6.3161],[101.5137,6.3162],[101.5137,6.3163],[101.5137,6.3166],[101.5137,6.3166],[101.5136,6.3169],[101.5136,6.317],[101.5136,6.317],[101.5136,6.317],[101.5136,6.317],[101.5135,6.317],[101.5135,6.317],[101.5135,6.317],[101.5135,6.317],[101.5132,6.317],[101.5132,6.317],[101.5132,6.317],[101.5132,6.317],[101.5131,6.317],[101.513,6.3171],[101.513,6.3171],[101.5129,6.3172],[101.5128,6.3172],[101.5128,6.3172],[101.5128,6.3172],[101.5127,6.3172],[101.5127,6.3172],[101.5127,6.3172],[101.5127,6.3172],[101.5126,6.3171],[101.5124,6.3169],[101.5124,6.3169],[101.5123,6.3169],[101.5123,6.3169],[101.5123,6.3169],[101.5123,6.3169],[101.5122,6.3169],[101.5122,6.3169],[101.5122,6.3169],[101.5122,6.3169],[101.5122,6.317],[101.5122,6.317],[101.5122,6.3173],[101.5122,6.3174],[101.5122,6.3175],[101.5122,6.3175],[101.5122,6.3176],[101.5122,6.3176],[101.5121,6.3178],[101.5121,6.3178],[101.5121,6.3178],[101.512,6.3178],[101.512,6.3179],[101.512,6.3179],[101.512,6.3179],[101.5119,6.3179],[101.5119,6.3179],[101.5119,6.3179],[101.5118,6.3179],[101.5118,6.3179],[101.5118,6.3178],[101.5115,6.3176],[101.5115,6.3176],[101.5114,6.3176],[101.5114,6.3176],[101.5113,6.3176],[101.5113,6.3176],[101.5112,6.3176],[101.5112,6.3176],[101.5112,6.3177],[101.5111,6.3177],[101.5111,6.3178],[101.511,6.3178],[101.511,6.3179],[101.511,6.3179],[101.511,6.318],[101.511,6.3183],[101.5109,6.3184],[101.5109,6.3186],[101.5109,6.3187],[101.5109,6.3187],[101.5108,6.3187],[101.5108,6.3188],[101.5108,6.3189],[101.5106,6.3191],[101.5106,6.3192],[101.5106,6.3192],[101.5105,6.3193],[101.5105,6.3193],[101.5104,6.3193],[101.5103,6.3194],[101.5101,6.3196],[101.5098,6.3199],[101.5097,6.3199],[101.5097,6.3199],[101.5096,6.32],[101.5092,6.3202],[101.509,6.3203],[101.5088,6.3204],[101.5087,6.3204],[101.5084,6.3206],[101.5082,6.3207],[101.5077,6.3212],[101.5076,6.3212],[101.5076,6.3212],[101.5076,6.3212],[101.5074,6.3213],[101.5073,6.3213],[101.5073,6.3213],[101.5072,6.3214],[101.507,6.3215],[101.507,6.3216],[101.5069,6.3217],[101.5069,6.3217],[101.5067,6.3219],[101.5067,6.322],[101.5067,6.322],[101.5067,6.322],[101.5067,6.3221],[101.5067,6.3221],[101.5067,6.3221],[101.5068,6.3222],[101.5068,6.3222],[101.5068,6.3223],[101.5068,6.3223],[101.5069,6.3223],[101.5069,6.3223],[101.5069,6.3223],[101.507,6.3223],[101.5071,6.3223],[101.5073,6.3223],[101.5074,6.3222],[101.5075,6.3222],[101.5075,6.3222],[101.5076,6.3223],[101.5077,6.3223],[101.5078,6.3224],[101.5078,6.3224],[101.5079,6.3225],[101.5079,6.3227],[101.5079,6.3228],[101.5079,6.3229],[101.5079,6.3229],[101.5079,6.323],[101.5079,6.3231],[101.5078,6.3232],[101.5078,6.3232],[101.5077,6.3232],[101.5077,6.3232],[101.5076,6.3233],[101.5076,6.3233],[101.5075,6.3233],[101.5073,6.3234],[101.5071,6.3234],[101.5069,6.3234],[101.5069,6.3234],[101.5068,6.3234],[101.5068,6.3234],[101.5067,6.3234],[101.5066,6.3234],[101.5065,6.3235],[101.5065,6.3235],[101.5064,6.3236],[101.5063,6.3238],[101.5062,6.3239],[101.5061,6.3239],[101.506,6.324],[101.5059,6.324],[101.5059,6.324],[101.5055,6.3242],[101.5053,6.3239],[101.5052,6.3237],[101.5051,6.3236],[101.5047,6.3234],[101.5044,6.3233],[101.5043,6.3232],[101.5042,6.3232],[101.5037,6.3231],[101.5032,6.323],[101.5027,6.3229],[101.5021,6.3229],[101.5016,6.3228],[101.5014,6.3228],[101.5012,6.3228],[101.5006,6.3226],[101.5005,6.3226],[101.5001,6.3225],[101.5,6.3225],[101.4997,6.3225],[101.4996,6.3225],[101.4995,6.3224],[101.4992,6.3223],[101.4991,6.3223],[101.4991,6.3223],[101.4987,6.3221],[101.4985,6.3219],[101.4978,6.3215],[101.497,6.321],[101.4965,6.3207],[101.4962,6.3205],[101.4942,6.3196],[101.4939,6.3194],[101.4939,6.3194],[101.4937,6.3193],[101.4937,6.3193],[101.4933,6.319],[101.493,6.3187],[101.4929,6.3186],[101.4928,6.3185],[101.4927,6.3183],[101.4927,6.3182],[101.4926,6.3179],[101.4925,6.3177],[101.4925,6.3177],[101.4925,6.3176],[101.4924,6.3166],[101.4924,6.316],[101.4924,6.3158],[101.4924,6.3157],[101.4924,6.3155],[101.4924,6.3155],[101.4925,6.3154],[101.4926,6.3152],[101.4926,6.3151],[101.4928,6.3149],[101.4929,6.3148],[101.4929,6.3147],[101.4935,6.3143],[101.4942,6.3139],[101.4946,6.3136],[101.4949,6.3134],[101.4953,6.3133],[101.4955,6.3133],[101.4956,6.3133],[101.4958,6.3133],[101.4959,6.3133],[101.4961,6.3134],[101.4962,6.3136],[101.4969,6.3141],[101.497,6.3142],[101.4971,6.3143],[101.4973,6.3144],[101.4974,6.3144],[101.4975,6.3144],[101.4977,6.3144],[101.4979,6.3143],[101.498,6.3143],[101.4981,6.3142],[101.4987,6.3139],[101.499,6.3137],[101.4992,6.3135],[101.4995,6.3133],[101.5,6.3127],[101.5001,6.3127],[101.501,6.3116],[101.5013,6.3112],[101.5015,6.3109],[101.5016,6.3108],[101.5016,6.3107],[101.5017,6.3106],[101.5018,6.3101],[101.5021,6.3093],[101.5027,6.3078],[101.5027,6.3077],[101.5028,6.3075],[101.5028,6.3073],[101.5029,6.3072],[101.5029,6.3068],[101.5029,6.3068],[101.5029,6.3065],[101.5029,6.3064],[101.5029,6.3062],[101.5029,6.3061],[101.503,6.3061],[101.503,6.306],[101.503,6.306],[101.5035,6.3055],[101.5041,6.3048],[101.5042,6.3047],[101.5043,6.3046],[101.5048,6.3043],[101.505,6.3042],[101.5051,6.304],[101.5053,6.3039],[101.5054,6.3036],[101.5055,6.3035],[101.5056,6.3033],[101.506,6.3018],[101.506,6.3013],[101.506,6.3012],[101.5061,6.3004],[101.5062,6.2995],[101.5062,6.2995],[101.5062,6.2994],[101.5062,6.2993],[101.5062,6.2991],[101.5061,6.2988],[101.5061,6.2987],[101.506,6.2987],[101.506,6.2986],[101.5059,6.2985],[101.5058,6.2984],[101.5058,6.2984],[101.5057,6.2983],[101.5056,6.2983],[101.5055,6.2982],[101.505,6.298],[101.5046,6.2978],[101.5033,6.2973],[101.503,6.2972],[101.5029,6.2972],[101.5026,6.2971],[101.501,6.2965],[101.5008,6.2964],[101.5006,6.2963],[101.5006,6.2963],[101.5005,6.2962],[101.5005,6.2962],[101.5004,6.2961],[101.5004,6.2961],[101.5004,6.296],[101.5004,6.2959],[101.5004,6.2958],[101.5006,6.2947],[101.5006,6.2946],[101.5006,6.2945],[101.5006,6.2945],[101.5006,6.2944],[101.5005,6.2943],[101.5003,6.294],[101.5002,6.2938],[101.5,6.2937],[101.4994,6.2931],[101.4991,6.2928],[101.499,6.2926],[101.498,6.292],[101.4978,6.2919],[101.4978,6.2919],[101.4977,6.2918],[101.4975,6.2916],[101.4974,6.2915],[101.4971,6.2912],[101.497,6.2911],[101.4969,6.2908],[101.4968,6.2907],[101.4964,6.2899],[101.4959,6.2891],[101.4958,6.2889],[101.4958,6.2887],[101.4957,6.2886],[101.4957,6.2885],[101.4956,6.2883],[101.4956,6.2881],[101.4956,6.2877],[101.4956,6.2874],[101.4956,6.2874],[101.4956,6.2872],[101.4958,6.2862],[101.496,6.2854],[101.4965,6.284],[101.4965,6.284],[101.4967,6.2834],[101.4967,6.2833],[101.4967,6.2832],[101.4967,6.2831],[101.4967,6.2829],[101.4967,6.2827],[101.4967,6.2826],[101.4967,6.2825],[101.4967,6.2824],[101.4967,6.2824],[101.4967,6.2823],[101.4958,6.2804],[101.4958,6.2803],[101.4956,6.2798],[101.4955,6.2797],[101.4951,6.2789],[101.4949,6.2786],[101.4945,6.278],[101.4943,6.2779],[101.4942,6.2778],[101.4941,6.2777],[101.4939,6.2777],[101.4938,6.2776],[101.4937,6.2776],[101.4934,6.2776],[101.4933,6.2776],[101.4931,6.2777],[101.493,6.2777],[101.4929,6.2777],[101.4928,6.2777],[101.4927,6.2778],[101.4923,6.278],[101.4922,6.278],[101.4921,6.2781],[101.492,6.2781],[101.4919,6.2781],[101.4919,6.2781],[101.4918,6.2781],[101.4917,6.2781],[101.4914,6.2777],[101.4913,6.2775],[101.4908,6.2766],[101.4904,6.276],[101.4903,6.2758],[101.4888,6.2742],[101.4887,6.274],[101.4885,6.2737],[101.4881,6.2732],[101.4877,6.2725],[101.4874,6.272],[101.4872,6.2714],[101.4871,6.2713],[101.4871,6.2712],[101.487,6.2712],[101.4868,6.2709],[101.4867,6.2708],[101.4867,6.2707],[101.4866,6.2706],[101.4865,6.2703],[101.4864,6.2698],[101.4864,6.2697],[101.4863,6.2695],[101.4863,6.269],[101.4863,6.2689],[101.4863,6.2686],[101.4864,6.2682],[101.4864,6.2676],[101.4866,6.2667],[101.4866,6.2666],[101.4866,6.2665],[101.4866,6.2664],[101.4863,6.2642],[101.4862,6.2639],[101.4861,6.2633],[101.486,6.2632],[101.486,6.2631],[101.486,6.2629],[101.4862,6.2615],[101.4863,6.2611],[101.4864,6.2606],[101.4864,6.2604],[101.4868,6.2591],[101.4869,6.2589],[101.487,6.2586],[101.4871,6.2579],[101.4872,6.2578],[101.4872,6.2577],[101.4874,6.2573],[101.4876,6.2571],[101.4877,6.257],[101.4877,6.2569],[101.4878,6.2569],[101.4879,6.2569],[101.488,6.2568],[101.4883,6.2566],[101.4886,6.2565],[101.4888,6.2563],[101.4889,6.2562],[101.4891,6.2561],[101.4893,6.2559],[101.4894,6.2558],[101.4894,6.2558],[101.4895,6.2557],[101.4902,6.2548],[101.49,6.2544],[101.4891,6.2533],[101.4873,6.2524],[101.4843,6.2518],[101.4814,6.2522],[101.4776,6.2536],[101.4717,6.2558],[101.4602,6.2592],[101.4592,6.2595],[101.4576,6.2601],[101.456,6.2594],[101.4549,6.2581],[101.454,6.2566],[101.452,6.253],[101.4513,6.2493],[101.4511,6.246],[101.45,6.2449],[101.4471,6.2431],[101.4438,6.2405],[101.4411,6.2363],[101.4407,6.233],[101.44,6.2312],[101.4387,6.2319],[101.4367,6.2339],[101.4349,6.2344],[101.4345,6.2345],[101.4325,6.2339],[101.4303,6.233],[101.4283,6.233],[101.4272,6.2344],[101.4265,6.2359],[101.4252,6.2375],[101.423,6.2386],[101.4219,6.2399],[101.4215,6.2417],[101.4199,6.2426],[101.418,6.2421],[101.4153,6.2402],[101.4129,6.2375],[101.4106,6.2349],[101.4064,6.2333],[101.3996,6.2316],[101.3984,6.2314],[101.3976,6.2308],[101.3972,6.2301],[101.3971,6.2293],[101.3971,6.2284],[101.3971,6.2275],[101.3969,6.2264],[101.3966,6.2256],[101.3961,6.2248],[101.3945,6.2229],[101.3939,6.2224],[101.3931,6.222],[101.3919,6.2218],[101.3908,6.2215],[101.3901,6.2211],[101.3883,6.2201],[101.3873,6.2194],[101.3867,6.2188],[101.3861,6.2183],[101.385,6.2176],[101.3838,6.2171],[101.3824,6.2168],[101.3807,6.2161],[101.3786,6.2144],[101.378,6.2147],[101.3772,6.214],[101.3759,6.2128],[101.3751,6.2123],[101.3747,6.212],[101.3741,6.2114],[101.3736,6.211],[101.3731,6.2107],[101.3723,6.2104],[101.3719,6.21],[101.3714,6.2095],[101.3712,6.209],[101.3711,6.2085],[101.3712,6.208],[101.3715,6.2077],[101.3723,6.2072],[101.3731,6.2065],[101.3748,6.2045],[101.376,6.2027],[101.3767,6.2014],[101.3769,6.2006],[101.377,6.1999],[101.3771,6.1993],[101.3773,6.1988],[101.378,6.1981],[101.3786,6.1975],[101.3791,6.1969],[101.3798,6.1958],[101.3802,6.1947],[101.3802,6.1941],[101.3805,6.1932],[101.3808,6.1926],[101.3813,6.1921],[101.3823,6.191],[101.3833,6.1898],[101.3837,6.1889],[101.3838,6.1884],[101.3838,6.1879],[101.3834,6.1871],[101.3834,6.1866],[101.3835,6.1862],[101.3837,6.1859],[101.3848,6.1848],[101.3855,6.1838],[101.3859,6.1828],[101.3861,6.1816],[101.3861,6.1779],[101.3859,6.1717],[101.386,6.1709],[101.3861,6.1703],[101.3865,6.1694],[101.3867,6.169],[101.3868,6.1687],[101.3866,6.1683],[101.3866,6.1678],[101.3867,6.1674],[101.3876,6.1665],[101.3889,6.1657],[101.3896,6.1651],[101.3904,6.1641],[101.3909,6.1634],[101.3915,6.1627],[101.3921,6.1621],[101.3926,6.1616],[101.3931,6.1608],[101.3935,6.1604],[101.3939,6.1599]]]}},{"type":"Feature","properties":{"code":"9604","name":"ยี่งอ","name_en":"Yi-ngo","area_sqkm":186.2,"src":"geoBoundaries+OpenGISData"},"geometry":{"type":"Polygon","coordinates":[[[101.6363,6.472],[101.6365,6.4704],[101.6368,6.4687],[101.6369,6.467],[101.636,6.4651],[101.6349,6.4638],[101.6339,6.4626],[101.6332,6.4609],[101.6336,6.4593],[101.6348,6.4581],[101.635,6.4566],[101.6345,6.4552],[101.6341,6.4535],[101.6347,6.4516],[101.6352,6.4502],[101.6361,6.4486],[101.6369,6.4473],[101.637,6.445],[101.6372,6.4428],[101.6376,6.4409],[101.638,6.4394],[101.6393,6.4373],[101.6404,6.4359],[101.6417,6.435],[101.6433,6.4341],[101.6447,6.4335],[101.6463,6.4328],[101.6474,6.4316],[101.6474,6.4316],[101.6474,6.4297],[101.6472,6.4279],[101.6473,6.426],[101.6473,6.4245],[101.6472,6.4227],[101.647,6.421],[101.6467,6.4195],[101.646,6.4179],[101.6452,6.4164],[101.6443,6.4151],[101.6438,6.4136],[101.6435,6.4116],[101.6435,6.4105],[101.6434,6.41],[101.643,6.4083],[101.6411,6.4077],[101.6388,6.4076],[101.637,6.4073],[101.6355,6.4069],[101.6335,6.4064],[101.6318,6.4057],[101.6301,6.4045],[101.6289,6.4034],[101.6279,6.4022],[101.6265,6.4014],[101.6248,6.4011],[101.6233,6.4003],[101.6232,6.3986],[101.6243,6.3972],[101.6256,6.396],[101.6259,6.3945],[101.6269,6.3932],[101.6278,6.392],[101.6285,6.3903],[101.6282,6.3887],[101.627,6.3873],[101.626,6.3858],[101.6253,6.384],[101.6254,6.3819],[101.6263,6.38],[101.6271,6.3787],[101.6282,6.3773],[101.6292,6.3761],[101.6305,6.3752],[101.6318,6.3743],[101.6322,6.3724],[101.6359,6.369],[101.6375,6.3681],[101.6387,6.3672],[101.6394,6.3656],[101.6401,6.3651],[101.6407,6.365],[101.6412,6.3643],[101.6416,6.3636],[101.6424,6.3631],[101.6434,6.3628],[101.6441,6.3625],[101.6449,6.361],[101.6456,6.3601],[101.6466,6.3593],[101.6473,6.3582],[101.6481,6.3577],[101.649,6.3571],[101.6498,6.3557],[101.6499,6.3555],[101.6508,6.3547],[101.6525,6.354],[101.6539,6.3533],[101.6556,6.3529],[101.6588,6.3532],[101.6608,6.3535],[101.6672,6.3553],[101.6699,6.3561],[101.6726,6.3574],[101.6754,6.3582],[101.677,6.3583],[101.6786,6.3582],[101.68,6.358],[101.681,6.3579],[101.6824,6.3577],[101.6839,6.3571],[101.685,6.3564],[101.6862,6.3558],[101.6887,6.3557],[101.6907,6.3561],[101.6915,6.3565],[101.6917,6.3566],[101.6926,6.357],[101.6936,6.3571],[101.6955,6.3567],[101.6966,6.3566],[101.6978,6.3562],[101.6987,6.3553],[101.6997,6.3548],[101.7014,6.3536],[101.7034,6.3526],[101.7061,6.3518],[101.7112,6.3496],[101.7125,6.3492],[101.7139,6.3488],[101.7159,6.3483],[101.7181,6.3478],[101.7203,6.3475],[101.7211,6.3474],[101.721,6.3482],[101.7212,6.3487],[101.7214,6.349],[101.7216,6.3493],[101.722,6.3495],[101.7223,6.3496],[101.7225,6.3497],[101.7229,6.3497],[101.7232,6.3498],[101.7239,6.3505],[101.7241,6.3506],[101.7241,6.3508],[101.7242,6.3514],[101.7245,6.3522],[101.7245,6.3526],[101.7245,6.3532],[101.7245,6.3535],[101.7245,6.3541],[101.7244,6.3546],[101.7242,6.355],[101.724,6.3556],[101.7239,6.3561],[101.7238,6.3566],[101.7239,6.3572],[101.7238,6.3575],[101.7238,6.3578],[101.7236,6.3581],[101.7235,6.3584],[101.7234,6.3587],[101.7234,6.3588],[101.7237,6.3591],[101.7246,6.3603],[101.7247,6.3605],[101.7248,6.3608],[101.7247,6.3612],[101.7246,6.3616],[101.7244,6.362],[101.7242,6.3623],[101.7239,6.3626],[101.7214,6.3646],[101.7213,6.3648],[101.7212,6.365],[101.7213,6.3652],[101.7213,6.3654],[101.7218,6.3667],[101.7221,6.3673],[101.7222,6.3675],[101.7224,6.3678],[101.7226,6.368],[101.7256,6.3689],[101.726,6.369],[101.7264,6.369],[101.7266,6.369],[101.727,6.3687],[101.7273,6.3686],[101.7276,6.3686],[101.7278,6.3686],[101.7281,6.3687],[101.7295,6.3702],[101.7298,6.3703],[101.7301,6.3703],[101.7304,6.3703],[101.7308,6.3701],[101.7311,6.3698],[101.7317,6.3687],[101.732,6.3686],[101.7322,6.3685],[101.7324,6.3686],[101.7339,6.3694],[101.7342,6.3694],[101.7345,6.3694],[101.7348,6.3694],[101.735,6.3695],[101.735,6.3695],[101.7358,6.371],[101.7359,6.3715],[101.736,6.3719],[101.7358,6.373],[101.7358,6.3732],[101.7359,6.3734],[101.7361,6.3734],[101.7363,6.3733],[101.7365,6.3731],[101.737,6.3726],[101.7374,6.3725],[101.7376,6.3724],[101.7381,6.3725],[101.7384,6.3727],[101.7387,6.373],[101.7389,6.3732],[101.7395,6.3736],[101.7397,6.3737],[101.74,6.3736],[101.7403,6.3735],[101.7406,6.3735],[101.7408,6.3735],[101.741,6.3737],[101.7411,6.374],[101.7411,6.3743],[101.7409,6.3745],[101.7408,6.3746],[101.7406,6.3748],[101.7403,6.3748],[101.7398,6.3747],[101.7396,6.3746],[101.7394,6.3746],[101.7392,6.3747],[101.7389,6.3748],[101.7388,6.3748],[101.7386,6.375],[101.7385,6.3751],[101.7385,6.3753],[101.7385,6.3757],[101.7383,6.3759],[101.7383,6.3761],[101.7383,6.3764],[101.7384,6.3766],[101.7386,6.3768],[101.7387,6.3771],[101.7388,6.3775],[101.7388,6.3781],[101.7388,6.3784],[101.739,6.379],[101.7391,6.3795],[101.7393,6.3798],[101.7396,6.3802],[101.7398,6.3803],[101.7402,6.3803],[101.7406,6.3802],[101.7409,6.3801],[101.7411,6.3799],[101.7413,6.3796],[101.7413,6.3793],[101.7413,6.3788],[101.7413,6.3783],[101.7413,6.3779],[101.7415,6.3777],[101.7418,6.3775],[101.742,6.3775],[101.7423,6.3775],[101.7425,6.3776],[101.7427,6.3778],[101.7429,6.3781],[101.7431,6.3784],[101.7432,6.3789],[101.7433,6.3794],[101.7433,6.3801],[101.7434,6.3804],[101.7436,6.3806],[101.7438,6.3806],[101.7441,6.3806],[101.7444,6.3804],[101.745,6.38],[101.7457,6.3793],[101.746,6.3792],[101.7462,6.3792],[101.7466,6.3792],[101.7472,6.3797],[101.7474,6.3797],[101.7477,6.3797],[101.748,6.3794],[101.7482,6.379],[101.7483,6.3786],[101.7484,6.378],[101.7485,6.3777],[101.7487,6.3774],[101.7489,6.3773],[101.7492,6.3773],[101.7495,6.3774],[101.7498,6.3777],[101.7499,6.3778],[101.7502,6.3778],[101.7505,6.3776],[101.7508,6.3774],[101.751,6.377],[101.751,6.3767],[101.7511,6.376],[101.7512,6.3757],[101.7514,6.3756],[101.7525,6.3749],[101.7527,6.3745],[101.7528,6.3742],[101.7528,6.3738],[101.7525,6.3734],[101.7524,6.3731],[101.7524,6.3727],[101.7528,6.3725],[101.7536,6.3725],[101.754,6.3728],[101.7549,6.3744],[101.7551,6.3745],[101.7555,6.3746],[101.7558,6.3745],[101.7568,6.3736],[101.7571,6.3734],[101.7575,6.3732],[101.7578,6.3733],[101.7581,6.3734],[101.7591,6.3748],[101.7595,6.3752],[101.7602,6.3755],[101.7607,6.3754],[101.7612,6.3757],[101.7613,6.3761],[101.7614,6.3765],[101.7615,6.3767],[101.7617,6.3768],[101.7652,6.3786],[101.7657,6.3787],[101.7661,6.3787],[101.7671,6.3785],[101.7674,6.3786],[101.7692,6.3798],[101.7692,6.38],[101.7693,6.3803],[101.7687,6.3809],[101.7686,6.3811],[101.7685,6.3816],[101.7683,6.3826],[101.768,6.3831],[101.768,6.3833],[101.7679,6.3835],[101.7679,6.3837],[101.7681,6.3841],[101.7682,6.3843],[101.7683,6.3846],[101.7684,6.3848],[101.7683,6.3862],[101.7684,6.3879],[101.7681,6.3884],[101.768,6.3889],[101.7675,6.3892],[101.7672,6.3895],[101.767,6.3899],[101.7669,6.39],[101.7669,6.3902],[101.7671,6.3911],[101.7673,6.3918],[101.7678,6.3925],[101.7686,6.3928],[101.7691,6.393],[101.7701,6.3937],[101.7706,6.3939],[101.7708,6.3938],[101.7711,6.3936],[101.7714,6.3926],[101.7717,6.3921],[101.7721,6.392],[101.7724,6.392],[101.7726,6.3923],[101.7727,6.3924],[101.7727,6.3929],[101.7722,6.3939],[101.7716,6.3943],[101.7712,6.3946],[101.771,6.3951],[101.771,6.3955],[101.7712,6.3958],[101.7715,6.396],[101.7719,6.396],[101.7723,6.3959],[101.7728,6.3957],[101.7732,6.3957],[101.7734,6.3957],[101.7742,6.396],[101.7747,6.3961],[101.7749,6.396],[101.7751,6.396],[101.776,6.3966],[101.7762,6.3966],[101.7763,6.3967],[101.7765,6.3966],[101.7775,6.3961],[101.7778,6.3961],[101.7779,6.3963],[101.778,6.3973],[101.778,6.3976],[101.778,6.3977],[101.7781,6.3979],[101.7781,6.3979],[101.7782,6.398],[101.779,6.399],[101.7791,6.3991],[101.7791,6.3991],[101.7791,6.3991],[101.7791,6.3992],[101.7791,6.3993],[101.7791,6.3993],[101.7789,6.4002],[101.7788,6.4003],[101.7788,6.4003],[101.7788,6.4004],[101.7788,6.4004],[101.7789,6.4005],[101.7789,6.4006],[101.779,6.4007],[101.779,6.4007],[101.779,6.4007],[101.7791,6.4008],[101.7792,6.4008],[101.7793,6.4008],[101.7794,6.4008],[101.7795,6.4008],[101.7797,6.4006],[101.7802,6.4004],[101.7803,6.4004],[101.7803,6.4004],[101.7803,6.4004],[101.7804,6.4003],[101.7807,6.4003],[101.781,6.4004],[101.7811,6.4004],[101.7812,6.4004],[101.7812,6.4004],[101.7813,6.4005],[101.7813,6.4005],[101.7814,6.4005],[101.7814,6.4006],[101.7815,6.4007],[101.7815,6.4007],[101.7815,6.4008],[101.7815,6.4009],[101.7815,6.4009],[101.7815,6.401],[101.7814,6.401],[101.7814,6.4011],[101.7814,6.4012],[101.7813,6.4012],[101.7813,6.4013],[101.7813,6.4013],[101.7813,6.4014],[101.7813,6.4015],[101.7813,6.4016],[101.7813,6.4017],[101.7813,6.4018],[101.7813,6.4018],[101.7814,6.4019],[101.7814,6.402],[101.7815,6.402],[101.7815,6.4021],[101.7816,6.4021],[101.7816,6.4021],[101.7817,6.4022],[101.7818,6.4022],[101.7819,6.4022],[101.7819,6.4022],[101.782,6.4022],[101.7821,6.4022],[101.7822,6.4022],[101.7822,6.4022],[101.7823,6.4022],[101.7824,6.4021],[101.7824,6.4021],[101.7825,6.402],[101.7825,6.402],[101.7826,6.4019],[101.7826,6.4019],[101.7827,6.4017],[101.7828,6.4015],[101.783,6.4013],[101.7831,6.4012],[101.7831,6.4012],[101.7832,6.4011],[101.7833,6.401],[101.7834,6.401],[101.7834,6.401],[101.7834,6.401],[101.7835,6.401],[101.7836,6.401],[101.7836,6.401],[101.7837,6.401],[101.7837,6.401],[101.7838,6.401],[101.7838,6.401],[101.7839,6.4011],[101.784,6.4012],[101.7842,6.4013],[101.7843,6.4014],[101.7843,6.4014],[101.7844,6.4015],[101.7845,6.4015],[101.7848,6.4016],[101.7849,6.4016],[101.785,6.4016],[101.785,6.4017],[101.7851,6.4017],[101.7852,6.4017],[101.7853,6.4018],[101.7853,6.4018],[101.7853,6.4019],[101.7854,6.4019],[101.7854,6.402],[101.7855,6.4021],[101.7856,6.4025],[101.7856,6.4026],[101.7857,6.4027],[101.7857,6.4028],[101.7857,6.4028],[101.7847,6.4051],[101.7839,6.4077],[101.7835,6.4086],[101.7828,6.4101],[101.7822,6.4122],[101.7813,6.415],[101.7808,6.4164],[101.7799,6.4183],[101.7791,6.4201],[101.7786,6.4219],[101.7781,6.4241],[101.7774,6.4263],[101.7768,6.4283],[101.7759,6.4306],[101.7759,6.4308],[101.775,6.4327],[101.774,6.4348],[101.773,6.4366],[101.7717,6.4383],[101.7705,6.4394],[101.7689,6.4409],[101.7672,6.4425],[101.7656,6.4437],[101.7634,6.4452],[101.7613,6.4466],[101.759,6.4482],[101.7572,6.4494],[101.7554,6.4507],[101.7535,6.4518],[101.7517,6.453],[101.75,6.4547],[101.7487,6.4559],[101.7473,6.4572],[101.7442,6.4589],[101.7429,6.46],[101.7415,6.4613],[101.7403,6.4626],[101.739,6.4641],[101.7375,6.4658],[101.7364,6.4673],[101.7352,6.4692],[101.7339,6.4709],[101.7324,6.4729],[101.7317,6.474],[101.7309,6.4749],[101.73,6.4761],[101.7287,6.478],[101.7274,6.4799],[101.7261,6.4816],[101.725,6.483],[101.7238,6.4846],[101.7229,6.4861],[101.7219,6.4877],[101.7209,6.4893],[101.7199,6.491],[101.7189,6.4926],[101.7178,6.4942],[101.7168,6.4955],[101.7157,6.4972],[101.7159,6.4999],[101.7129,6.4981],[101.7117,6.4971],[101.7105,6.496],[101.7088,6.4945],[101.7075,6.4935],[101.7059,6.4922],[101.7032,6.4904],[101.7016,6.4893],[101.7001,6.4883],[101.6985,6.4871],[101.6966,6.4858],[101.6945,6.4843],[101.6925,6.4831],[101.6904,6.4818],[101.6889,6.4809],[101.6872,6.48],[101.6855,6.4791],[101.6837,6.4784],[101.6818,6.4777],[101.6799,6.4769],[101.6783,6.4762],[101.6767,6.4756],[101.6754,6.4751],[101.6733,6.4742],[101.6712,6.4734],[101.6696,6.4729],[101.668,6.4726],[101.6665,6.4723],[101.6647,6.4719],[101.6629,6.4718],[101.6612,6.4726],[101.6592,6.4724],[101.6575,6.472],[101.6557,6.4718],[101.654,6.4715],[101.652,6.4715],[101.65,6.4718],[101.6483,6.4721],[101.6464,6.4722],[101.6445,6.4723],[101.6428,6.4723],[101.6407,6.4722],[101.6386,6.4723],[101.6363,6.472]]]}},{"type":"Feature","properties":{"code":"9605","name":"ระแงะ","name_en":"Ra-ngae","area_sqkm":440.1,"src":"geoBoundaries+OpenGISData"},"geometry":{"type":"Polygon","coordinates":[[[101.8019,6.1297],[101.8017,6.132],[101.8014,6.1339],[101.8005,6.1356],[101.801,6.1376],[101.802,6.1404],[101.8032,6.1449],[101.8034,6.1493],[101.8022,6.1506],[101.799,6.1518],[101.7973,6.1538],[101.7962,6.1567],[101.794,6.1605],[101.7912,6.1663],[101.7904,6.1693],[101.7894,6.1728],[101.7889,6.1776],[101.7895,6.1812],[101.7902,6.1821],[101.7905,6.1824],[101.7909,6.1827],[101.7908,6.1836],[101.7905,6.1841],[101.7903,6.185],[101.7898,6.1856],[101.7892,6.1862],[101.7884,6.1879],[101.7862,6.1908],[101.7839,6.1938],[101.7827,6.1956],[101.7816,6.1985],[101.7813,6.2001],[101.7816,6.2017],[101.7822,6.2037],[101.7824,6.2059],[101.7828,6.2091],[101.7828,6.2102],[101.7817,6.2113],[101.7796,6.2132],[101.7758,6.2165],[101.7731,6.2192],[101.7715,6.2202],[101.7705,6.2222],[101.7691,6.2275],[101.7678,6.2295],[101.7654,6.2311],[101.7627,6.2324],[101.7606,6.2328],[101.761,6.2332],[101.7628,6.2342],[101.7644,6.2354],[101.766,6.2367],[101.7683,6.24],[101.7709,6.244],[101.774,6.2468],[101.7779,6.2499],[101.781,6.2513],[101.7861,6.2557],[101.7909,6.2603],[101.7947,6.2651],[101.7976,6.2682],[101.8034,6.2748],[101.809,6.2825],[101.8102,6.2837],[101.8221,6.2985],[101.8211,6.2982],[101.8192,6.2987],[101.8178,6.299],[101.8169,6.2994],[101.8161,6.3003],[101.8149,6.3009],[101.8137,6.3015],[101.8127,6.3024],[101.8118,6.3032],[101.8101,6.3042],[101.8089,6.3046],[101.8063,6.3049],[101.8045,6.3046],[101.8032,6.3046],[101.8019,6.3047],[101.8,6.3053],[101.7988,6.3055],[101.7977,6.3053],[101.7964,6.3054],[101.7947,6.3058],[101.7931,6.3066],[101.7924,6.3072],[101.7913,6.3081],[101.7902,6.3085],[101.7886,6.3087],[101.7869,6.3085],[101.7853,6.3081],[101.7836,6.3076],[101.7816,6.3065],[101.7787,6.3046],[101.7767,6.3037],[101.7754,6.3036],[101.7739,6.304],[101.7729,6.3046],[101.7711,6.3059],[101.7697,6.3075],[101.7688,6.3096],[101.7675,6.3138],[101.7663,6.3193],[101.7656,6.3209],[101.7643,6.3236],[101.7624,6.3269],[101.7614,6.3283],[101.7603,6.3295],[101.758,6.3314],[101.7554,6.3328],[101.7531,6.3329],[101.7514,6.3333],[101.7508,6.3336],[101.75,6.3341],[101.7495,6.3349],[101.749,6.3353],[101.7485,6.3353],[101.748,6.3357],[101.7476,6.3367],[101.7467,6.3372],[101.7451,6.338],[101.7436,6.3391],[101.7417,6.34],[101.7404,6.3407],[101.7373,6.3427],[101.7353,6.344],[101.7334,6.3448],[101.7309,6.3462],[101.7297,6.3472],[101.7287,6.3473],[101.7267,6.3472],[101.7246,6.347],[101.7229,6.3472],[101.7211,6.3474],[101.7203,6.3475],[101.7181,6.3478],[101.7159,6.3483],[101.7139,6.3488],[101.7125,6.3492],[101.7112,6.3496],[101.7061,6.3518],[101.7034,6.3526],[101.7014,6.3536],[101.6997,6.3548],[101.6987,6.3553],[101.6978,6.3562],[101.6966,6.3566],[101.6955,6.3567],[101.6936,6.3571],[101.6926,6.357],[101.6917,6.3566],[101.6915,6.3565],[101.6907,6.3561],[101.6887,6.3557],[101.6862,6.3558],[101.685,6.3564],[101.6839,6.3571],[101.6824,6.3577],[101.681,6.3579],[101.68,6.358],[101.6786,6.3582],[101.677,6.3583],[101.6754,6.3582],[101.6726,6.3574],[101.6699,6.3561],[101.6672,6.3553],[101.6608,6.3535],[101.6588,6.3532],[101.6556,6.3529],[101.6539,6.3533],[101.6525,6.354],[101.6508,6.3547],[101.6499,6.3555],[101.6498,6.3557],[101.649,6.3571],[101.6481,6.3577],[101.6473,6.3582],[101.6466,6.3593],[101.6456,6.3601],[101.6449,6.361],[101.6441,6.3625],[101.6434,6.3628],[101.6424,6.3631],[101.6416,6.3636],[101.6412,6.3643],[101.6407,6.365],[101.6401,6.3651],[101.6394,6.3656],[101.6387,6.3672],[101.6375,6.3681],[101.6359,6.369],[101.6353,6.3689],[101.6339,6.369],[101.6327,6.3692],[101.6315,6.3698],[101.6312,6.37],[101.6298,6.3708],[101.6287,6.3711],[101.6276,6.3712],[101.6269,6.3708],[101.6262,6.3701],[101.6254,6.3696],[101.6253,6.3696],[101.6246,6.3692],[101.6243,6.3689],[101.624,6.368],[101.6237,6.3667],[101.623,6.3655],[101.6227,6.3647],[101.6222,6.3646],[101.621,6.3649],[101.62,6.3651],[101.6191,6.3645],[101.6183,6.3646],[101.617,6.3654],[101.6166,6.3657],[101.6161,6.366],[101.615,6.3661],[101.6142,6.366],[101.6135,6.3656],[101.6131,6.365],[101.6126,6.3642],[101.6118,6.3633],[101.6098,6.3622],[101.6086,6.3616],[101.6079,6.3613],[101.6073,6.361],[101.6063,6.3598],[101.6055,6.3585],[101.6054,6.3574],[101.6056,6.3563],[101.606,6.3554],[101.6064,6.3543],[101.6072,6.3539],[101.6079,6.3535],[101.6084,6.3532],[101.6091,6.3532],[101.6102,6.3532],[101.6106,6.3531],[101.6108,6.3526],[101.611,6.3516],[101.6113,6.3506],[101.6115,6.3495],[101.6118,6.3483],[101.6122,6.3468],[101.6127,6.3455],[101.6132,6.3441],[101.6132,6.3433],[101.613,6.3427],[101.6128,6.3424],[101.6127,6.3418],[101.6128,6.3414],[101.6135,6.3409],[101.6139,6.3406],[101.6138,6.3393],[101.6133,6.3378],[101.6125,6.3377],[101.6116,6.3371],[101.6109,6.3364],[101.6105,6.3354],[101.6102,6.3347],[101.6095,6.3341],[101.6089,6.3331],[101.6078,6.3328],[101.6066,6.3329],[101.6061,6.333],[101.6053,6.3331],[101.6045,6.3327],[101.6041,6.3324],[101.6042,6.332],[101.6043,6.3318],[101.6048,6.3306],[101.6048,6.3298],[101.6034,6.3275],[101.6026,6.3254],[101.6023,6.3239],[101.602,6.323],[101.6013,6.3222],[101.6012,6.3218],[101.601,6.3215],[101.6011,6.3212],[101.6014,6.3206],[101.6019,6.3197],[101.6015,6.3189],[101.601,6.3178],[101.6,6.316],[101.5998,6.3151],[101.6001,6.3139],[101.6012,6.3126],[101.6018,6.311],[101.602,6.3097],[101.6017,6.3087],[101.5998,6.3074],[101.5981,6.3063],[101.5965,6.3058],[101.5945,6.3043],[101.5935,6.3035],[101.5935,6.3025],[101.5939,6.3007],[101.5942,6.299],[101.5946,6.2981],[101.5948,6.298],[101.5956,6.2973],[101.5964,6.2965],[101.5964,6.2951],[101.5958,6.2944],[101.5944,6.2936],[101.5935,6.2931],[101.5935,6.2928],[101.5942,6.2925],[101.595,6.2922],[101.5959,6.2918],[101.5977,6.2905],[101.5986,6.2901],[101.6001,6.2892],[101.6019,6.2883],[101.6031,6.2877],[101.6055,6.2861],[101.6059,6.2851],[101.6057,6.2821],[101.6059,6.2802],[101.6062,6.2783],[101.6065,6.2775],[101.6073,6.2758],[101.6083,6.2746],[101.6089,6.2734],[101.6093,6.2722],[101.6103,6.2714],[101.6109,6.2704],[101.6108,6.2689],[101.6103,6.2677],[101.6103,6.267],[101.6104,6.2664],[101.6116,6.2653],[101.6126,6.2647],[101.6128,6.2642],[101.6126,6.2626],[101.6121,6.2613],[101.6098,6.2574],[101.6094,6.2562],[101.6093,6.2549],[101.6093,6.2532],[101.6095,6.2525],[101.6108,6.2515],[101.6109,6.2514],[101.6113,6.2506],[101.6116,6.25],[101.6126,6.2487],[101.615,6.2464],[101.6155,6.2459],[101.6174,6.2433],[101.6193,6.241],[101.6196,6.2393],[101.6197,6.2383],[101.6191,6.2375],[101.6169,6.2352],[101.6159,6.2335],[101.6158,6.2329],[101.6159,6.2313],[101.6159,6.2302],[101.6159,6.2297],[101.616,6.2282],[101.6163,6.2254],[101.6156,6.2231],[101.6147,6.222],[101.6134,6.2213],[101.6122,6.221],[101.6124,6.2203],[101.6136,6.2197],[101.6141,6.2195],[101.6149,6.2184],[101.6154,6.2169],[101.6158,6.2156],[101.6161,6.2153],[101.617,6.2141],[101.6189,6.212],[101.6198,6.211],[101.6207,6.2095],[101.6215,6.2093],[101.6223,6.2093],[101.6232,6.2096],[101.6236,6.2096],[101.6242,6.2097],[101.6248,6.2097],[101.6252,6.2092],[101.6252,6.2082],[101.6255,6.2074],[101.6259,6.2062],[101.6265,6.2053],[101.6284,6.2041],[101.6296,6.2033],[101.6307,6.2028],[101.6311,6.2026],[101.6317,6.2022],[101.6329,6.2007],[101.6333,6.1999],[101.6331,6.1987],[101.6324,6.1968],[101.6308,6.1943],[101.6303,6.1936],[101.6298,6.1929],[101.6297,6.1926],[101.6297,6.1925],[101.6299,6.1918],[101.6302,6.1913],[101.6309,6.1906],[101.6309,6.1897],[101.6315,6.1892],[101.6319,6.1887],[101.6319,6.1883],[101.631,6.1879],[101.63,6.1878],[101.6289,6.1875],[101.628,6.1864],[101.6274,6.1851],[101.6273,6.1839],[101.6272,6.1831],[101.6276,6.1817],[101.6283,6.1809],[101.6299,6.1793],[101.6301,6.1791],[101.6305,6.1779],[101.6308,6.1762],[101.6315,6.1747],[101.6324,6.1737],[101.6334,6.1732],[101.6341,6.1732],[101.6348,6.1731],[101.6366,6.1735],[101.6387,6.174],[101.6399,6.1747],[101.6414,6.1756],[101.6436,6.177],[101.6454,6.1786],[101.6466,6.1796],[101.6472,6.1801],[101.6492,6.1819],[101.6503,6.1829],[101.6521,6.1845],[101.6541,6.1865],[101.6559,6.1876],[101.6564,6.1877],[101.6571,6.1878],[101.6599,6.1872],[101.66,6.1872],[101.6618,6.187],[101.6626,6.1871],[101.6628,6.1872],[101.6635,6.1874],[101.664,6.1874],[101.6644,6.1872],[101.6653,6.1868],[101.6663,6.186],[101.6671,6.186],[101.6675,6.1866],[101.6677,6.1868],[101.6686,6.1876],[101.6695,6.1882],[101.6706,6.1885],[101.672,6.1886],[101.6732,6.1873],[101.6749,6.1866],[101.6766,6.1863],[101.6775,6.1858],[101.6801,6.1852],[101.6834,6.1847],[101.6856,6.1845],[101.6885,6.1857],[101.6895,6.1863],[101.6896,6.1864],[101.6904,6.1873],[101.6914,6.1886],[101.6922,6.1892],[101.6932,6.1898],[101.6956,6.1903],[101.6973,6.1902],[101.7022,6.1891],[101.7054,6.1885],[101.7073,6.1883],[101.7099,6.1881],[101.7118,6.1879],[101.7121,6.1878],[101.7122,6.1877],[101.7122,6.1871],[101.7122,6.1871],[101.7122,6.1869],[101.7124,6.1867],[101.7127,6.1862],[101.7128,6.1858],[101.7131,6.1855],[101.7134,6.1852],[101.7137,6.1851],[101.7137,6.1849],[101.7136,6.1847],[101.7135,6.1845],[101.7135,6.1838],[101.7133,6.1834],[101.7132,6.1833],[101.713,6.1833],[101.7128,6.1833],[101.7125,6.1831],[101.7123,6.183],[101.7122,6.1828],[101.7122,6.1827],[101.7123,6.1825],[101.7125,6.1823],[101.7127,6.1823],[101.713,6.1822],[101.7132,6.182],[101.7133,6.1817],[101.7132,6.1816],[101.7131,6.1815],[101.7129,6.1814],[101.7127,6.1813],[101.7122,6.1811],[101.7119,6.1808],[101.7117,6.1806],[101.7117,6.1803],[101.7118,6.1801],[101.7118,6.1799],[101.712,6.1796],[101.7121,6.1792],[101.7121,6.1787],[101.7119,6.178],[101.7118,6.1775],[101.7117,6.1773],[101.7118,6.1772],[101.7118,6.1771],[101.712,6.1769],[101.712,6.1767],[101.712,6.1766],[101.712,6.1764],[101.7118,6.1763],[101.7116,6.1761],[101.7113,6.1759],[101.7112,6.1756],[101.7111,6.1754],[101.7111,6.1753],[101.7113,6.1751],[101.7116,6.1749],[101.7116,6.1748],[101.7119,6.1745],[101.7119,6.1744],[101.7118,6.1743],[101.7118,6.1742],[101.7118,6.1742],[101.7116,6.1741],[101.7115,6.1741],[101.7115,6.1741],[101.7113,6.1738],[101.7112,6.1737],[101.7112,6.1737],[101.7112,6.1737],[101.7112,6.1734],[101.7112,6.1733],[101.7112,6.1732],[101.7112,6.1731],[101.7112,6.173],[101.7113,6.173],[101.7113,6.1729],[101.7113,6.1729],[101.7113,6.1728],[101.7114,6.1728],[101.7115,6.1727],[101.7116,6.1726],[101.7116,6.1726],[101.7117,6.1726],[101.7117,6.1726],[101.7117,6.1726],[101.7118,6.1726],[101.7119,6.1726],[101.7119,6.1726],[101.7122,6.1727],[101.7124,6.1728],[101.7125,6.1728],[101.7126,6.1728],[101.7127,6.1728],[101.7128,6.1728],[101.713,6.1727],[101.7131,6.1727],[101.7131,6.1727],[101.7132,6.1727],[101.7133,6.1726],[101.7133,6.1726],[101.7134,6.1725],[101.7134,6.1725],[101.7134,6.1725],[101.7134,6.1724],[101.7134,6.1724],[101.7134,6.1724],[101.7135,6.1723],[101.7135,6.1723],[101.7134,6.1722],[101.7134,6.1721],[101.7134,6.172],[101.7134,6.172],[101.7133,6.1718],[101.7132,6.1716],[101.7131,6.1715],[101.713,6.1713],[101.7129,6.171],[101.7129,6.1709],[101.7129,6.1705],[101.7129,6.1702],[101.713,6.17],[101.7131,6.1697],[101.7133,6.1694],[101.7134,6.1693],[101.7135,6.1692],[101.7137,6.1692],[101.7137,6.1691],[101.7138,6.1691],[101.7138,6.1691],[101.7138,6.1691],[101.7138,6.169],[101.7138,6.169],[101.7138,6.169],[101.7138,6.169],[101.7137,6.1689],[101.7137,6.1689],[101.7136,6.1688],[101.7136,6.1688],[101.7136,6.1688],[101.7136,6.1688],[101.7136,6.1687],[101.7136,6.1686],[101.7136,6.1686],[101.7136,6.1686],[101.7136,6.1685],[101.7136,6.1684],[101.7137,6.1684],[101.7139,6.1683],[101.714,6.1682],[101.714,6.1681],[101.7141,6.1681],[101.7142,6.168],[101.7142,6.1679],[101.7142,6.1679],[101.7142,6.1678],[101.7142,6.1678],[101.7142,6.1677],[101.7142,6.1676],[101.7142,6.1676],[101.7141,6.1675],[101.7141,6.1675],[101.7141,6.1675],[101.714,6.1674],[101.7139,6.1673],[101.7139,6.1673],[101.7138,6.1673],[101.7138,6.1672],[101.7137,6.1672],[101.7137,6.1671],[101.7137,6.1671],[101.7136,6.1669],[101.7136,6.1669],[101.7136,6.1668],[101.7136,6.1668],[101.7136,6.1666],[101.7136,6.1665],[101.7136,6.1665],[101.7136,6.1663],[101.7136,6.1662],[101.7136,6.1662],[101.7137,6.166],[101.7137,6.1658],[101.714,6.1654],[101.7142,6.1652],[101.7143,6.1651],[101.7145,6.1649],[101.7146,6.1648],[101.7147,6.1648],[101.7147,6.1647],[101.7148,6.1647],[101.7148,6.1647],[101.7149,6.1647],[101.715,6.1647],[101.715,6.1646],[101.7151,6.1646],[101.7152,6.1647],[101.7153,6.1647],[101.7153,6.1647],[101.7155,6.1647],[101.7157,6.1648],[101.7159,6.1649],[101.7159,6.1649],[101.716,6.1649],[101.7161,6.165],[101.7162,6.165],[101.7163,6.165],[101.7163,6.1649],[101.7164,6.1649],[101.7165,6.1649],[101.7165,6.1648],[101.7166,6.1648],[101.7166,6.1648],[101.7166,6.1647],[101.7166,6.1647],[101.7166,6.1646],[101.7167,6.1645],[101.7167,6.1644],[101.7166,6.1644],[101.7166,6.1643],[101.7166,6.1642],[101.7166,6.1641],[101.7165,6.1639],[101.7164,6.1639],[101.7164,6.1638],[101.7164,6.1638],[101.7163,6.1637],[101.7163,6.1636],[101.7163,6.1636],[101.7163,6.1635],[101.7163,6.1635],[101.7163,6.1634],[101.7163,6.1633],[101.7163,6.1633],[101.7163,6.1633],[101.7163,6.1632],[101.7164,6.1631],[101.7164,6.1631],[101.7165,6.1631],[101.7165,6.163],[101.7166,6.163],[101.7167,6.163],[101.717,6.1629],[101.7172,6.1629],[101.7176,6.163],[101.7177,6.163],[101.7178,6.163],[101.7179,6.163],[101.718,6.163],[101.7181,6.1629],[101.7182,6.1629],[101.7183,6.1629],[101.7184,6.1628],[101.7185,6.1627],[101.7185,6.1627],[101.7185,6.1626],[101.7185,6.1626],[101.7185,6.1626],[101.7186,6.1624],[101.7185,6.1617],[101.7185,6.1614],[101.7185,6.1613],[101.7185,6.1612],[101.7185,6.1612],[101.7185,6.1612],[101.7185,6.1611],[101.7186,6.1611],[101.7187,6.161],[101.7187,6.1609],[101.7188,6.1608],[101.7189,6.1608],[101.7189,6.1608],[101.719,6.1607],[101.719,6.1607],[101.7191,6.1607],[101.7191,6.1607],[101.7192,6.1607],[101.7192,6.1607],[101.7193,6.1607],[101.7193,6.1608],[101.7193,6.1608],[101.7194,6.1609],[101.7195,6.161],[101.7196,6.161],[101.7197,6.1611],[101.7198,6.1611],[101.7198,6.1612],[101.7199,6.1613],[101.7199,6.1613],[101.72,6.1613],[101.72,6.1613],[101.7202,6.1615],[101.7202,6.1615],[101.7203,6.1615],[101.7207,6.1617],[101.7208,6.1617],[101.7208,6.1617],[101.721,6.1617],[101.721,6.1617],[101.721,6.1617],[101.7212,6.1616],[101.7213,6.1615],[101.7213,6.1615],[101.7213,6.1614],[101.7214,6.1614],[101.7214,6.1614],[101.7215,6.1614],[101.7216,6.1613],[101.7216,6.1613],[101.7218,6.1613],[101.7219,6.1613],[101.7222,6.1613],[101.7225,6.1613],[101.7226,6.1613],[101.7227,6.1613],[101.7228,6.1613],[101.7228,6.1613],[101.7229,6.1613],[101.7229,6.1613],[101.723,6.1612],[101.723,6.1612],[101.7231,6.1611],[101.7231,6.1611],[101.7231,6.1611],[101.7231,6.161],[101.7231,6.1609],[101.7231,6.1609],[101.7231,6.1608],[101.7231,6.1607],[101.7231,6.1606],[101.7231,6.1605],[101.723,6.1604],[101.723,6.1603],[101.7228,6.1601],[101.7227,6.16],[101.7227,6.16],[101.7226,6.1599],[101.7226,6.1599],[101.7226,6.1598],[101.7226,6.1597],[101.7226,6.1597],[101.7226,6.1596],[101.7226,6.1596],[101.7226,6.1595],[101.7226,6.1594],[101.7227,6.1593],[101.7227,6.1593],[101.7227,6.1593],[101.7228,6.1592],[101.7228,6.1592],[101.7228,6.1592],[101.7229,6.1592],[101.7229,6.1592],[101.7229,6.1592],[101.723,6.1592],[101.7231,6.1591],[101.7232,6.1592],[101.7233,6.1592],[101.7234,6.1592],[101.7234,6.1592],[101.7235,6.1592],[101.7236,6.1592],[101.7237,6.1592],[101.724,6.1591],[101.724,6.1591],[101.7241,6.1591],[101.7244,6.159],[101.7246,6.1589],[101.7246,6.1589],[101.7246,6.1589],[101.7246,6.1588],[101.7247,6.1588],[101.7248,6.1586],[101.725,6.1584],[101.7251,6.1583],[101.7251,6.1583],[101.7251,6.1582],[101.7252,6.1581],[101.7253,6.158],[101.7254,6.1579],[101.7255,6.1578],[101.7257,6.1576],[101.7259,6.1574],[101.726,6.1573],[101.726,6.1572],[101.726,6.1572],[101.726,6.1571],[101.7261,6.1571],[101.7261,6.157],[101.7261,6.1569],[101.7261,6.1568],[101.7261,6.1568],[101.7261,6.1567],[101.7261,6.1566],[101.726,6.1566],[101.726,6.1565],[101.726,6.1564],[101.7258,6.1562],[101.7258,6.1562],[101.7257,6.156],[101.7256,6.156],[101.7256,6.1559],[101.7256,6.1559],[101.7255,6.1558],[101.7255,6.1557],[101.7255,6.1556],[101.7255,6.1555],[101.7255,6.1551],[101.7255,6.1551],[101.7255,6.155],[101.7255,6.1549],[101.7255,6.1548],[101.7254,6.1547],[101.7254,6.1547],[101.7254,6.1546],[101.7254,6.1546],[101.7253,6.1545],[101.7253,6.1544],[101.7252,6.1543],[101.7252,6.1543],[101.7252,6.1542],[101.7251,6.1541],[101.7251,6.1541],[101.7251,6.154],[101.7252,6.1539],[101.7252,6.1537],[101.7252,6.1537],[101.7252,6.1536],[101.7253,6.1535],[101.7254,6.1534],[101.7254,6.1533],[101.7254,6.1533],[101.7255,6.1533],[101.7255,6.1533],[101.7255,6.1533],[101.7256,6.1533],[101.7256,6.1533],[101.7258,6.1534],[101.7258,6.1534],[101.726,6.1534],[101.726,6.1534],[101.7261,6.1534],[101.7262,6.1534],[101.7262,6.1534],[101.7263,6.1534],[101.7263,6.1534],[101.7264,6.1534],[101.7265,6.1533],[101.7265,6.1533],[101.7265,6.1532],[101.7265,6.1532],[101.7266,6.1532],[101.7266,6.1531],[101.7266,6.1531],[101.7266,6.153],[101.7265,6.1528],[101.7265,6.1527],[101.7265,6.1526],[101.7265,6.1525],[101.7265,6.1524],[101.7266,6.1523],[101.7266,6.1523],[101.7266,6.1523],[101.7267,6.1522],[101.7268,6.1521],[101.7268,6.1521],[101.7268,6.152],[101.7269,6.152],[101.7269,6.1519],[101.7271,6.1519],[101.7272,6.1518],[101.7274,6.1517],[101.7277,6.1517],[101.7277,6.1516],[101.7279,6.1516],[101.7279,6.1515],[101.728,6.1515],[101.728,6.1515],[101.7281,6.1514],[101.7281,6.1513],[101.7282,6.1513],[101.7282,6.1513],[101.7282,6.1512],[101.7282,6.1512],[101.7283,6.1508],[101.7283,6.1505],[101.7284,6.1503],[101.7284,6.1502],[101.7284,6.1501],[101.7284,6.1501],[101.7284,6.1501],[101.7285,6.15],[101.7286,6.1499],[101.7287,6.1498],[101.7288,6.1497],[101.7288,6.1497],[101.7288,6.1497],[101.7288,6.1497],[101.7289,6.1496],[101.729,6.1496],[101.729,6.1496],[101.7291,6.1496],[101.7291,6.1496],[101.7291,6.1496],[101.7292,6.1496],[101.7292,6.1497],[101.7294,6.1497],[101.7294,6.1498],[101.7294,6.1498],[101.7295,6.1499],[101.7295,6.1499],[101.7296,6.1499],[101.7296,6.15],[101.7296,6.1501],[101.7297,6.1501],[101.7297,6.1502],[101.7297,6.1503],[101.7298,6.1503],[101.7298,6.1504],[101.7298,6.1504],[101.7299,6.1504],[101.7299,6.1505],[101.73,6.1505],[101.73,6.1505],[101.7301,6.1505],[101.7301,6.1505],[101.7302,6.1505],[101.7303,6.1505],[101.7304,6.1505],[101.7304,6.1504],[101.7304,6.1504],[101.7306,6.1502],[101.7308,6.15],[101.7309,6.1499],[101.731,6.1498],[101.731,6.1496],[101.7311,6.1495],[101.7311,6.1494],[101.7311,6.149],[101.7311,6.149],[101.7311,6.1488],[101.7311,6.1487],[101.7311,6.1487],[101.7311,6.1486],[101.7311,6.1486],[101.731,6.1486],[101.731,6.1486],[101.7309,6.1485],[101.7309,6.1485],[101.7307,6.1485],[101.7306,6.1484],[101.7306,6.1484],[101.7305,6.1484],[101.7305,6.1483],[101.7304,6.1483],[101.7301,6.1481],[101.7301,6.1481],[101.73,6.148],[101.73,6.148],[101.73,6.1479],[101.7299,6.1479],[101.7299,6.1477],[101.7299,6.1477],[101.7299,6.147],[101.7298,6.1458],[101.7305,6.1441],[101.7318,6.1432],[101.7332,6.1425],[101.7331,6.1395],[101.7343,6.1385],[101.7358,6.1385],[101.7372,6.1377],[101.7381,6.1361],[101.7396,6.1363],[101.7405,6.135],[101.7419,6.1345],[101.7421,6.1328],[101.7436,6.1323],[101.7436,6.1308],[101.7442,6.1294],[101.7448,6.1279],[101.7446,6.1264],[101.746,6.1259],[101.7466,6.1243],[101.7469,6.1219],[101.7471,6.1204],[101.7476,6.1189],[101.7486,6.1176],[101.7502,6.1167],[101.7519,6.116],[101.7534,6.1155],[101.7555,6.1157],[101.7572,6.1164],[101.7588,6.1171],[101.7602,6.1181],[101.7599,6.1198],[101.7597,6.1215],[101.7595,6.1231],[101.7613,6.1228],[101.7628,6.1221],[101.7649,6.1221],[101.7664,6.1227],[101.7675,6.1238],[101.7689,6.1244],[101.7707,6.1238],[101.7727,6.1233],[101.7741,6.1249],[101.7749,6.1265],[101.7758,6.1278],[101.7768,6.1293],[101.778,6.1308],[101.7789,6.1322],[101.7805,6.1329],[101.7819,6.1317],[101.7827,6.1303],[101.7839,6.1287],[101.7856,6.1284],[101.7878,6.1296],[101.7895,6.1304],[101.7909,6.1311],[101.792,6.1322],[101.7935,6.1328],[101.795,6.1322],[101.7967,6.1318],[101.7982,6.1312],[101.8,6.1309],[101.8019,6.1297]]]}},{"type":"Feature","properties":{"code":"9602","name":"ตากใบ","name_en":"Tak Bai","area_sqkm":278.8,"src":"geoBoundaries+OpenGISData"},"geometry":{"type":"Polygon","coordinates":[[[101.9171,6.2779],[101.9172,6.2752],[101.9173,6.2735],[101.9173,6.273],[101.9174,6.2722],[101.9175,6.2717],[101.9176,6.2714],[101.9177,6.2713],[101.9178,6.2711],[101.9181,6.2705],[101.9185,6.2697],[101.9186,6.2696],[101.9186,6.2695],[101.9189,6.269],[101.919,6.2689],[101.9191,6.2685],[101.9192,6.2684],[101.9196,6.2678],[101.9199,6.2674],[101.9203,6.267],[101.9205,6.2669],[101.9208,6.2666],[101.921,6.2664],[101.9214,6.2662],[101.9219,6.266],[101.9221,6.2659],[101.9233,6.2656],[101.9235,6.2655],[101.9244,6.2653],[101.9244,6.2649],[101.9244,6.2648],[101.9245,6.2646],[101.9246,6.2643],[101.925,6.2637],[101.9251,6.2634],[101.9253,6.2632],[101.9254,6.263],[101.9255,6.2629],[101.9257,6.2628],[101.9261,6.2624],[101.9269,6.2619],[101.9273,6.2617],[101.9274,6.2616],[101.9275,6.2615],[101.9277,6.2614],[101.9278,6.2613],[101.9281,6.2612],[101.9292,6.2608],[101.9293,6.2608],[101.9295,6.2607],[101.9296,6.2607],[101.9297,6.2607],[101.9301,6.2607],[101.9301,6.2607],[101.9302,6.2607],[101.9303,6.2606],[101.9304,6.2606],[101.9305,6.2605],[101.9306,6.2605],[101.9308,6.2604],[101.9311,6.2604],[101.9312,6.2604],[101.9313,6.2603],[101.9313,6.2603],[101.9314,6.2602],[101.9315,6.26],[101.9317,6.2595],[101.9318,6.2594],[101.9318,6.2594],[101.9321,6.2588],[101.9323,6.2582],[101.9325,6.258],[101.9327,6.2576],[101.9328,6.2572],[101.9328,6.2571],[101.9329,6.257],[101.9329,6.2566],[101.933,6.2561],[101.9331,6.2557],[101.9331,6.2553],[101.9331,6.2551],[101.9331,6.2549],[101.9331,6.2546],[101.933,6.2545],[101.9328,6.254],[101.9327,6.2539],[101.9326,6.2537],[101.9324,6.2535],[101.9322,6.2532],[101.9321,6.2531],[101.932,6.2531],[101.932,6.2531],[101.9319,6.253],[101.9318,6.2529],[101.9317,6.2528],[101.9316,6.2528],[101.9315,6.2527],[101.9315,6.2527],[101.9314,6.2527],[101.9314,6.2527],[101.9314,6.2527],[101.9313,6.2527],[101.9311,6.2526],[101.9308,6.2526],[101.9306,6.2525],[101.9306,6.2525],[101.9304,6.2525],[101.9301,6.2524],[101.93,6.2524],[101.9298,6.2524],[101.9297,6.2523],[101.9297,6.2523],[101.9296,6.2523],[101.9294,6.2522],[101.9294,6.2522],[101.9294,6.2522],[101.9292,6.2521],[101.9291,6.252],[101.9289,6.2519],[101.9288,6.2518],[101.9285,6.2515],[101.9284,6.2514],[101.9283,6.2514],[101.9283,6.2514],[101.9282,6.2514],[101.9282,6.2513],[101.9281,6.2513],[101.9281,6.2513],[101.928,6.2513],[101.928,6.2513],[101.9278,6.2513],[101.9278,6.2513],[101.9274,6.2515],[101.9274,6.2515],[101.9273,6.2515],[101.9272,6.2515],[101.9272,6.2515],[101.9271,6.2515],[101.927,6.2514],[101.9268,6.2514],[101.9268,6.2514],[101.9267,6.2513],[101.9267,6.2513],[101.9267,6.2513],[101.9266,6.2512],[101.9266,6.2511],[101.9265,6.2511],[101.9265,6.251],[101.9265,6.251],[101.9264,6.2509],[101.9264,6.2508],[101.9264,6.2507],[101.9264,6.2506],[101.9264,6.2504],[101.9264,6.2503],[101.9264,6.2502],[101.9264,6.2498],[101.9265,6.2496],[101.9265,6.2495],[101.9265,6.2493],[101.9265,6.2492],[101.9266,6.2489],[101.9267,6.2487],[101.9269,6.2484],[101.9269,6.2483],[101.9272,6.2478],[101.9276,6.2473],[101.9277,6.2472],[101.9277,6.2471],[101.9278,6.2471],[101.9278,6.2471],[101.9279,6.247],[101.9279,6.247],[101.928,6.247],[101.928,6.247],[101.9283,6.2469],[101.9284,6.2468],[101.9285,6.2468],[101.9286,6.2467],[101.9286,6.2467],[101.9287,6.2466],[101.9288,6.2465],[101.9288,6.2465],[101.9289,6.2463],[101.929,6.2462],[101.929,6.246],[101.9291,6.2459],[101.9292,6.2456],[101.9294,6.2451],[101.9294,6.2451],[101.9295,6.245],[101.9295,6.245],[101.9296,6.2449],[101.9297,6.2448],[101.9301,6.2444],[101.9302,6.2444],[101.9302,6.2443],[101.9303,6.2443],[101.9303,6.2442],[101.9303,6.2442],[101.9303,6.2442],[101.9303,6.2442],[101.9303,6.2441],[101.9303,6.244],[101.9303,6.244],[101.9303,6.2439],[101.9303,6.2439],[101.9303,6.2439],[101.9303,6.2438],[101.9302,6.2438],[101.9302,6.2438],[101.93,6.2437],[101.93,6.2436],[101.93,6.2436],[101.93,6.2436],[101.9299,6.2436],[101.9298,6.2436],[101.9295,6.2435],[101.9294,6.2435],[101.9293,6.2434],[101.9292,6.2434],[101.9289,6.2433],[101.9288,6.2432],[101.9288,6.2432],[101.9287,6.2431],[101.9287,6.2431],[101.9285,6.2429],[101.9285,6.2428],[101.9285,6.2428],[101.9285,6.2428],[101.9284,6.2427],[101.9284,6.2426],[101.9284,6.2424],[101.9284,6.2422],[101.9285,6.2413],[101.9285,6.2412],[101.9285,6.2409],[101.9286,6.2407],[101.9286,6.2406],[101.9287,6.2403],[101.9287,6.24],[101.9288,6.2396],[101.9289,6.2394],[101.9289,6.2393],[101.9289,6.2392],[101.9289,6.2391],[101.9289,6.2389],[101.9289,6.2388],[101.9289,6.2387],[101.9289,6.2386],[101.929,6.2384],[101.929,6.238],[101.929,6.2379],[101.9291,6.2377],[101.9291,6.2376],[101.929,6.2374],[101.929,6.2373],[101.929,6.2373],[101.929,6.2372],[101.9289,6.2371],[101.9288,6.237],[101.9288,6.237],[101.9287,6.237],[101.9286,6.2369],[101.9285,6.2368],[101.9285,6.2368],[101.9284,6.2367],[101.9281,6.2366],[101.9276,6.2364],[101.9275,6.2364],[101.9274,6.2363],[101.9273,6.2362],[101.9272,6.2362],[101.9272,6.2361],[101.9272,6.2361],[101.9271,6.236],[101.9271,6.2359],[101.9271,6.2358],[101.927,6.2352],[101.9269,6.235],[101.9269,6.2348],[101.9268,6.2346],[101.9267,6.2345],[101.9267,6.2345],[101.9266,6.2344],[101.9265,6.2344],[101.9265,6.2344],[101.9264,6.2343],[101.9262,6.2343],[101.9261,6.2343],[101.926,6.2343],[101.9259,6.2342],[101.9258,6.2342],[101.9257,6.2341],[101.9253,6.2339],[101.9252,6.2339],[101.925,6.2338],[101.9248,6.2338],[101.9247,6.2337],[101.9243,6.2337],[101.9239,6.2337],[101.9238,6.2337],[101.9237,6.2337],[101.9235,6.2338],[101.9232,6.2339],[101.9229,6.234],[101.9227,6.234],[101.9225,6.234],[101.9223,6.234],[101.9218,6.2339],[101.9201,6.2335],[101.9199,6.2334],[101.9198,6.2334],[101.9197,6.2332],[101.9194,6.233],[101.9192,6.2328],[101.918,6.2314],[101.9192,6.2306],[101.9725,6.1886],[101.9873,6.1769],[101.9963,6.1698],[102.0227,6.1511],[102.0247,6.1501],[102.0265,6.1494],[102.0279,6.1487],[102.0309,6.1476],[102.0323,6.1474],[102.0326,6.1474],[102.0326,6.1474],[102.0327,6.1473],[102.033,6.1472],[102.0331,6.1471],[102.0332,6.1471],[102.0333,6.1471],[102.0336,6.1471],[102.0344,6.147],[102.0352,6.1469],[102.0359,6.1468],[102.0361,6.1467],[102.037,6.1466],[102.0377,6.1464],[102.0386,6.1462],[102.0391,6.1461],[102.04,6.1458],[102.0401,6.1458],[102.0402,6.1458],[102.0403,6.1457],[102.0404,6.1457],[102.0408,6.1458],[102.0409,6.1458],[102.041,6.1457],[102.0411,6.1457],[102.0411,6.1457],[102.0412,6.1457],[102.0416,6.1455],[102.0418,6.1454],[102.0418,6.1454],[102.0419,6.1454],[102.0419,6.1454],[102.0421,6.1453],[102.0422,6.1453],[102.0436,6.1451],[102.0441,6.145],[102.0449,6.1448],[102.0452,6.1447],[102.0458,6.1446],[102.0463,6.1445],[102.0465,6.1444],[102.0465,6.1444],[102.0466,6.1444],[102.0467,6.1443],[102.0467,6.1443],[102.0468,6.1443],[102.0469,6.1441],[102.0469,6.1441],[102.0471,6.144],[102.0472,6.1439],[102.0473,6.1439],[102.0473,6.1438],[102.0474,6.1438],[102.0475,6.1437],[102.0476,6.1437],[102.0478,6.1437],[102.0479,6.1437],[102.048,6.1437],[102.0481,6.1437],[102.0482,6.1438],[102.0488,6.1441],[102.0495,6.1445],[102.0495,6.1445],[102.0496,6.1445],[102.0498,6.1445],[102.0502,6.144],[102.0504,6.1438],[102.0506,6.1436],[102.0506,6.1434],[102.0508,6.143],[102.0508,6.1428],[102.0508,6.1428],[102.0508,6.1427],[102.0508,6.1427],[102.0508,6.1426],[102.0508,6.1426],[102.0508,6.1425],[102.0507,6.1424],[102.0506,6.1424],[102.0503,6.1422],[102.0501,6.1421],[102.05,6.1421],[102.05,6.142],[102.0499,6.1419],[102.0499,6.1419],[102.0499,6.1419],[102.0499,6.1418],[102.0499,6.1417],[102.0499,6.1417],[102.05,6.1417],[102.05,6.1416],[102.0501,6.1415],[102.0501,6.1415],[102.0502,6.1415],[102.0503,6.1414],[102.0507,6.1413],[102.0508,6.1413],[102.0509,6.1413],[102.0509,6.1412],[102.0509,6.1412],[102.051,6.1411],[102.051,6.141],[102.051,6.1409],[102.051,6.1407],[102.051,6.1405],[102.0509,6.1403],[102.0508,6.14],[102.0506,6.1397],[102.0506,6.1396],[102.0505,6.1395],[102.0505,6.1395],[102.0503,6.1394],[102.0498,6.1391],[102.0497,6.1391],[102.0497,6.1391],[102.0496,6.139],[102.0496,6.1389],[102.0496,6.1389],[102.0496,6.1388],[102.0496,6.1387],[102.0496,6.1387],[102.0496,6.1387],[102.0497,6.1387],[102.0497,6.1387],[102.0497,6.1387],[102.0498,6.1386],[102.0499,6.1386],[102.0501,6.1387],[102.0502,6.1387],[102.0504,6.1388],[102.0505,6.1388],[102.0505,6.1388],[102.0506,6.1388],[102.0506,6.1388],[102.0506,6.1388],[102.0507,6.1388],[102.0507,6.1388],[102.0507,6.1387],[102.0507,6.1387],[102.0507,6.1387],[102.0507,6.1386],[102.0507,6.1386],[102.0507,6.1385],[102.0506,6.1384],[102.0506,6.1384],[102.0503,6.1381],[102.0498,6.1379],[102.0494,6.1377],[102.0491,6.1376],[102.0491,6.1375],[102.0488,6.1374],[102.0487,6.1373],[102.0487,6.1372],[102.0486,6.1371],[102.0486,6.1371],[102.0485,6.137],[102.0484,6.1368],[102.0484,6.1367],[102.0483,6.1366],[102.0483,6.1365],[102.0482,6.1358],[102.0481,6.1357],[102.0481,6.1356],[102.0481,6.1356],[102.048,6.1355],[102.048,6.1355],[102.0479,6.1355],[102.0479,6.1354],[102.0478,6.1354],[102.0478,6.1354],[102.0472,6.1353],[102.0471,6.1353],[102.0471,6.1353],[102.047,6.1353],[102.0469,6.1352],[102.0468,6.1351],[102.0467,6.1351],[102.0467,6.135],[102.0467,6.135],[102.0467,6.1349],[102.0466,6.1348],[102.0466,6.1347],[102.0466,6.1344],[102.0466,6.1343],[102.0466,6.1342],[102.0466,6.1342],[102.0467,6.1342],[102.0467,6.1341],[102.0468,6.134],[102.0469,6.1339],[102.0473,6.1337],[102.0473,6.1336],[102.0474,6.1336],[102.0474,6.1335],[102.0474,6.1335],[102.0474,6.1334],[102.0474,6.1333],[102.0474,6.1332],[102.0474,6.1332],[102.0474,6.1331],[102.0473,6.1331],[102.0473,6.1331],[102.0473,6.133],[102.0471,6.133],[102.0468,6.133],[102.0468,6.133],[102.0467,6.1329],[102.0467,6.1329],[102.0467,6.1329],[102.0467,6.1328],[102.0467,6.1328],[102.0467,6.1328],[102.0467,6.1327],[102.0467,6.1327],[102.0468,6.1326],[102.0469,6.1324],[102.0469,6.1324],[102.0469,6.1323],[102.0469,6.1323],[102.0469,6.1322],[102.0469,6.1322],[102.0468,6.1321],[102.0467,6.132],[102.0467,6.132],[102.0466,6.132],[102.0464,6.1318],[102.0463,6.1318],[102.0463,6.1318],[102.0463,6.1317],[102.0463,6.1317],[102.0463,6.1316],[102.0463,6.1316],[102.0463,6.1315],[102.0463,6.1315],[102.0465,6.1312],[102.0465,6.1312],[102.0465,6.1311],[102.0465,6.1311],[102.0465,6.131],[102.0465,6.1309],[102.0465,6.1308],[102.0464,6.1306],[102.0464,6.1305],[102.0463,6.1304],[102.0462,6.1304],[102.0462,6.1303],[102.046,6.1302],[102.0507,6.1288],[102.0518,6.1276],[102.0529,6.1253],[102.054,6.1226],[102.0551,6.1202],[102.0565,6.1176],[102.0576,6.1157],[102.0591,6.1131],[102.0638,6.1055],[102.0641,6.1049],[102.0641,6.1049],[102.0645,6.1051],[102.0645,6.1052],[102.0646,6.1053],[102.0647,6.1054],[102.0648,6.1054],[102.0649,6.1056],[102.065,6.1059],[102.0651,6.106],[102.0651,6.1061],[102.0652,6.1067],[102.0652,6.1069],[102.0654,6.1074],[102.0654,6.1074],[102.0655,6.1075],[102.0655,6.1075],[102.0656,6.1075],[102.0657,6.1075],[102.0658,6.1075],[102.0658,6.1075],[102.0659,6.1075],[102.0659,6.1075],[102.066,6.1075],[102.066,6.1075],[102.0661,6.1074],[102.0662,6.1074],[102.0666,6.1071],[102.0667,6.107],[102.0667,6.107],[102.0668,6.107],[102.0668,6.1071],[102.0669,6.1071],[102.067,6.1072],[102.067,6.1072],[102.0671,6.1073],[102.0671,6.1073],[102.0671,6.1074],[102.067,6.1075],[102.0669,6.1077],[102.0667,6.108],[102.0667,6.108],[102.0667,6.1081],[102.0667,6.1081],[102.0667,6.1083],[102.0668,6.1084],[102.0668,6.1084],[102.0668,6.1086],[102.0668,6.1087],[102.0669,6.1089],[102.0669,6.109],[102.0672,6.1095],[102.0674,6.1097],[102.0675,6.1098],[102.0677,6.1099],[102.0678,6.11],[102.0678,6.11],[102.0679,6.11],[102.0679,6.11],[102.0679,6.11],[102.068,6.11],[102.0681,6.11],[102.0681,6.11],[102.0681,6.1099],[102.0682,6.1098],[102.0683,6.1097],[102.0683,6.1096],[102.0684,6.1093],[102.0684,6.1092],[102.0684,6.1091],[102.0684,6.109],[102.0685,6.109],[102.0685,6.1089],[102.0686,6.1088],[102.0687,6.1088],[102.0689,6.1087],[102.0689,6.1087],[102.0691,6.1086],[102.0692,6.1086],[102.0694,6.1086],[102.0696,6.1085],[102.0698,6.1086],[102.07,6.1086],[102.0702,6.1087],[102.0704,6.1087],[102.0705,6.1088],[102.0705,6.1089],[102.0706,6.109],[102.0706,6.1091],[102.0706,6.1092],[102.0706,6.1093],[102.0706,6.1095],[102.0705,6.1097],[102.0704,6.1099],[102.0702,6.1101],[102.0701,6.1103],[102.0701,6.1104],[102.0701,6.1106],[102.0702,6.1107],[102.0702,6.1108],[102.0703,6.1108],[102.0704,6.1109],[102.0707,6.1109],[102.071,6.111],[102.0712,6.1111],[102.0714,6.1112],[102.0715,6.1113],[102.0717,6.1115],[102.0717,6.1115],[102.0718,6.1116],[102.0718,6.1116],[102.0719,6.1118],[102.0719,6.1118],[102.072,6.112],[102.072,6.1121],[102.072,6.1122],[102.072,6.1122],[102.072,6.1123],[102.0719,6.1126],[102.0719,6.1127],[102.0718,6.1131],[102.0717,6.1136],[102.0716,6.1137],[102.0716,6.1139],[102.0716,6.114],[102.0716,6.1143],[102.0716,6.1143],[102.0716,6.1146],[102.0717,6.1147],[102.0717,6.1147],[102.0717,6.1148],[102.0718,6.115],[102.0718,6.115],[102.0719,6.1152],[102.0719,6.1153],[102.072,6.1153],[102.0722,6.1154],[102.0723,6.1155],[102.0724,6.1156],[102.0726,6.1156],[102.0727,6.1156],[102.0729,6.1156],[102.073,6.1157],[102.0732,6.1157],[102.0739,6.1156],[102.074,6.1156],[102.0741,6.1156],[102.0741,6.1156],[102.0741,6.1156],[102.0742,6.1157],[102.0742,6.1157],[102.0743,6.1159],[102.0744,6.1159],[102.0744,6.116],[102.0744,6.116],[102.0744,6.1161],[102.0744,6.1161],[102.0743,6.1161],[102.0743,6.1161],[102.0743,6.1162],[102.0741,6.1163],[102.0737,6.1165],[102.0733,6.1167],[102.0731,6.1168],[102.073,6.117],[102.0729,6.1171],[102.0728,6.1172],[102.0728,6.1172],[102.0728,6.1173],[102.0728,6.1174],[102.0728,6.1174],[102.0728,6.1176],[102.0728,6.1179],[102.0728,6.118],[102.0728,6.1181],[102.0729,6.1182],[102.073,6.1183],[102.073,6.1183],[102.073,6.1184],[102.0731,6.1184],[102.0731,6.1185],[102.0732,6.1185],[102.0732,6.1185],[102.0733,6.1185],[102.0733,6.1185],[102.0734,6.1185],[102.0734,6.1185],[102.0735,6.1185],[102.0735,6.1185],[102.0736,6.1185],[102.0736,6.1184],[102.0736,6.1184],[102.0737,6.1184],[102.0737,6.1183],[102.0741,6.1179],[102.0742,6.1177],[102.0745,6.1175],[102.0745,6.1175],[102.0746,6.1174],[102.0747,6.1174],[102.0747,6.1174],[102.0749,6.1173],[102.0749,6.1173],[102.075,6.1173],[102.075,6.1173],[102.0751,6.1174],[102.0752,6.1174],[102.0753,6.1174],[102.0754,6.1175],[102.0755,6.1176],[102.0756,6.1177],[102.0756,6.1177],[102.0757,6.1179],[102.0757,6.118],[102.0757,6.118],[102.0758,6.1181],[102.0758,6.1182],[102.0758,6.1183],[102.0758,6.1183],[102.0758,6.1184],[102.0757,6.1185],[102.0757,6.1187],[102.0756,6.1187],[102.0756,6.1189],[102.0755,6.119],[102.0754,6.119],[102.0754,6.1191],[102.0753,6.1191],[102.0752,6.1191],[102.0752,6.1192],[102.0751,6.1192],[102.0749,6.1193],[102.0745,6.1194],[102.0743,6.1194],[102.0743,6.1195],[102.0743,6.1195],[102.0742,6.1195],[102.0742,6.1196],[102.0742,6.1196],[102.0742,6.1197],[102.0742,6.1198],[102.0742,6.1198],[102.0742,6.1199],[102.0743,6.12],[102.0743,6.1201],[102.0744,6.1202],[102.0745,6.1202],[102.0745,6.1202],[102.0745,6.1203],[102.0746,6.1203],[102.0752,6.1207],[102.0754,6.1208],[102.0756,6.121],[102.0758,6.1212],[102.0758,6.1213],[102.076,6.1216],[102.076,6.1217],[102.0761,6.1217],[102.0761,6.1217],[102.0761,6.1217],[102.0761,6.1217],[102.0761,6.1217],[102.0761,6.1217],[102.0761,6.1217],[102.0763,6.1217],[102.0763,6.1216],[102.0764,6.1216],[102.0764,6.1216],[102.0764,6.1216],[102.0765,6.1216],[102.0765,6.1215],[102.0765,6.1215],[102.0765,6.1214],[102.0765,6.1212],[102.0766,6.121],[102.0766,6.1209],[102.0766,6.1209],[102.0766,6.1208],[102.0766,6.1208],[102.0767,6.1206],[102.0768,6.1205],[102.0768,6.1205],[102.0769,6.1204],[102.077,6.1204],[102.077,6.1204],[102.0771,6.1204],[102.0772,6.1204],[102.0772,6.1204],[102.0773,6.1204],[102.0773,6.1204],[102.0774,6.1204],[102.0774,6.1204],[102.0775,6.1205],[102.0775,6.1205],[102.0776,6.1206],[102.0777,6.1207],[102.0777,6.1208],[102.0778,6.121],[102.0778,6.121],[102.0779,6.1212],[102.078,6.1214],[102.0781,6.1215],[102.0782,6.1217],[102.0783,6.1218],[102.0785,6.122],[102.0786,6.1221],[102.0787,6.1221],[102.0789,6.1223],[102.0791,6.1224],[102.0791,6.1224],[102.0791,6.1225],[102.0792,6.1226],[102.0792,6.1226],[102.0793,6.1228],[102.0793,6.1228],[102.0793,6.1229],[102.0793,6.1229],[102.0794,6.123],[102.0794,6.123],[102.0793,6.123],[102.0793,6.1231],[102.0793,6.1231],[102.0792,6.1232],[102.0792,6.1232],[102.0791,6.1233],[102.0791,6.1233],[102.079,6.1233],[102.079,6.1233],[102.0789,6.1233],[102.0789,6.1233],[102.0788,6.1233],[102.0787,6.1232],[102.0784,6.1232],[102.0783,6.1231],[102.0783,6.1231],[102.0781,6.1231],[102.0781,6.1231],[102.078,6.1231],[102.0779,6.1232],[102.0778,6.1232],[102.0777,6.1232],[102.0776,6.1233],[102.0775,6.1233],[102.0775,6.1233],[102.0774,6.1234],[102.0774,6.1235],[102.0774,6.1235],[102.0774,6.1236],[102.0774,6.1236],[102.0774,6.1236],[102.0774,6.1237],[102.0774,6.1237],[102.0774,6.1237],[102.0775,6.1238],[102.0775,6.1239],[102.0776,6.124],[102.0776,6.124],[102.0777,6.124],[102.0777,6.124],[102.0777,6.124],[102.0778,6.124],[102.0779,6.1239],[102.0781,6.1238],[102.0782,6.1238],[102.0782,6.1238],[102.0782,6.1238],[102.0783,6.1238],[102.0783,6.1238],[102.0784,6.1238],[102.0785,6.1239],[102.0787,6.1239],[102.0787,6.124],[102.0788,6.124],[102.0788,6.1241],[102.0788,6.1241],[102.0789,6.1243],[102.0789,6.1243],[102.0791,6.1246],[102.0793,6.125],[102.0793,6.1251],[102.0795,6.1255],[102.0795,6.1255],[102.0795,6.1256],[102.0795,6.1257],[102.0794,6.1258],[102.0793,6.1259],[102.0791,6.1262],[102.0788,6.1264],[102.0786,6.1265],[102.0785,6.1266],[102.0783,6.1267],[102.0777,6.127],[102.0776,6.1271],[102.0775,6.1272],[102.0775,6.1274],[102.0774,6.1275],[102.0774,6.1277],[102.0775,6.1278],[102.0775,6.1279],[102.0776,6.1279],[102.0777,6.128],[102.0779,6.1281],[102.0781,6.1281],[102.0782,6.128],[102.0784,6.128],[102.0785,6.1279],[102.0786,6.1279],[102.0788,6.1277],[102.0791,6.1275],[102.0793,6.1274],[102.0794,6.1273],[102.0795,6.1273],[102.0796,6.1273],[102.0797,6.1273],[102.0798,6.1273],[102.0799,6.1273],[102.08,6.1274],[102.08,6.1274],[102.0801,6.1275],[102.0801,6.1275],[102.0801,6.1277],[102.0801,6.1279],[102.0801,6.1282],[102.0801,6.129],[102.0802,6.1293],[102.0802,6.1294],[102.0803,6.1295],[102.0803,6.1296],[102.0804,6.1296],[102.0804,6.1296],[102.0805,6.1297],[102.0805,6.1297],[102.0806,6.1297],[102.0807,6.1297],[102.0808,6.1296],[102.0809,6.1296],[102.081,6.1295],[102.0811,6.1294],[102.0812,6.1294],[102.0814,6.1291],[102.0814,6.1291],[102.0815,6.129],[102.0815,6.129],[102.0816,6.129],[102.0816,6.129],[102.0816,6.129],[102.0817,6.129],[102.0818,6.129],[102.0818,6.129],[102.082,6.1291],[102.0821,6.1291],[102.0821,6.1292],[102.0822,6.1292],[102.0822,6.1292],[102.0822,6.1293],[102.0822,6.1293],[102.0823,6.1294],[102.0823,6.1295],[102.0823,6.1295],[102.0823,6.1296],[102.0822,6.1299],[102.0819,6.1309],[102.0819,6.1312],[102.0819,6.1313],[102.0819,6.1314],[102.0819,6.1315],[102.0819,6.1317],[102.082,6.1319],[102.0821,6.1325],[102.0821,6.1326],[102.0821,6.1327],[102.0821,6.134],[102.0822,6.1344],[102.0824,6.1349],[102.0826,6.1354],[102.0827,6.1359],[102.0828,6.1364],[102.0829,6.1366],[102.083,6.1368],[102.0831,6.1369],[102.0832,6.1369],[102.0832,6.137],[102.0833,6.137],[102.0835,6.137],[102.0836,6.137],[102.0837,6.137],[102.0849,6.1364],[102.085,6.1364],[102.0851,6.1363],[102.0852,6.1363],[102.0853,6.1363],[102.0854,6.1363],[102.0854,6.1363],[102.0854,6.1363],[102.0855,6.1364],[102.0856,6.1364],[102.0857,6.1365],[102.0859,6.1366],[102.0859,6.1367],[102.086,6.1368],[102.086,6.1368],[102.086,6.1368],[102.0861,6.1372],[102.0862,6.1376],[102.0862,6.1378],[102.0863,6.138],[102.0863,6.1381],[102.0865,6.1383],[102.0866,6.1385],[102.0868,6.1386],[102.0868,6.1386],[102.0869,6.1386],[102.087,6.1387],[102.0871,6.1387],[102.0872,6.1387],[102.0873,6.1386],[102.0875,6.1386],[102.0876,6.1386],[102.0878,6.1385],[102.0881,6.1384],[102.0883,6.1382],[102.0886,6.1381],[102.0887,6.1381],[102.0887,6.1381],[102.0888,6.1381],[102.089,6.1381],[102.0891,6.1382],[102.0891,6.1382],[102.0892,6.1383],[102.0892,6.1384],[102.0892,6.1385],[102.0892,6.1387],[102.0892,6.1388],[102.0891,6.1391],[102.089,6.1393],[102.0889,6.1394],[102.0888,6.1395],[102.0887,6.1395],[102.0886,6.1396],[102.0882,6.1398],[102.0881,6.1398],[102.0879,6.1399],[102.0877,6.14],[102.0876,6.14],[102.0875,6.1401],[102.0874,6.1402],[102.0873,6.1403],[102.0872,6.1404],[102.0872,6.1405],[102.0872,6.1406],[102.0872,6.1407],[102.0873,6.1408],[102.0874,6.1409],[102.0875,6.141],[102.0877,6.1411],[102.0877,6.1411],[102.0879,6.1412],[102.088,6.1412],[102.0884,6.1414],[102.0885,6.1414],[102.0889,6.1416],[102.0891,6.1416],[102.0893,6.1417],[102.0895,6.1418],[102.0895,6.1419],[102.0896,6.1419],[102.0897,6.1421],[102.0897,6.1421],[102.0897,6.1422],[102.0898,6.1424],[102.0899,6.1426],[102.09,6.1432],[102.0901,6.1435],[102.0902,6.1436],[102.0903,6.1438],[102.0904,6.144],[102.0905,6.1441],[102.0906,6.1441],[102.0908,6.1442],[102.0919,6.1449],[102.0922,6.145],[102.0924,6.1452],[102.0924,6.1452],[102.0925,6.1453],[102.0927,6.1454],[102.0928,6.1455],[102.0928,6.1457],[102.0929,6.1458],[102.093,6.1463],[102.0931,6.1468],[102.0931,6.1469],[102.0931,6.1471],[102.0933,6.1477],[102.0933,6.1478],[102.0933,6.148],[102.0933,6.1482],[102.0932,6.1483],[102.0932,6.1484],[102.0931,6.1486],[102.093,6.1487],[102.0928,6.1489],[102.0927,6.149],[102.0925,6.1491],[102.0922,6.1493],[102.0913,6.1497],[102.091,6.1499],[102.0909,6.1499],[102.0906,6.1502],[102.0904,6.1504],[102.0904,6.1504],[102.0904,6.1505],[102.0903,6.1507],[102.0903,6.151],[102.0902,6.1512],[102.0902,6.1517],[102.0903,6.152],[102.0903,6.1521],[102.0904,6.1523],[102.0904,6.1525],[102.0906,6.1527],[102.0907,6.153],[102.0908,6.1531],[102.0909,6.1532],[102.091,6.1532],[102.0912,6.1535],[102.0914,6.1537],[102.0914,6.1539],[102.0915,6.1541],[102.0915,6.1544],[102.0914,6.1547],[102.0912,6.1552],[102.0909,6.1556],[102.0905,6.156],[102.0901,6.1567],[102.0898,6.1571],[102.0897,6.1574],[102.0897,6.1577],[102.0896,6.158],[102.0895,6.1582],[102.0895,6.1583],[102.0894,6.1584],[102.0893,6.1586],[102.089,6.1588],[102.089,6.1589],[102.0889,6.1589],[102.0887,6.159],[102.0885,6.1591],[102.0885,6.1591],[102.0884,6.1591],[102.0882,6.1592],[102.0881,6.1592],[102.0879,6.1592],[102.0878,6.1591],[102.0876,6.159],[102.0876,6.159],[102.0875,6.1589],[102.0875,6.1589],[102.087,6.1584],[102.0868,6.1583],[102.0867,6.1581],[102.0864,6.1579],[102.086,6.1576],[102.0859,6.1576],[102.0858,6.1576],[102.0857,6.1575],[102.0856,6.1575],[102.0855,6.1575],[102.0853,6.1576],[102.0852,6.1576],[102.0851,6.1577],[102.0849,6.1578],[102.0847,6.158],[102.0846,6.1582],[102.0846,6.1583],[102.0844,6.1589],[102.0843,6.1595],[102.0842,6.1601],[102.0842,6.1602],[102.084,6.1615],[102.084,6.1615],[102.084,6.1616],[102.084,6.162],[102.084,6.1621],[102.084,6.1623],[102.0841,6.1625],[102.0842,6.1626],[102.0843,6.1628],[102.0844,6.1631],[102.0846,6.1633],[102.0848,6.1636],[102.0849,6.1637],[102.0851,6.1639],[102.0853,6.1641],[102.0854,6.1642],[102.0855,6.1644],[102.0857,6.1647],[102.0857,6.1648],[102.0857,6.1649],[102.0857,6.1652],[102.0857,6.1654],[102.0856,6.1657],[102.0855,6.1658],[102.0855,6.1659],[102.0854,6.1662],[102.0852,6.1663],[102.0849,6.1666],[102.0845,6.167],[102.0837,6.1677],[102.0835,6.1678],[102.0829,6.1682],[102.0829,6.1683],[102.0828,6.1683],[102.0828,6.1684],[102.0827,6.1685],[102.0826,6.1687],[102.0825,6.1688],[102.0825,6.1689],[102.0825,6.1693],[102.0826,6.1709],[102.0826,6.1711],[102.0825,6.1712],[102.0825,6.1713],[102.0824,6.1714],[102.0823,6.1714],[102.0822,6.1714],[102.0822,6.1715],[102.0821,6.1715],[102.082,6.1715],[102.0819,6.1715],[102.0817,6.1714],[102.0816,6.1713],[102.0813,6.1711],[102.0806,6.1707],[102.0803,6.1705],[102.0802,6.1704],[102.08,6.1703],[102.0798,6.1703],[102.0797,6.1702],[102.0795,6.1702],[102.0793,6.1703],[102.0792,6.1703],[102.0792,6.1703],[102.0791,6.1704],[102.0789,6.1705],[102.0787,6.1707],[102.0785,6.171],[102.0784,6.1713],[102.0784,6.1715],[102.0783,6.1717],[102.0783,6.1718],[102.0783,6.1718],[102.0784,6.1723],[102.0785,6.1729],[102.0785,6.173],[102.0787,6.1735],[102.0789,6.1742],[102.0791,6.1748],[102.0792,6.175],[102.0793,6.1753],[102.0795,6.1762],[102.0796,6.1767],[102.0798,6.1774],[102.0801,6.1782],[102.0804,6.1789],[102.0804,6.179],[102.0805,6.1793],[102.0806,6.1797],[102.0807,6.1801],[102.0807,6.1804],[102.0807,6.1809],[102.0805,6.1817],[102.0804,6.1823],[102.0804,6.1829],[102.0803,6.1836],[102.0801,6.1845],[102.08,6.1851],[102.0799,6.1856],[102.0797,6.1862],[102.0796,6.1867],[102.0794,6.1872],[102.0792,6.1875],[102.079,6.1878],[102.0788,6.1883],[102.0779,6.1896],[102.0777,6.1899],[102.0775,6.1903],[102.0775,6.1905],[102.0775,6.1908],[102.0775,6.1911],[102.0775,6.1914],[102.0776,6.1918],[102.0778,6.1924],[102.078,6.1933],[102.0782,6.1937],[102.0783,6.1944],[102.0783,6.1944],[102.0783,6.1949],[102.0782,6.1954],[102.0782,6.1957],[102.078,6.1963],[102.0777,6.197],[102.0776,6.1975],[102.0776,6.1982],[102.0781,6.1989],[102.0787,6.1998],[102.0789,6.2001],[102.0791,6.2003],[102.0794,6.2009],[102.0799,6.2018],[102.08,6.2019],[102.0802,6.2026],[102.0802,6.2028],[102.0802,6.2031],[102.0802,6.2033],[102.0802,6.2035],[102.0802,6.2038],[102.0801,6.204],[102.08,6.2042],[102.0799,6.2045],[102.0794,6.2058],[102.0794,6.206],[102.0794,6.2061],[102.0794,6.2064],[102.0793,6.2071],[102.0793,6.2084],[102.0792,6.2087],[102.0792,6.209],[102.0791,6.2095],[102.0791,6.2103],[102.0791,6.2105],[102.0792,6.2107],[102.0792,6.211],[102.0796,6.2118],[102.0797,6.2124],[102.0798,6.2126],[102.0798,6.2127],[102.0798,6.2128],[102.0797,6.2151],[102.0797,6.2152],[102.0797,6.2152],[102.0798,6.2175],[102.0799,6.2179],[102.08,6.2181],[102.08,6.2181],[102.08,6.2184],[102.0802,6.2186],[102.0802,6.2186],[102.0803,6.2187],[102.0804,6.2189],[102.0805,6.219],[102.0811,6.2198],[102.0812,6.22],[102.0812,6.2202],[102.0812,6.2204],[102.0812,6.2206],[102.0812,6.2208],[102.0812,6.2209],[102.0812,6.2211],[102.0809,6.2223],[102.0808,6.2228],[102.0806,6.2232],[102.0806,6.2234],[102.0804,6.2241],[102.0803,6.2244],[102.0803,6.2246],[102.0803,6.2249],[102.0803,6.2251],[102.0804,6.2254],[102.0805,6.2258],[102.0807,6.2261],[102.0812,6.2267],[102.0818,6.2273],[102.0839,6.2296],[102.0862,6.2311],[102.0892,6.2333],[102.0911,6.2347],[102.0916,6.2353],[102.0918,6.2356],[102.0919,6.236],[102.092,6.2367],[102.0919,6.2375],[102.0916,6.2385],[102.0904,6.2414],[102.0897,6.2431],[102.089,6.2449],[102.0886,6.2449],[102.0882,6.2451],[102.0878,6.2453],[102.0873,6.2456],[102.0867,6.2461],[102.086,6.2469],[102.0857,6.2473],[102.0855,6.2474],[102.0853,6.2475],[102.0848,6.2476],[102.0843,6.2479],[102.0835,6.2484],[102.0825,6.2493],[102.082,6.2498],[102.0818,6.2499],[102.0816,6.2498],[102.0813,6.2497],[102.0811,6.2497],[102.0809,6.2498],[102.0804,6.2499],[102.0793,6.2506],[102.0783,6.2516],[102.0779,6.2521],[102.0777,6.2521],[102.0775,6.252],[102.0772,6.252],[102.0769,6.2521],[102.0764,6.2524],[102.0758,6.2529],[102.0742,6.2542],[102.0741,6.2544],[102.0739,6.2545],[102.0737,6.2545],[102.0734,6.2547],[102.073,6.2548],[102.0729,6.2549],[102.0727,6.255],[102.0723,6.2554],[102.0718,6.2556],[102.0707,6.2561],[102.0704,6.2562],[102.0702,6.2563],[102.0694,6.2567],[102.0688,6.2571],[102.0678,6.2579],[102.0671,6.2584],[102.0662,6.2592],[102.0655,6.2597],[102.0649,6.2603],[102.0646,6.2605],[102.0633,6.2614],[102.0619,6.2624],[102.0611,6.263],[102.0608,6.2634],[102.0606,6.2635],[102.0604,6.2636],[102.0601,6.2638],[102.0601,6.2638],[102.06,6.2638],[102.0593,6.2641],[102.0591,6.2642],[102.0581,6.2652],[102.0579,6.2653],[102.0576,6.2654],[102.0573,6.2655],[102.057,6.2656],[102.0567,6.2657],[102.0563,6.266],[102.0558,6.2662],[102.0558,6.2663],[102.0549,6.2669],[102.0535,6.2682],[102.0525,6.2689],[102.0519,6.2693],[102.0517,6.2694],[102.0516,6.2694],[102.0515,6.2695],[102.0514,6.2695],[102.0513,6.2695],[102.0512,6.2695],[102.0512,6.2695],[102.051,6.2695],[102.0508,6.2694],[102.0507,6.2693],[102.0507,6.2693],[102.0506,6.2694],[102.05,6.2695],[102.05,6.2696],[102.0501,6.2697],[102.0501,6.2699],[102.0502,6.2701],[102.0502,6.2701],[102.0502,6.2705],[102.0501,6.2706],[102.05,6.2707],[102.0482,6.2719],[102.0471,6.2725],[102.0455,6.2735],[102.0449,6.2738],[102.0442,6.2744],[102.0434,6.2748],[102.0427,6.2753],[102.0419,6.2758],[102.0413,6.2763],[102.0403,6.2772],[102.0399,6.2775],[102.0398,6.2776],[102.0396,6.2777],[102.0395,6.2778],[102.0391,6.2779],[102.0388,6.278],[102.0382,6.2784],[102.0376,6.2789],[102.037,6.2791],[102.0365,6.2795],[102.0362,6.2798],[102.0352,6.2805],[102.0347,6.2807],[102.034,6.2813],[102.0336,6.2817],[102.0331,6.282],[102.0331,6.282],[102.0327,6.2823],[102.0318,6.2827],[102.0316,6.2828],[102.0315,6.2828],[102.0311,6.2829],[102.0307,6.2834],[102.0302,6.2838],[102.0301,6.2839],[102.0286,6.2849],[102.0283,6.2851],[102.0279,6.2854],[102.0275,6.2857],[102.0273,6.2858],[102.0269,6.286],[102.0266,6.2862],[102.026,6.2867],[102.0258,6.2868],[102.0256,6.2869],[102.0254,6.287],[102.0252,6.2871],[102.0247,6.2876],[102.0246,6.2877],[102.0244,6.2877],[102.0242,6.2878],[102.024,6.2881],[102.0235,6.2884],[102.0217,6.2897],[102.0212,6.2901],[102.0202,6.2906],[102.0201,6.2906],[102.0196,6.2909],[102.0168,6.2927],[102.0157,6.2935],[102.0147,6.2941],[102.012,6.2959],[102.0113,6.2962],[102.011,6.2963],[102.0107,6.2964],[102.0105,6.2964],[102.0099,6.2963],[102.0093,6.296],[102.0089,6.2959],[102.0086,6.2959],[102.008,6.297],[102.0081,6.297],[102.0082,6.2971],[102.0082,6.2971],[102.0083,6.2972],[102.0083,6.2973],[102.0083,6.2974],[102.0082,6.2974],[102.0082,6.2975],[102.0079,6.2978],[102.0076,6.2981],[102.0074,6.2983],[102.0073,6.2984],[102.0063,6.299],[102.0063,6.299],[102.0062,6.2991],[102.0057,6.2995],[102.0055,6.2996],[102.0055,6.2996],[102.0054,6.2996],[102.0053,6.2997],[102.0052,6.2997],[102.0049,6.2999],[102.0042,6.3004],[102.0037,6.3008],[102.0034,6.3009],[102.0032,6.301],[102.0026,6.3014],[102.0024,6.3016],[102.0022,6.3016],[102.0018,6.3018],[102.0015,6.302],[102.0015,6.302],[102.0012,6.3023],[102.0009,6.3026],[102.0008,6.3027],[102.0003,6.3029],[101.9999,6.3031],[101.9997,6.3032],[101.9994,6.3035],[101.9992,6.3036],[101.9991,6.3037],[101.999,6.3037],[101.9989,6.3038],[101.9989,6.3039],[101.9987,6.304],[101.9987,6.304],[101.9986,6.3041],[101.9985,6.3042],[101.998,6.3045],[101.9976,6.3048],[101.9975,6.3048],[101.9975,6.3048],[101.9974,6.3049],[101.9972,6.305],[101.9965,6.3055],[101.996,6.3059],[101.9957,6.3062],[101.9952,6.3065],[101.9942,6.3072],[101.9941,6.3074],[101.994,6.3074],[101.9939,6.3074],[101.9937,6.3075],[101.993,6.308],[101.9929,6.308],[101.9929,6.308],[101.9926,6.3083],[101.9924,6.3084],[101.9924,6.3085],[101.9922,6.3086],[101.9921,6.3086],[101.992,6.3087],[101.9919,6.3087],[101.9919,6.3087],[101.9917,6.3087],[101.9915,6.3088],[101.9911,6.3091],[101.9909,6.3094],[101.9907,6.3095],[101.9907,6.3095],[101.9907,6.3095],[101.9906,6.3095],[101.9905,6.3095],[101.9904,6.3095],[101.9902,6.3097],[101.9901,6.3098],[101.9898,6.31],[101.9894,6.3103],[101.9892,6.3105],[101.9891,6.3106],[101.989,6.3107],[101.9887,6.3108],[101.9886,6.3108],[101.9883,6.311],[101.9882,6.3111],[101.9879,6.3113],[101.9876,6.3115],[101.9875,6.3116],[101.9874,6.3116],[101.987,6.3119],[101.9861,6.3126],[101.9855,6.313],[101.9847,6.3137],[101.9845,6.3138],[101.9842,6.3141],[101.984,6.3143],[101.9839,6.3144],[101.9837,6.3144],[101.9835,6.3145],[101.9833,6.3147],[101.9833,6.3147],[101.9829,6.315],[101.9827,6.3152],[101.9824,6.3154],[101.9818,6.3157],[101.9817,6.3157],[101.9815,6.3158],[101.9812,6.316],[101.9812,6.316],[101.9808,6.3163],[101.9806,6.3165],[101.9805,6.3166],[101.9802,6.3169],[101.9797,6.3172],[101.9795,6.3173],[101.9794,6.3174],[101.9789,6.3178],[101.9785,6.318],[101.978,6.3183],[101.9777,6.3186],[101.9773,6.319],[101.9768,6.3195],[101.9767,6.3196],[101.9767,6.3196],[101.9767,6.3197],[101.9766,6.3197],[101.9764,6.3198],[101.9763,6.3199],[101.9761,6.32],[101.9759,6.3201],[101.9757,6.3203],[101.9755,6.3204],[101.9752,6.3206],[101.9749,6.3208],[101.9748,6.321],[101.9746,6.3212],[101.9742,6.3214],[101.974,6.3216],[101.9738,6.3217],[101.9737,6.3218],[101.9736,6.3219],[101.9735,6.3219],[101.9731,6.3221],[101.9728,6.3223],[101.9723,6.3228],[101.972,6.3231],[101.9714,6.3237],[101.9713,6.3238],[101.9711,6.3238],[101.971,6.324],[101.9709,6.3241],[101.9708,6.3242],[101.9704,6.3244],[101.9698,6.3248],[101.9697,6.3249],[101.9697,6.3249],[101.9696,6.3249],[101.9694,6.3251],[101.9692,6.3253],[101.9678,6.3266],[101.9676,6.3266],[101.9675,6.3266],[101.9661,6.3279],[101.9656,6.3283],[101.9653,6.3284],[101.9651,6.3286],[101.9644,6.3293],[101.9639,6.3298],[101.9634,6.3301],[101.9626,6.3309],[101.9617,6.3315],[101.9609,6.332],[101.9604,6.3324],[101.9599,6.3328],[101.9594,6.3332],[101.959,6.3336],[101.9587,6.3338],[101.9585,6.3338],[101.9583,6.3338],[101.9582,6.3337],[101.9581,6.3338],[101.9577,6.3341],[101.9578,6.3343],[101.9577,6.3345],[101.9576,6.3347],[101.9572,6.3351],[101.9565,6.3356],[101.956,6.336],[101.9558,6.3361],[101.9536,6.338],[101.9532,6.3385],[101.9531,6.3386],[101.9529,6.3386],[101.9528,6.3386],[101.9527,6.3387],[101.9522,6.3392],[101.9516,6.3399],[101.9513,6.3402],[101.9509,6.3406],[101.9502,6.3412],[101.9495,6.3418],[101.9491,6.3421],[101.9487,6.3425],[101.9484,6.3428],[101.9479,6.3432],[101.9474,6.3436],[101.9472,6.3438],[101.947,6.344],[101.9465,6.3445],[101.9462,6.3448],[101.9461,6.3449],[101.946,6.345],[101.9458,6.3452],[101.9452,6.3458],[101.9452,6.3459],[101.9451,6.3459],[101.9449,6.346],[101.9449,6.346],[101.9448,6.3461],[101.9446,6.3464],[101.9444,6.3466],[101.9441,6.3469],[101.9439,6.3471],[101.9437,6.3473],[101.9436,6.3474],[101.9435,6.3473],[101.9434,6.3472],[101.9432,6.3471],[101.943,6.347],[101.9424,6.347],[101.9415,6.348],[101.9378,6.3526],[101.9359,6.3548],[101.9359,6.3549],[101.9358,6.3549],[101.9354,6.3553],[101.9351,6.3556],[101.9349,6.3559],[101.9344,6.3565],[101.9343,6.3568],[101.934,6.357],[101.9339,6.3572],[101.9332,6.3577],[101.9331,6.3579],[101.9327,6.3582],[101.9325,6.3583],[101.9324,6.3584],[101.9322,6.3585],[101.932,6.3588],[101.9318,6.3591],[101.9317,6.3592],[101.9316,6.3593],[101.9316,6.3593],[101.9315,6.3593],[101.9314,6.3594],[101.9313,6.3594],[101.9311,6.3596],[101.9309,6.3598],[101.9308,6.3599],[101.9307,6.3601],[101.9307,6.3602],[101.9304,6.3606],[101.93,6.3611],[101.9298,6.3613],[101.9297,6.3614],[101.9296,6.3614],[101.9295,6.3614],[101.9294,6.3615],[101.9293,6.3616],[101.9289,6.3619],[101.9287,6.3621],[101.9285,6.3623],[101.9283,6.3626],[101.9283,6.3626],[101.9279,6.3631],[101.9278,6.3633],[101.9269,6.3641],[101.9263,6.3647],[101.9262,6.3649],[101.9262,6.3649],[101.9261,6.3649],[101.926,6.365],[101.926,6.365],[101.9258,6.3651],[101.9255,6.3655],[101.925,6.3663],[101.9246,6.3668],[101.9244,6.3671],[101.9242,6.3672],[101.9241,6.3673],[101.9239,6.3674],[101.9237,6.3675],[101.9233,6.368],[101.9232,6.3681],[101.9232,6.3682],[101.9232,6.3682],[101.9231,6.3683],[101.923,6.3683],[101.923,6.3684],[101.9228,6.3685],[101.9226,6.3686],[101.9224,6.3688],[101.9223,6.3689],[101.922,6.3693],[101.9218,6.3695],[101.9216,6.3696],[101.9215,6.3697],[101.9213,6.3699],[101.9204,6.371],[101.9201,6.3714],[101.92,6.3715],[101.92,6.3715],[101.9199,6.3717],[101.9197,6.3718],[101.9195,6.372],[101.9191,6.3723],[101.919,6.3726],[101.9188,6.3728],[101.9188,6.3729],[101.9188,6.3728],[101.9162,6.371],[101.9142,6.3696],[101.9097,6.3677],[101.9056,6.3671],[101.9015,6.3675],[101.8996,6.3665],[101.8977,6.3621],[101.8995,6.3542],[101.8999,6.3532],[101.9036,6.3453],[101.9058,6.3433],[101.9127,6.3389],[101.9156,6.3366],[101.9166,6.2979],[101.9171,6.2959],[101.9169,6.2929],[101.9167,6.2914],[101.9166,6.2896],[101.9164,6.287],[101.9163,6.2832],[101.9166,6.2827],[101.9168,6.2824],[101.9171,6.2815],[101.9172,6.2811],[101.9172,6.2809],[101.9172,6.2807],[101.9172,6.2798],[101.9171,6.2779]]]}},{"type":"Feature","properties":{"code":"9603","name":"บาเจาะ","name_en":"Bacho","area_sqkm":183.4,"src":"geoBoundaries+OpenGISData"},"geometry":{"type":"Polygon","coordinates":[[[101.7093,6.5689],[101.7085,6.5686],[101.7068,6.5682],[101.7055,6.568],[101.7047,6.5681],[101.7036,6.5681],[101.7027,6.5683],[101.7018,6.5687],[101.7011,6.5689],[101.6996,6.5693],[101.6984,6.5698],[101.6964,6.5703],[101.6951,6.5708],[101.6925,6.5716],[101.6911,6.572],[101.689,6.5725],[101.6879,6.5728],[101.6867,6.5729],[101.6857,6.5729],[101.6844,6.5728],[101.6833,6.5727],[101.6825,6.5727],[101.6803,6.5726],[101.6785,6.5726],[101.6767,6.5728],[101.6758,6.573],[101.6751,6.573],[101.674,6.5734],[101.6733,6.5735],[101.672,6.5735],[101.6711,6.5734],[101.6705,6.5734],[101.67,6.5736],[101.6689,6.574],[101.6689,6.574],[101.6689,6.574],[101.6687,6.5742],[101.6683,6.5746],[101.6682,6.5747],[101.6674,6.5753],[101.6665,6.5765],[101.6662,6.5769],[101.666,6.5773],[101.6658,6.5775],[101.6658,6.5777],[101.6657,6.5779],[101.6657,6.5779],[101.6657,6.5781],[101.6657,6.5785],[101.6657,6.5792],[101.6657,6.5793],[101.6659,6.5803],[101.6659,6.5809],[101.666,6.5814],[101.666,6.582],[101.6659,6.583],[101.6658,6.5835],[101.6658,6.5837],[101.6657,6.584],[101.6657,6.5841],[101.6656,6.5844],[101.6655,6.5846],[101.6655,6.5847],[101.6653,6.585],[101.6652,6.5851],[101.6652,6.5852],[101.665,6.5854],[101.6649,6.5854],[101.6648,6.5855],[101.6647,6.5856],[101.6645,6.5856],[101.6644,6.5857],[101.6643,6.5857],[101.6641,6.5858],[101.664,6.5859],[101.6634,6.586],[101.6625,6.5862],[101.6613,6.5866],[101.661,6.5867],[101.6603,6.5871],[101.6602,6.5871],[101.6602,6.5872],[101.66,6.5874],[101.6599,6.5874],[101.6599,6.5875],[101.6597,6.5878],[101.6597,6.5878],[101.6597,6.5878],[101.6597,6.5879],[101.6597,6.588],[101.6597,6.5881],[101.6597,6.5883],[101.6597,6.5884],[101.6597,6.5886],[101.6598,6.5888],[101.6598,6.5889],[101.6598,6.589],[101.6599,6.5891],[101.6599,6.5891],[101.6606,6.5902],[101.6611,6.591],[101.6613,6.5912],[101.6614,6.5915],[101.6615,6.5916],[101.6615,6.5917],[101.6615,6.5918],[101.6615,6.592],[101.6615,6.5921],[101.6615,6.5924],[101.6615,6.5925],[101.6615,6.5928],[101.6614,6.593],[101.6613,6.5931],[101.6611,6.5933],[101.6611,6.5934],[101.6606,6.5939],[101.66,6.5944],[101.6594,6.595],[101.6594,6.595],[101.6593,6.5951],[101.6593,6.5951],[101.6593,6.5951],[101.6569,6.5953],[101.6564,6.5955],[101.6556,6.5963],[101.6551,6.5967],[101.6548,6.5973],[101.654,6.5987],[101.6533,6.5998],[101.6525,6.6011],[101.652,6.6023],[101.6515,6.6036],[101.6496,6.6084],[101.6476,6.6131],[101.6472,6.6139],[101.647,6.6147],[101.6469,6.6156],[101.6469,6.6168],[101.6468,6.6179],[101.6462,6.6186],[101.6456,6.6191],[101.6448,6.6193],[101.6442,6.6195],[101.6436,6.6201],[101.6432,6.6203],[101.6428,6.6204],[101.6425,6.6204],[101.642,6.6203],[101.6417,6.6202],[101.6414,6.6199],[101.6408,6.6195],[101.64,6.6189],[101.6394,6.6186],[101.6388,6.6184],[101.6383,6.6185],[101.6377,6.6189],[101.6368,6.6194],[101.6361,6.6199],[101.6355,6.6203],[101.6349,6.6207],[101.6347,6.6208],[101.6344,6.6211],[101.6342,6.6213],[101.6337,6.6218],[101.6336,6.6219],[101.633,6.6231],[101.6326,6.6243],[101.6323,6.6262],[101.6326,6.6283],[101.6325,6.6294],[101.6325,6.6295],[101.6327,6.6306],[101.6327,6.6316],[101.6325,6.6324],[101.6322,6.6336],[101.6319,6.6343],[101.6317,6.6347],[101.6314,6.6351],[101.6312,6.6353],[101.6312,6.6353],[101.6312,6.6353],[101.6312,6.6353],[101.6312,6.6353],[101.6311,6.6354],[101.6311,6.6354],[101.6311,6.6353],[101.6311,6.6353],[101.631,6.6353],[101.6306,6.6351],[101.6304,6.635],[101.6303,6.6349],[101.6302,6.6348],[101.6301,6.6347],[101.6301,6.6346],[101.63,6.6345],[101.6299,6.6343],[101.6299,6.6342],[101.6299,6.6337],[101.6298,6.6334],[101.6298,6.6333],[101.6299,6.6332],[101.6299,6.633],[101.6301,6.632],[101.6302,6.6316],[101.6302,6.6316],[101.6304,6.6306],[101.6305,6.6303],[101.6305,6.6302],[101.6305,6.6297],[101.6306,6.6293],[101.6306,6.6286],[101.6306,6.6283],[101.6306,6.6279],[101.6306,6.6278],[101.6305,6.6276],[101.6305,6.6275],[101.6304,6.6274],[101.6302,6.6269],[101.63,6.6267],[101.6299,6.6265],[101.6296,6.6262],[101.6294,6.626],[101.6294,6.626],[101.6291,6.6258],[101.629,6.6257],[101.6288,6.6255],[101.6285,6.6253],[101.6284,6.6253],[101.6283,6.6252],[101.6281,6.6252],[101.6276,6.6249],[101.6271,6.6246],[101.627,6.6246],[101.6268,6.6245],[101.6267,6.6245],[101.6263,6.6245],[101.6258,6.6245],[101.6255,6.6246],[101.6253,6.6246],[101.6252,6.6246],[101.6251,6.6246],[101.625,6.6247],[101.6245,6.625],[101.6242,6.6251],[101.6242,6.6252],[101.6241,6.6252],[101.624,6.6252],[101.6239,6.6253],[101.6238,6.6253],[101.6238,6.6253],[101.6237,6.6253],[101.6237,6.6253],[101.6236,6.6254],[101.6236,6.6254],[101.6235,6.6255],[101.6235,6.6255],[101.6233,6.6258],[101.623,6.6265],[101.6228,6.6268],[101.6228,6.6269],[101.6228,6.627],[101.6228,6.6271],[101.6228,6.6272],[101.6229,6.6273],[101.6229,6.6274],[101.623,6.6275],[101.6231,6.6276],[101.6231,6.6277],[101.6232,6.6278],[101.6232,6.6278],[101.6233,6.6279],[101.6235,6.628],[101.6236,6.6282],[101.6238,6.6283],[101.6239,6.6283],[101.624,6.6284],[101.6243,6.6285],[101.6245,6.6285],[101.6245,6.6285],[101.6247,6.6286],[101.6249,6.6286],[101.6249,6.6286],[101.625,6.6287],[101.6251,6.6287],[101.6253,6.6288],[101.6257,6.629],[101.626,6.6291],[101.6261,6.6292],[101.6262,6.6293],[101.6263,6.6293],[101.6263,6.6294],[101.6265,6.6295],[101.6266,6.6297],[101.6268,6.6299],[101.6268,6.6299],[101.6268,6.6299],[101.6269,6.6301],[101.627,6.6304],[101.627,6.6304],[101.6271,6.6305],[101.6271,6.6306],[101.6271,6.6306],[101.6271,6.6308],[101.6271,6.6313],[101.627,6.6316],[101.627,6.6317],[101.627,6.6318],[101.627,6.6319],[101.6269,6.6319],[101.6269,6.632],[101.6267,6.6323],[101.6265,6.6326],[101.6264,6.6327],[101.6264,6.6328],[101.6263,6.6328],[101.6263,6.6328],[101.6261,6.6329],[101.626,6.633],[101.6259,6.633],[101.6258,6.6331],[101.6254,6.6332],[101.6252,6.6333],[101.6251,6.6333],[101.6249,6.6333],[101.6245,6.6334],[101.6242,6.6334],[101.6237,6.6334],[101.6236,6.6334],[101.6235,6.6334],[101.6233,6.6334],[101.6233,6.6334],[101.6233,6.6333],[101.6232,6.6333],[101.6232,6.6333],[101.6231,6.6333],[101.6231,6.6333],[101.623,6.6332],[101.623,6.6332],[101.6229,6.6331],[101.6228,6.633],[101.6228,6.6329],[101.6226,6.6327],[101.6225,6.6325],[101.6224,6.6324],[101.6221,6.632],[101.6218,6.6317],[101.6215,6.6314],[101.6214,6.6312],[101.6213,6.6311],[101.6213,6.6311],[101.6213,6.631],[101.6213,6.631],[101.6213,6.631],[101.6213,6.631],[101.6214,6.6309],[101.6214,6.6309],[101.6215,6.6308],[101.6215,6.6307],[101.6216,6.6307],[101.6216,6.6306],[101.6216,6.6306],[101.6216,6.6305],[101.6216,6.6304],[101.6216,6.6303],[101.6216,6.6303],[101.6215,6.6301],[101.6214,6.6301],[101.6213,6.6299],[101.6212,6.6298],[101.6211,6.6298],[101.621,6.6297],[101.6209,6.6296],[101.6208,6.6296],[101.6207,6.6295],[101.6206,6.6295],[101.6204,6.6294],[101.6203,6.6294],[101.6203,6.6294],[101.6202,6.6293],[101.6202,6.6293],[101.62,6.6293],[101.62,6.6293],[101.6197,6.6293],[101.6196,6.6293],[101.6194,6.6293],[101.6192,6.6293],[101.619,6.6293],[101.6187,6.6294],[101.6182,6.6294],[101.6179,6.6294],[101.6175,6.6294],[101.617,6.6294],[101.6162,6.6293],[101.6159,6.6293],[101.6157,6.6293],[101.6156,6.6293],[101.6154,6.6293],[101.6152,6.6294],[101.615,6.6295],[101.615,6.6295],[101.6148,6.6296],[101.6147,6.6297],[101.6146,6.6298],[101.6146,6.6299],[101.6145,6.63],[101.6145,6.6301],[101.6145,6.6303],[101.6145,6.6305],[101.6145,6.6306],[101.6146,6.6315],[101.6147,6.6319],[101.6147,6.632],[101.6146,6.6322],[101.6146,6.6323],[101.6145,6.6324],[101.6144,6.6326],[101.6143,6.6327],[101.6142,6.6328],[101.6141,6.6329],[101.614,6.6329],[101.6139,6.633],[101.6139,6.633],[101.6138,6.633],[101.6137,6.6331],[101.6134,6.6331],[101.6131,6.6331],[101.6129,6.6331],[101.6127,6.6331],[101.6126,6.6331],[101.6124,6.633],[101.612,6.6329],[101.6116,6.6326],[101.6106,6.6321],[101.6103,6.6319],[101.6102,6.6318],[101.6098,6.6317],[101.6097,6.6317],[101.6095,6.6316],[101.6095,6.6316],[101.6093,6.6316],[101.6089,6.6316],[101.6074,6.6316],[101.6065,6.6317],[101.6062,6.6317],[101.6059,6.6317],[101.6058,6.6317],[101.6056,6.6316],[101.6053,6.6315],[101.6052,6.6315],[101.605,6.6313],[101.6048,6.6312],[101.6046,6.631],[101.6045,6.6309],[101.6044,6.6308],[101.6044,6.6307],[101.6043,6.6305],[101.6042,6.6303],[101.6042,6.6299],[101.6041,6.6295],[101.6041,6.6291],[101.604,6.6287],[101.604,6.6286],[101.604,6.6286],[101.6038,6.6283],[101.6038,6.6282],[101.6027,6.6266],[101.6021,6.6257],[101.6017,6.625],[101.6016,6.625],[101.601,6.6244],[101.6006,6.6241],[101.6003,6.6239],[101.6,6.6238],[101.5998,6.6237],[101.5996,6.6236],[101.5994,6.6236],[101.5992,6.6236],[101.5988,6.6235],[101.5984,6.6235],[101.5978,6.6236],[101.5974,6.6236],[101.5972,6.6236],[101.5971,6.6237],[101.597,6.6237],[101.5969,6.6237],[101.5968,6.6237],[101.5966,6.6238],[101.596,6.624],[101.595,6.6244],[101.5937,6.6252],[101.5931,6.6254],[101.5928,6.6255],[101.5927,6.6256],[101.5926,6.6256],[101.5923,6.6257],[101.5919,6.6258],[101.5919,6.6258],[101.5916,6.6258],[101.5911,6.6259],[101.5899,6.6259],[101.5897,6.6259],[101.5896,6.6259],[101.5895,6.6259],[101.5893,6.626],[101.5888,6.626],[101.5884,6.6261],[101.5882,6.6261],[101.5872,6.6264],[101.5871,6.6264],[101.5869,6.6264],[101.5867,6.6264],[101.5863,6.6263],[101.5853,6.6261],[101.5843,6.6256],[101.5835,6.6249],[101.5828,6.6243],[101.5819,6.6232],[101.5807,6.622],[101.5795,6.6212],[101.5782,6.6204],[101.577,6.6194],[101.5764,6.6184],[101.5759,6.6168],[101.5759,6.6155],[101.5764,6.6141],[101.577,6.6125],[101.5771,6.6109],[101.5769,6.6091],[101.5764,6.608],[101.5754,6.6064],[101.5748,6.6048],[101.5741,6.6031],[101.5737,6.6015],[101.5739,6.5999],[101.5744,6.5983],[101.5756,6.5964],[101.5765,6.5951],[101.5777,6.5938],[101.5791,6.5926],[101.5809,6.5917],[101.5824,6.591],[101.5845,6.5906],[101.586,6.5904],[101.5878,6.5901],[101.5892,6.5892],[101.5898,6.5878],[101.5905,6.5864],[101.5919,6.5852],[101.5931,6.5842],[101.5941,6.5835],[101.5952,6.5826],[101.5961,6.5816],[101.5963,6.5813],[101.5967,6.5807],[101.5969,6.5796],[101.5969,6.579],[101.5968,6.5781],[101.5967,6.578],[101.5964,6.5775],[101.5954,6.5761],[101.5946,6.5752],[101.5941,6.5744],[101.5939,6.574],[101.5938,6.5734],[101.5939,6.5728],[101.5943,6.5718],[101.5945,6.5709],[101.5947,6.5695],[101.5946,6.5686],[101.5945,6.5678],[101.5943,6.5673],[101.5939,6.5667],[101.5937,6.5663],[101.5931,6.566],[101.5924,6.5656],[101.5941,6.5636],[101.5961,6.562],[101.5971,6.5611],[101.5975,6.5601],[101.5978,6.5587],[101.5977,6.5569],[101.5976,6.5552],[101.5976,6.5539],[101.5978,6.5527],[101.5984,6.5512],[101.5997,6.5501],[101.601,6.5492],[101.6024,6.5485],[101.604,6.5477],[101.6056,6.5468],[101.6074,6.5456],[101.6085,6.5446],[101.6089,6.5442],[101.609,6.5437],[101.6089,6.5433],[101.6086,6.543],[101.6075,6.542],[101.606,6.5411],[101.605,6.5396],[101.6044,6.5382],[101.6039,6.5365],[101.6033,6.535],[101.6023,6.5337],[101.6009,6.5327],[101.5998,6.5321],[101.5985,6.5301],[101.5978,6.5294],[101.5964,6.5295],[101.5951,6.5294],[101.5945,6.5288],[101.5941,6.5278],[101.5938,6.5267],[101.5935,6.5257],[101.5909,6.5229],[101.5906,6.5221],[101.5908,6.521],[101.5916,6.5202],[101.5921,6.5192],[101.5922,6.5189],[101.5917,6.5173],[101.5915,6.516],[101.5913,6.5144],[101.5908,6.5121],[101.5925,6.5115],[101.5939,6.5103],[101.5944,6.5094],[101.5956,6.5088],[101.5965,6.5089],[101.5967,6.5089],[101.597,6.509],[101.5979,6.5084],[101.5984,6.5081],[101.6002,6.5064],[101.6003,6.5063],[101.601,6.5054],[101.6006,6.5045],[101.6007,6.5043],[101.6009,6.5039],[101.6021,6.5032],[101.6042,6.5024],[101.6049,6.5022],[101.6067,6.4999],[101.6078,6.4982],[101.6078,6.4961],[101.6068,6.4941],[101.6071,6.4927],[101.6081,6.4915],[101.6099,6.4912],[101.6115,6.4908],[101.6131,6.49],[101.6144,6.4892],[101.6157,6.4883],[101.6169,6.487],[101.6181,6.4855],[101.6193,6.4844],[101.621,6.4837],[101.623,6.4832],[101.6247,6.4825],[101.626,6.4818],[101.6276,6.4803],[101.6291,6.4787],[101.63,6.4774],[101.6311,6.4761],[101.6326,6.4757],[101.6344,6.4753],[101.6357,6.4741],[101.6363,6.472],[101.6386,6.4723],[101.6407,6.4722],[101.6428,6.4723],[101.6445,6.4723],[101.6464,6.4722],[101.6483,6.4721],[101.65,6.4718],[101.652,6.4715],[101.654,6.4715],[101.6557,6.4718],[101.6575,6.472],[101.6592,6.4724],[101.6612,6.4726],[101.6629,6.4718],[101.6647,6.4719],[101.6665,6.4723],[101.668,6.4726],[101.6696,6.4729],[101.6712,6.4734],[101.6733,6.4742],[101.6754,6.4751],[101.6767,6.4756],[101.6783,6.4762],[101.6799,6.4769],[101.6818,6.4777],[101.6837,6.4784],[101.6855,6.4791],[101.6872,6.48],[101.6889,6.4809],[101.6904,6.4818],[101.6925,6.4831],[101.6945,6.4843],[101.6966,6.4858],[101.6985,6.4871],[101.7001,6.4883],[101.7016,6.4893],[101.7032,6.4904],[101.7059,6.4922],[101.7075,6.4935],[101.7088,6.4945],[101.7105,6.496],[101.7117,6.4971],[101.7129,6.4981],[101.7159,6.4999],[101.7171,6.501],[101.7183,6.5022],[101.7193,6.5037],[101.7201,6.5053],[101.721,6.5071],[101.7218,6.5085],[101.7226,6.5101],[101.7272,6.5128],[101.7255,6.5167],[101.7258,6.5186],[101.7259,6.5204],[101.7256,6.5219],[101.7247,6.5236],[101.7234,6.5248],[101.722,6.5259],[101.7211,6.5276],[101.7206,6.529],[101.7203,6.5305],[101.7202,6.5321],[101.7203,6.534],[101.7202,6.5355],[101.7198,6.537],[101.7191,6.5387],[101.7186,6.5402],[101.7188,6.5419],[101.7201,6.5433],[101.7216,6.5441],[101.7228,6.545],[101.7222,6.5467],[101.7209,6.5481],[101.7201,6.5496],[101.7194,6.551],[101.7187,6.5526],[101.7178,6.5544],[101.717,6.5557],[101.716,6.5578],[101.7151,6.5593],[101.7143,6.5607],[101.7134,6.5623],[101.7126,6.5638],[101.7122,6.5651],[101.712,6.5659],[101.7118,6.5667],[101.7113,6.5675],[101.7109,6.568],[101.7104,6.5684],[101.7099,6.5686],[101.7093,6.5689]]]}},{"type":"Feature","properties":{"code":"9611","name":"สุไหงปาดี","name_en":"Su-ngai Padi","area_sqkm":380,"src":"geoBoundaries+OpenGISData"},"geometry":{"type":"Polygon","coordinates":[[[101.7993,6.0875],[101.8011,6.0863],[101.8015,6.0845],[101.8025,6.0831],[101.8019,6.0814],[101.8009,6.0802],[101.7991,6.0791],[101.7986,6.0776],[101.7985,6.076],[101.7984,6.0733],[101.7985,6.0716],[101.7998,6.0703],[101.8016,6.0692],[101.8037,6.0679],[101.8049,6.067],[101.8066,6.0658],[101.8077,6.0642],[101.8084,6.0623],[101.8094,6.0604],[101.8099,6.0588],[101.8103,6.0568],[101.8108,6.0548],[101.8112,6.0533],[101.8112,6.0517],[101.81,6.0498],[101.8081,6.0488],[101.8064,6.0479],[101.8051,6.0472],[101.8037,6.046],[101.8029,6.0446],[101.8015,6.0437],[101.7995,6.0428],[101.7982,6.0412],[101.7972,6.0397],[101.7962,6.0382],[101.7951,6.0366],[101.7945,6.0347],[101.795,6.0341],[101.7955,6.0333],[101.7966,6.0321],[101.7979,6.031],[101.7992,6.0296],[101.8006,6.0283],[101.8014,6.0267],[101.802,6.0252],[101.8022,6.0236],[101.8019,6.0216],[101.8014,6.0194],[101.8013,6.0174],[101.8014,6.0153],[101.8021,6.0147],[101.8032,6.0132],[101.8035,6.0111],[101.8036,6.0093],[101.8036,6.0075],[101.803,6.006],[101.8023,6.0047],[101.8012,6.0021],[101.8016,6.0004],[101.8015,5.9987],[101.8008,5.9972],[101.8,5.9956],[101.7994,5.9941],[101.799,5.9918],[101.7991,5.99],[101.7989,5.9884],[101.8009,5.9877],[101.8024,5.9869],[101.8038,5.9864],[101.8041,5.9846],[101.8041,5.9827],[101.8041,5.981],[101.8046,5.9796],[101.8059,5.9785],[101.808,5.9776],[101.8098,5.9772],[101.8117,5.9773],[101.8134,5.9778],[101.815,5.9786],[101.8166,5.9798],[101.8179,5.9816],[101.8184,5.9834],[101.8181,5.985],[101.8176,5.9864],[101.8186,5.9881],[101.8201,5.9897],[101.821,5.9911],[101.8223,5.9926],[101.8238,5.9929],[101.8251,5.9919],[101.8267,5.9906],[101.8279,5.9891],[101.8291,5.9878],[101.8305,5.9868],[101.8322,5.9874],[101.8342,5.9879],[101.836,5.9882],[101.838,5.9891],[101.8395,5.9896],[101.8411,5.9897],[101.8432,5.9899],[101.8449,5.9902],[101.8464,5.9904],[101.8478,5.9895],[101.8493,5.9883],[101.8508,5.9876],[101.8524,5.9865],[101.854,5.9857],[101.8559,5.9849],[101.8573,5.9855],[101.859,5.9847],[101.8604,5.984],[101.862,5.9835],[101.8627,5.9839],[101.8636,5.9843],[101.865,5.9856],[101.8665,5.9862],[101.8682,5.9864],[101.869,5.9884],[101.87,5.9902],[101.8701,5.9921],[101.8704,5.9936],[101.8718,5.9945],[101.8732,5.9932],[101.8747,5.9927],[101.876,5.9918],[101.8772,5.9905],[101.8787,5.9896],[101.8806,5.9893],[101.8821,5.9887],[101.8836,5.9877],[101.8844,5.9863],[101.886,5.9862],[101.887,5.9852],[101.8886,5.9857],[101.8906,5.9856],[101.892,5.9852],[101.8936,5.9849],[101.895,5.9843],[101.8959,5.9843],[101.8966,5.9843],[101.8982,5.9846],[101.8995,5.9858],[101.9004,5.988],[101.9013,5.9895],[101.9023,5.9906],[101.9034,5.9916],[101.9051,5.9924],[101.9066,5.993],[101.9079,5.9937],[101.9098,5.995],[101.9111,5.996],[101.9123,5.9972],[101.9134,5.9988],[101.9145,6.0003],[101.9156,6.002],[101.9246,6.0157],[101.9238,6.0161],[101.9194,6.0173],[101.9155,6.0184],[101.9144,6.0198],[101.9141,6.0211],[101.9141,6.0214],[101.9141,6.0216],[101.9141,6.0218],[101.9143,6.0232],[101.9147,6.0242],[101.9149,6.0247],[101.9155,6.0256],[101.9158,6.0262],[101.9171,6.0278],[101.9181,6.0287],[101.9181,6.0287],[101.9189,6.0323],[101.919,6.0332],[101.9193,6.0354],[101.92,6.036],[101.9212,6.0368],[101.9225,6.037],[101.9237,6.0371],[101.925,6.0369],[101.9258,6.0372],[101.9264,6.0376],[101.928,6.0392],[101.93,6.0409],[101.932,6.0428],[101.934,6.0446],[101.936,6.0468],[101.9368,6.0479],[101.9394,6.0526],[101.9423,6.0606],[101.9426,6.0614],[101.9428,6.0645],[101.9409,6.0688],[101.9387,6.074],[101.9374,6.077],[101.9365,6.0793],[101.966,6.1043],[101.9855,6.1209],[102.0227,6.1511],[101.9963,6.1698],[101.9873,6.1769],[101.9725,6.1886],[101.9192,6.2306],[101.918,6.2314],[101.9192,6.2328],[101.9194,6.233],[101.9197,6.2332],[101.9198,6.2334],[101.9199,6.2334],[101.9201,6.2335],[101.9218,6.2339],[101.9223,6.234],[101.9225,6.234],[101.9227,6.234],[101.9229,6.234],[101.9232,6.2339],[101.9235,6.2338],[101.9237,6.2337],[101.9238,6.2337],[101.9239,6.2337],[101.9243,6.2337],[101.9247,6.2337],[101.9248,6.2338],[101.925,6.2338],[101.9252,6.2339],[101.9253,6.2339],[101.9257,6.2341],[101.9258,6.2342],[101.9259,6.2342],[101.926,6.2343],[101.9261,6.2343],[101.9262,6.2343],[101.9264,6.2343],[101.9265,6.2344],[101.9265,6.2344],[101.9266,6.2344],[101.9267,6.2345],[101.9267,6.2345],[101.9268,6.2346],[101.9269,6.2348],[101.9269,6.235],[101.927,6.2352],[101.9271,6.2358],[101.9271,6.2359],[101.9271,6.236],[101.9272,6.2361],[101.9272,6.2361],[101.9272,6.2362],[101.9273,6.2362],[101.9274,6.2363],[101.9275,6.2364],[101.9276,6.2364],[101.9281,6.2366],[101.9284,6.2367],[101.9285,6.2368],[101.9285,6.2368],[101.9286,6.2369],[101.9287,6.237],[101.9288,6.237],[101.9288,6.237],[101.9289,6.2371],[101.929,6.2372],[101.929,6.2373],[101.929,6.2373],[101.929,6.2374],[101.9291,6.2376],[101.9291,6.2377],[101.929,6.2379],[101.929,6.238],[101.929,6.2384],[101.9289,6.2386],[101.9289,6.2387],[101.9289,6.2388],[101.9289,6.2389],[101.9289,6.2391],[101.9289,6.2392],[101.9289,6.2393],[101.9289,6.2394],[101.9288,6.2396],[101.9287,6.24],[101.9287,6.2403],[101.9286,6.2406],[101.9286,6.2407],[101.9285,6.2409],[101.9285,6.2412],[101.9285,6.2413],[101.9284,6.2422],[101.9284,6.2424],[101.9284,6.2426],[101.9284,6.2427],[101.9285,6.2428],[101.9285,6.2428],[101.9285,6.2428],[101.9285,6.2429],[101.9287,6.2431],[101.9287,6.2431],[101.9288,6.2432],[101.9288,6.2432],[101.9289,6.2433],[101.9292,6.2434],[101.9293,6.2434],[101.9294,6.2435],[101.9295,6.2435],[101.9298,6.2436],[101.9299,6.2436],[101.93,6.2436],[101.93,6.2436],[101.93,6.2436],[101.93,6.2437],[101.9302,6.2438],[101.9302,6.2438],[101.9303,6.2438],[101.9303,6.2439],[101.9303,6.2439],[101.9303,6.2439],[101.9303,6.244],[101.9303,6.244],[101.9303,6.2441],[101.9303,6.2442],[101.9303,6.2442],[101.9303,6.2442],[101.9303,6.2442],[101.9303,6.2443],[101.9302,6.2443],[101.9302,6.2444],[101.9301,6.2444],[101.9297,6.2448],[101.9296,6.2449],[101.9295,6.245],[101.9295,6.245],[101.9294,6.2451],[101.9294,6.2451],[101.9292,6.2456],[101.9291,6.2459],[101.929,6.246],[101.929,6.2462],[101.9289,6.2463],[101.9288,6.2465],[101.9288,6.2465],[101.9287,6.2466],[101.9286,6.2467],[101.9286,6.2467],[101.9285,6.2468],[101.9284,6.2468],[101.9283,6.2469],[101.928,6.247],[101.928,6.247],[101.9279,6.247],[101.9279,6.247],[101.9278,6.2471],[101.9278,6.2471],[101.9277,6.2471],[101.9277,6.2472],[101.9276,6.2473],[101.9272,6.2478],[101.9269,6.2483],[101.9269,6.2484],[101.9267,6.2487],[101.9266,6.2489],[101.9265,6.2492],[101.9265,6.2493],[101.9265,6.2495],[101.9265,6.2496],[101.9264,6.2498],[101.9264,6.2502],[101.9264,6.2503],[101.9264,6.2504],[101.9264,6.2506],[101.9264,6.2507],[101.9264,6.2508],[101.9264,6.2509],[101.9265,6.251],[101.9265,6.251],[101.9265,6.2511],[101.9266,6.2511],[101.9266,6.2512],[101.9267,6.2513],[101.9267,6.2513],[101.9267,6.2513],[101.9268,6.2514],[101.9268,6.2514],[101.927,6.2514],[101.9271,6.2515],[101.9272,6.2515],[101.9272,6.2515],[101.9273,6.2515],[101.9274,6.2515],[101.9274,6.2515],[101.9278,6.2513],[101.9278,6.2513],[101.928,6.2513],[101.928,6.2513],[101.9281,6.2513],[101.9281,6.2513],[101.9282,6.2513],[101.9282,6.2514],[101.9283,6.2514],[101.9283,6.2514],[101.9284,6.2514],[101.9285,6.2515],[101.9288,6.2518],[101.9289,6.2519],[101.9291,6.252],[101.9292,6.2521],[101.9294,6.2522],[101.9294,6.2522],[101.9294,6.2522],[101.9296,6.2523],[101.9297,6.2523],[101.9297,6.2523],[101.9298,6.2524],[101.93,6.2524],[101.9301,6.2524],[101.9304,6.2525],[101.9306,6.2525],[101.9306,6.2525],[101.9308,6.2526],[101.9311,6.2526],[101.9313,6.2527],[101.9314,6.2527],[101.9314,6.2527],[101.9314,6.2527],[101.9315,6.2527],[101.9315,6.2527],[101.9316,6.2528],[101.9317,6.2528],[101.9318,6.2529],[101.9319,6.253],[101.932,6.2531],[101.932,6.2531],[101.9321,6.2531],[101.9322,6.2532],[101.9324,6.2535],[101.9326,6.2537],[101.9327,6.2539],[101.9328,6.254],[101.933,6.2545],[101.9331,6.2546],[101.9331,6.2549],[101.9331,6.2551],[101.9331,6.2553],[101.9331,6.2557],[101.933,6.2561],[101.9329,6.2566],[101.9329,6.257],[101.9328,6.2571],[101.9328,6.2572],[101.9327,6.2576],[101.9325,6.258],[101.9323,6.2582],[101.9321,6.2588],[101.9318,6.2594],[101.9318,6.2594],[101.9317,6.2595],[101.9315,6.26],[101.9314,6.2602],[101.9313,6.2603],[101.9313,6.2603],[101.9312,6.2604],[101.9311,6.2604],[101.9308,6.2604],[101.9306,6.2605],[101.9305,6.2605],[101.9304,6.2606],[101.9303,6.2606],[101.9302,6.2607],[101.9301,6.2607],[101.9301,6.2607],[101.9297,6.2607],[101.9296,6.2607],[101.9295,6.2607],[101.9293,6.2608],[101.9292,6.2608],[101.9281,6.2612],[101.9278,6.2613],[101.9277,6.2614],[101.9275,6.2615],[101.9274,6.2616],[101.9273,6.2617],[101.9269,6.2619],[101.9261,6.2624],[101.9257,6.2628],[101.9255,6.2629],[101.9254,6.263],[101.9253,6.2632],[101.9251,6.2634],[101.925,6.2637],[101.9246,6.2643],[101.9245,6.2646],[101.9244,6.2648],[101.9244,6.2649],[101.9244,6.2653],[101.9235,6.2655],[101.9233,6.2656],[101.9221,6.2659],[101.9219,6.266],[101.9214,6.2662],[101.921,6.2664],[101.9208,6.2666],[101.9205,6.2669],[101.9203,6.267],[101.9199,6.2674],[101.9196,6.2678],[101.9192,6.2684],[101.9191,6.2685],[101.919,6.2689],[101.9189,6.269],[101.9186,6.2695],[101.9186,6.2696],[101.9185,6.2697],[101.9181,6.2705],[101.9178,6.2711],[101.9177,6.2713],[101.9176,6.2714],[101.9175,6.2717],[101.9174,6.2722],[101.9173,6.273],[101.9173,6.2735],[101.9172,6.2752],[101.9171,6.2779],[101.9161,6.2778],[101.9148,6.2777],[101.9141,6.2778],[101.9137,6.2778],[101.9125,6.2778],[101.9123,6.2778],[101.9123,6.2778],[101.9123,6.2778],[101.9122,6.2777],[101.9122,6.2777],[101.912,6.2777],[101.912,6.2776],[101.9119,6.2776],[101.9119,6.2775],[101.9118,6.2774],[101.9116,6.2769],[101.9114,6.2766],[101.9112,6.2763],[101.9111,6.2762],[101.9111,6.2761],[101.911,6.276],[101.911,6.276],[101.911,6.2758],[101.911,6.2757],[101.911,6.2757],[101.911,6.2756],[101.911,6.2756],[101.9111,6.2755],[101.9111,6.2754],[101.9111,6.2754],[101.9112,6.2752],[101.9114,6.275],[101.9118,6.2745],[101.9119,6.2744],[101.9119,6.2743],[101.9122,6.2737],[101.9127,6.2729],[101.9129,6.2725],[101.913,6.2725],[101.913,6.2724],[101.913,6.2723],[101.913,6.2721],[101.913,6.272],[101.913,6.2719],[101.913,6.2718],[101.9129,6.2718],[101.9128,6.2717],[101.9121,6.2713],[101.912,6.2712],[101.9118,6.2711],[101.9117,6.271],[101.9116,6.2709],[101.9116,6.2708],[101.9115,6.2707],[101.9115,6.2706],[101.9115,6.2706],[101.9115,6.2702],[101.9115,6.2697],[101.9115,6.2694],[101.9115,6.2693],[101.9115,6.2691],[101.9116,6.269],[101.9116,6.2689],[101.9117,6.2686],[101.9118,6.2683],[101.9119,6.268],[101.9121,6.2677],[101.9121,6.2676],[101.9124,6.2671],[101.9126,6.2668],[101.9127,6.2666],[101.9127,6.2665],[101.9127,6.2664],[101.9127,6.2663],[101.9128,6.2663],[101.9128,6.2662],[101.9128,6.266],[101.9128,6.2658],[101.9128,6.2653],[101.9128,6.2652],[101.9128,6.2651],[101.9129,6.265],[101.9129,6.2649],[101.913,6.2647],[101.9132,6.2643],[101.9135,6.2637],[101.9137,6.2634],[101.9139,6.2632],[101.9139,6.2631],[101.914,6.2629],[101.9142,6.2626],[101.9143,6.2625],[101.9143,6.2624],[101.9144,6.2624],[101.9144,6.2624],[101.9145,6.2623],[101.9145,6.2623],[101.9146,6.2623],[101.9146,6.2624],[101.9147,6.2624],[101.9147,6.2624],[101.9151,6.2627],[101.9152,6.2628],[101.9154,6.2629],[101.9155,6.263],[101.9155,6.263],[101.9156,6.263],[101.9157,6.2631],[101.9158,6.2631],[101.9159,6.2631],[101.916,6.2631],[101.9163,6.263],[101.9164,6.263],[101.9165,6.2629],[101.9166,6.2628],[101.9168,6.2627],[101.9169,6.2627],[101.917,6.2625],[101.9172,6.2623],[101.9176,6.2619],[101.9177,6.2618],[101.9178,6.2616],[101.9179,6.2614],[101.9179,6.2613],[101.918,6.2612],[101.918,6.261],[101.918,6.2605],[101.918,6.2597],[101.918,6.2593],[101.918,6.259],[101.918,6.2589],[101.9179,6.2588],[101.9179,6.2587],[101.9178,6.2586],[101.9178,6.2585],[101.9165,6.2588],[101.9057,6.2567],[101.9042,6.2565],[101.9039,6.2553],[101.904,6.2537],[101.9041,6.2524],[101.904,6.2522],[101.9036,6.2241],[101.903,6.2225],[101.9023,6.221],[101.9022,6.2193],[101.9026,6.2178],[101.9014,6.2165],[101.901,6.215],[101.9011,6.213],[101.9,6.212],[101.8992,6.2106],[101.8981,6.2093],[101.8968,6.2081],[101.8962,6.2067],[101.8949,6.2057],[101.8939,6.2045],[101.8929,6.2032],[101.892,6.2019],[101.8911,6.2005],[101.8897,6.1996],[101.8888,6.1983],[101.8881,6.1968],[101.887,6.1959],[101.8857,6.1954],[101.8852,6.1953],[101.8838,6.1961],[101.8819,6.1966],[101.8801,6.1971],[101.8782,6.1977],[101.8764,6.1984],[101.8747,6.1987],[101.8742,6.1972],[101.8734,6.1958],[101.8723,6.194],[101.8715,6.1923],[101.8702,6.1913],[101.869,6.1903],[101.8672,6.19],[101.8656,6.1905],[101.8639,6.1903],[101.862,6.1905],[101.8604,6.1915],[101.8588,6.1913],[101.8571,6.1909],[101.8574,6.1893],[101.8571,6.1876],[101.8576,6.1857],[101.858,6.1834],[101.8581,6.1815],[101.8581,6.1799],[101.8593,6.1788],[101.86,6.1774],[101.8616,6.1761],[101.8626,6.1746],[101.8635,6.173],[101.8644,6.1713],[101.8635,6.1699],[101.8621,6.1691],[101.8619,6.1672],[101.8618,6.1656],[101.8617,6.1639],[101.8609,6.1624],[101.8614,6.1609],[101.8612,6.1607],[101.8602,6.1599],[101.8594,6.1586],[101.8585,6.1573],[101.8567,6.1568],[101.8554,6.1562],[101.8546,6.1549],[101.8538,6.1535],[101.8527,6.1523],[101.8519,6.151],[101.8512,6.1491],[101.8498,6.148],[101.848,6.148],[101.846,6.1475],[101.8441,6.1467],[101.8428,6.1459],[101.8409,6.1448],[101.8398,6.1437],[101.838,6.1429],[101.8361,6.1422],[101.8347,6.1415],[101.8333,6.1409],[101.8316,6.1401],[101.8301,6.1393],[101.8257,6.1378],[101.8237,6.1361],[101.82,6.1335],[101.8147,6.1302],[101.8138,6.1297],[101.8116,6.1285],[101.8102,6.1278],[101.8083,6.1274],[101.8082,6.1274],[101.8073,6.1268],[101.8051,6.1241],[101.8047,6.1224],[101.8051,6.1207],[101.8053,6.1198],[101.8055,6.1192],[101.805,6.1179],[101.8045,6.1163],[101.8046,6.1148],[101.8045,6.1137],[101.8056,6.1118],[101.8058,6.1112],[101.8059,6.1108],[101.8058,6.1104],[101.8055,6.1097],[101.8056,6.1081],[101.8066,6.104],[101.8076,6.0998],[101.8083,6.0984],[101.8068,6.097],[101.8058,6.0961],[101.8054,6.095],[101.8047,6.0939],[101.8039,6.0929],[101.8026,6.0919],[101.801,6.0902],[101.7998,6.0885],[101.7993,6.0875]]]}},{"type":"Feature","properties":{"code":"9612","name":"จะแนะ","name_en":"Chanae","area_sqkm":575.6,"src":"geoBoundaries+OpenGISData"},"geometry":{"type":"Polygon","coordinates":[[[101.5022,5.8897],[101.5023,5.89],[101.5025,5.8901],[101.5029,5.8902],[101.5033,5.8903],[101.5039,5.8906],[101.5044,5.8909],[101.5048,5.8913],[101.5049,5.8917],[101.5049,5.8918],[101.505,5.892],[101.5052,5.892],[101.5055,5.8922],[101.5055,5.8924],[101.5056,5.8927],[101.5058,5.8928],[101.5062,5.8927],[101.5065,5.8927],[101.5067,5.893],[101.5069,5.8933],[101.5076,5.894],[101.5078,5.8945],[101.5079,5.8948],[101.5079,5.8954],[101.508,5.8961],[101.508,5.8966],[101.5081,5.897],[101.5082,5.897],[101.5095,5.898],[101.51,5.8983],[101.5103,5.8983],[101.5106,5.8984],[101.5107,5.8988],[101.511,5.8991],[101.5115,5.8992],[101.5118,5.8994],[101.5128,5.9007],[101.513,5.9013],[101.5129,5.9025],[101.5129,5.9029],[101.5131,5.9031],[101.5135,5.9034],[101.514,5.9035],[101.5146,5.9037],[101.5151,5.9036],[101.5155,5.9033],[101.5159,5.9027],[101.5171,5.9012],[101.5174,5.9005],[101.5176,5.9],[101.5178,5.8998],[101.518,5.9],[101.5182,5.9002],[101.5185,5.9004],[101.5191,5.9005],[101.5195,5.9006],[101.5201,5.9007],[101.5205,5.9005],[101.521,5.9001],[101.522,5.8989],[101.5236,5.8987],[101.5237,5.8995],[101.5239,5.9],[101.5243,5.9004],[101.5247,5.9009],[101.5249,5.9015],[101.5251,5.903],[101.5247,5.9042],[101.5245,5.9048],[101.5246,5.9055],[101.5256,5.9079],[101.5258,5.9085],[101.5262,5.9092],[101.5265,5.9096],[101.527,5.9098],[101.5275,5.9099],[101.528,5.9103],[101.5284,5.9107],[101.5287,5.9111],[101.5289,5.9117],[101.5292,5.9121],[101.5296,5.9122],[101.5301,5.9122],[101.5305,5.9123],[101.5307,5.9125],[101.5311,5.913],[101.5321,5.914],[101.5326,5.9145],[101.5332,5.9148],[101.5337,5.915],[101.5345,5.915],[101.5358,5.9149],[101.5365,5.9152],[101.537,5.9156],[101.5372,5.9159],[101.5373,5.9163],[101.5374,5.9166],[101.5377,5.9171],[101.5381,5.9174],[101.5386,5.9175],[101.5389,5.9176],[101.5391,5.9181],[101.5393,5.9187],[101.5396,5.919],[101.54,5.9191],[101.5411,5.919],[101.5418,5.9188],[101.5422,5.9189],[101.5426,5.9189],[101.5444,5.9193],[101.5464,5.9197],[101.5481,5.9198],[101.5496,5.9199],[101.5508,5.9201],[101.5522,5.9205],[101.5536,5.9211],[101.5541,5.9212],[101.5544,5.9211],[101.5548,5.9207],[101.5559,5.9198],[101.5569,5.9194],[101.5576,5.9192],[101.5583,5.9191],[101.5591,5.9193],[101.5605,5.92],[101.5622,5.9213],[101.5631,5.9216],[101.5641,5.9217],[101.5647,5.9216],[101.5652,5.9217],[101.5654,5.9219],[101.5657,5.9223],[101.566,5.9229],[101.5675,5.9237],[101.5691,5.9247],[101.571,5.9249],[101.5724,5.9256],[101.5735,5.9267],[101.5742,5.928],[101.5747,5.9294],[101.575,5.93],[101.5754,5.9306],[101.5759,5.931],[101.5764,5.9313],[101.5776,5.9319],[101.5786,5.9327],[101.5794,5.9335],[101.5803,5.9341],[101.5811,5.9345],[101.5815,5.9345],[101.5818,5.9344],[101.5819,5.9342],[101.5819,5.9337],[101.5819,5.9334],[101.582,5.9328],[101.5824,5.9327],[101.5829,5.9327],[101.5833,5.9327],[101.584,5.9329],[101.5844,5.9328],[101.585,5.9325],[101.5857,5.932],[101.5871,5.9308],[101.5876,5.9299],[101.5878,5.9293],[101.5879,5.9287],[101.5878,5.928],[101.5877,5.9267],[101.5882,5.9256],[101.5884,5.9237],[101.5888,5.922],[101.5891,5.9209],[101.5893,5.9193],[101.5894,5.9187],[101.5897,5.9183],[101.5902,5.918],[101.5917,5.9175],[101.5925,5.9171],[101.593,5.9166],[101.5934,5.916],[101.5943,5.9149],[101.5957,5.9142],[101.5962,5.9142],[101.5967,5.9142],[101.597,5.9141],[101.5972,5.9137],[101.5972,5.913],[101.5972,5.9124],[101.5976,5.9121],[101.5981,5.9118],[101.5988,5.9118],[101.5996,5.9121],[101.6001,5.9127],[101.6005,5.9131],[101.6008,5.9134],[101.6012,5.9137],[101.6016,5.9137],[101.602,5.9136],[101.6028,5.9135],[101.6034,5.9134],[101.6038,5.9134],[101.6049,5.9139],[101.6064,5.9141],[101.6069,5.9142],[101.6074,5.9144],[101.6076,5.9147],[101.608,5.9151],[101.6084,5.9151],[101.6088,5.9149],[101.6091,5.9146],[101.6095,5.9142],[101.6099,5.9138],[101.6103,5.9136],[101.6107,5.9136],[101.611,5.9135],[101.6113,5.9132],[101.6117,5.9127],[101.6122,5.9124],[101.6135,5.9119],[101.6148,5.9113],[101.6151,5.9109],[101.6154,5.9105],[101.6153,5.9103],[101.615,5.9101],[101.6147,5.9099],[101.6147,5.9097],[101.6148,5.9096],[101.615,5.9093],[101.6151,5.9089],[101.6153,5.908],[101.6153,5.9073],[101.6153,5.9069],[101.6151,5.9067],[101.6146,5.9064],[101.6145,5.9058],[101.6146,5.9051],[101.6146,5.9033],[101.6149,5.9014],[101.6154,5.9002],[101.6159,5.8993],[101.6169,5.8983],[101.6177,5.8964],[101.6191,5.8978],[101.62,5.8991],[101.6206,5.901],[101.6217,5.9022],[101.6234,5.9033],[101.6248,5.9042],[101.6259,5.9053],[101.6275,5.9066],[101.629,5.9068],[101.6308,5.9067],[101.6317,5.9079],[101.6327,5.9091],[101.6345,5.9096],[101.6365,5.9095],[101.6376,5.9111],[101.6378,5.9112],[101.6383,5.9115],[101.6385,5.9116],[101.6386,5.9116],[101.6385,5.9116],[101.6384,5.9118],[101.6382,5.912],[101.6382,5.912],[101.6381,5.9121],[101.6381,5.9121],[101.6381,5.9122],[101.6381,5.9122],[101.6381,5.9122],[101.6381,5.9123],[101.6381,5.9123],[101.6381,5.9124],[101.6381,5.9124],[101.6381,5.9125],[101.6381,5.9125],[101.6381,5.9125],[101.6381,5.9125],[101.6381,5.9126],[101.6381,5.9127],[101.6381,5.9128],[101.6381,5.9128],[101.6381,5.913],[101.6381,5.9131],[101.638,5.9132],[101.638,5.9132],[101.638,5.9134],[101.638,5.9135],[101.638,5.9136],[101.638,5.9137],[101.6379,5.9139],[101.6379,5.914],[101.6379,5.914],[101.6379,5.914],[101.6379,5.9141],[101.6379,5.9142],[101.6379,5.9143],[101.6379,5.9143],[101.6379,5.9144],[101.6379,5.9144],[101.6378,5.9146],[101.6378,5.9146],[101.6377,5.9148],[101.6377,5.9149],[101.6376,5.915],[101.6376,5.915],[101.6374,5.9152],[101.6373,5.9153],[101.6373,5.9153],[101.6372,5.9154],[101.6372,5.9154],[101.6372,5.9154],[101.6371,5.9155],[101.6371,5.9155],[101.6371,5.9156],[101.6371,5.9156],[101.6371,5.9158],[101.6371,5.9158],[101.6371,5.9159],[101.6371,5.9159],[101.6371,5.9159],[101.637,5.916],[101.637,5.916],[101.6369,5.9161],[101.6369,5.9161],[101.6369,5.9162],[101.6368,5.9162],[101.6368,5.9163],[101.6368,5.9164],[101.6368,5.9164],[101.6367,5.9166],[101.6367,5.9166],[101.6367,5.9166],[101.6367,5.9167],[101.6367,5.9167],[101.6367,5.9167],[101.6367,5.9168],[101.6367,5.9169],[101.6367,5.917],[101.6367,5.9171],[101.6368,5.9172],[101.6368,5.9173],[101.6368,5.9173],[101.6369,5.9173],[101.6369,5.9173],[101.6369,5.9173],[101.6369,5.9174],[101.6369,5.9174],[101.6369,5.9174],[101.637,5.9174],[101.637,5.9174],[101.637,5.9174],[101.6371,5.9174],[101.6371,5.9174],[101.6371,5.9173],[101.6373,5.9173],[101.6375,5.9172],[101.6376,5.9172],[101.6376,5.9172],[101.6377,5.9172],[101.6378,5.9172],[101.6378,5.9172],[101.6378,5.9172],[101.6378,5.9172],[101.6378,5.9172],[101.6378,5.9172],[101.6378,5.9172],[101.6378,5.9172],[101.6378,5.9173],[101.6378,5.9174],[101.6377,5.9176],[101.6377,5.9178],[101.6377,5.9179],[101.6377,5.9179],[101.6377,5.9179],[101.6377,5.9179],[101.6377,5.918],[101.6377,5.918],[101.6377,5.918],[101.6378,5.918],[101.6378,5.918],[101.6379,5.918],[101.638,5.918],[101.638,5.918],[101.638,5.918],[101.638,5.9181],[101.638,5.9181],[101.638,5.9181],[101.638,5.9181],[101.6381,5.9181],[101.6382,5.9183],[101.6382,5.9183],[101.6382,5.9183],[101.6383,5.9185],[101.6383,5.9185],[101.6383,5.9185],[101.6383,5.9185],[101.6383,5.9186],[101.6383,5.9186],[101.6383,5.9186],[101.6383,5.9186],[101.6383,5.9187],[101.6383,5.9189],[101.6383,5.9189],[101.6384,5.9189],[101.6384,5.9189],[101.6384,5.9189],[101.6384,5.919],[101.6384,5.919],[101.6387,5.9195],[101.6387,5.9196],[101.6388,5.9198],[101.639,5.92],[101.6391,5.9201],[101.6391,5.9202],[101.6392,5.9203],[101.6392,5.9203],[101.6393,5.9203],[101.6393,5.9203],[101.6393,5.9203],[101.6393,5.9203],[101.6394,5.9203],[101.6394,5.9203],[101.6394,5.9203],[101.6395,5.9203],[101.6395,5.9203],[101.6397,5.9202],[101.6397,5.9202],[101.6397,5.9202],[101.6398,5.9201],[101.6398,5.9201],[101.6399,5.9201],[101.6399,5.9201],[101.64,5.9201],[101.64,5.9201],[101.6401,5.9202],[101.6401,5.9202],[101.6401,5.9202],[101.6402,5.9202],[101.6402,5.9203],[101.6403,5.9204],[101.6403,5.9204],[101.6403,5.9205],[101.6403,5.9205],[101.6403,5.9205],[101.6403,5.9206],[101.6403,5.9207],[101.6403,5.9207],[101.6403,5.9207],[101.6402,5.9211],[101.6402,5.9212],[101.6402,5.9212],[101.6402,5.9214],[101.6402,5.9214],[101.6402,5.9215],[101.6402,5.9216],[101.6402,5.9217],[101.6402,5.9217],[101.6402,5.9217],[101.6403,5.9218],[101.6403,5.922],[101.6403,5.922],[101.6403,5.922],[101.6403,5.9221],[101.6403,5.9221],[101.6403,5.9222],[101.6403,5.9222],[101.6403,5.9222],[101.6403,5.9222],[101.6403,5.9223],[101.6403,5.9223],[101.6403,5.9223],[101.6403,5.9223],[101.6403,5.9223],[101.6403,5.9224],[101.6403,5.9224],[101.6403,5.9224],[101.6403,5.9224],[101.6404,5.9225],[101.6404,5.9225],[101.6405,5.9225],[101.6405,5.9225],[101.6405,5.9225],[101.6405,5.9226],[101.6405,5.9226],[101.6405,5.9226],[101.6405,5.9226],[101.6406,5.9226],[101.6406,5.9226],[101.6406,5.9226],[101.6408,5.9226],[101.6408,5.9226],[101.6409,5.9226],[101.641,5.9227],[101.641,5.9227],[101.6411,5.9227],[101.6411,5.9228],[101.6411,5.9228],[101.6411,5.9228],[101.6411,5.9228],[101.6411,5.9228],[101.641,5.923],[101.6409,5.9231],[101.6409,5.9233],[101.6408,5.9234],[101.6407,5.9238],[101.6407,5.9238],[101.6407,5.924],[101.6406,5.9243],[101.6406,5.9244],[101.6406,5.9244],[101.6406,5.9246],[101.6406,5.9247],[101.6406,5.9248],[101.6406,5.925],[101.6407,5.9252],[101.6407,5.9252],[101.6407,5.9253],[101.6407,5.9253],[101.6407,5.9253],[101.6407,5.9254],[101.6407,5.9254],[101.6408,5.9257],[101.6409,5.9257],[101.6409,5.9257],[101.641,5.9259],[101.641,5.9259],[101.641,5.926],[101.6412,5.9262],[101.6413,5.9263],[101.6413,5.9264],[101.6413,5.9264],[101.6414,5.9265],[101.6415,5.9265],[101.6416,5.9265],[101.6416,5.9265],[101.6417,5.9265],[101.6418,5.9266],[101.6419,5.9267],[101.642,5.9267],[101.642,5.9267],[101.642,5.9267],[101.642,5.9267],[101.642,5.9267],[101.6421,5.9268],[101.6421,5.9268],[101.6421,5.9268],[101.6421,5.9269],[101.6421,5.9269],[101.6422,5.927],[101.6422,5.9271],[101.6422,5.9273],[101.6422,5.9273],[101.6422,5.9273],[101.6422,5.9273],[101.6423,5.9273],[101.6423,5.9273],[101.6424,5.9273],[101.6425,5.9273],[101.6425,5.9273],[101.6425,5.9274],[101.6426,5.9274],[101.6427,5.9275],[101.643,5.9276],[101.6431,5.9277],[101.6431,5.9277],[101.6432,5.9277],[101.6432,5.9277],[101.6433,5.9277],[101.6434,5.9277],[101.6434,5.9277],[101.6434,5.9277],[101.6434,5.9277],[101.6435,5.9277],[101.6435,5.9277],[101.6435,5.9277],[101.6435,5.9277],[101.6435,5.9276],[101.6436,5.9276],[101.6436,5.9276],[101.6436,5.9275],[101.6436,5.9275],[101.6436,5.9274],[101.6435,5.9273],[101.6435,5.9273],[101.6434,5.9272],[101.6433,5.9269],[101.6432,5.9268],[101.6432,5.9268],[101.6431,5.9267],[101.6431,5.9267],[101.6431,5.9267],[101.6431,5.9266],[101.6431,5.9266],[101.6431,5.9266],[101.6431,5.9265],[101.6431,5.9265],[101.6431,5.9265],[101.6432,5.9264],[101.6433,5.9263],[101.6433,5.9263],[101.6433,5.9263],[101.6433,5.9263],[101.6434,5.9263],[101.6434,5.9263],[101.6434,5.9263],[101.6434,5.9263],[101.6436,5.9262],[101.6437,5.9262],[101.6438,5.9262],[101.6438,5.9262],[101.6438,5.9262],[101.6439,5.9262],[101.6439,5.9262],[101.6441,5.9262],[101.6441,5.9262],[101.6441,5.9262],[101.6443,5.9261],[101.6444,5.9261],[101.6445,5.9261],[101.6446,5.9261],[101.6446,5.9261],[101.6446,5.9261],[101.6447,5.9261],[101.6447,5.9261],[101.6447,5.9261],[101.6448,5.926],[101.6448,5.926],[101.6448,5.9259],[101.6448,5.9259],[101.6449,5.9258],[101.6449,5.9258],[101.645,5.9257],[101.645,5.9257],[101.645,5.9257],[101.645,5.9257],[101.645,5.9257],[101.645,5.9257],[101.6451,5.9257],[101.6452,5.9258],[101.6452,5.9258],[101.6453,5.9258],[101.6453,5.9258],[101.6453,5.9258],[101.6453,5.9258],[101.6454,5.9257],[101.6454,5.9257],[101.6455,5.9257],[101.6455,5.9257],[101.6455,5.9257],[101.6455,5.9257],[101.6456,5.9257],[101.6456,5.9257],[101.6456,5.9257],[101.6456,5.9257],[101.6457,5.9257],[101.6457,5.9257],[101.6457,5.9257],[101.6458,5.9257],[101.6459,5.9257],[101.6459,5.9257],[101.646,5.9258],[101.6461,5.9258],[101.6461,5.9258],[101.6461,5.9258],[101.6462,5.9258],[101.6462,5.9259],[101.6462,5.9259],[101.6463,5.926],[101.6463,5.9261],[101.6463,5.9261],[101.6463,5.9261],[101.6463,5.9262],[101.6463,5.9262],[101.6463,5.9263],[101.6463,5.9264],[101.6462,5.9266],[101.6462,5.9266],[101.6462,5.9266],[101.6462,5.9267],[101.6462,5.9267],[101.6462,5.9267],[101.6461,5.9268],[101.6461,5.9268],[101.646,5.927],[101.646,5.927],[101.646,5.927],[101.6459,5.9272],[101.6459,5.9275],[101.6459,5.9275],[101.6459,5.9276],[101.6459,5.9276],[101.6459,5.9278],[101.6459,5.9279],[101.6459,5.9279],[101.6459,5.928],[101.6459,5.928],[101.6459,5.9281],[101.646,5.9282],[101.646,5.9282],[101.646,5.9282],[101.646,5.9282],[101.646,5.9283],[101.6461,5.9283],[101.6462,5.9283],[101.6462,5.9283],[101.6462,5.9284],[101.6463,5.9284],[101.6464,5.9285],[101.6464,5.9286],[101.6464,5.9286],[101.6464,5.9286],[101.6465,5.9286],[101.6465,5.9286],[101.6467,5.9287],[101.6468,5.9287],[101.6469,5.9288],[101.647,5.9288],[101.647,5.9288],[101.6471,5.9288],[101.6472,5.9288],[101.6472,5.9288],[101.6474,5.9288],[101.6475,5.9288],[101.6475,5.9288],[101.6475,5.9288],[101.6476,5.9288],[101.6476,5.9288],[101.6476,5.9288],[101.6476,5.9288],[101.6477,5.9288],[101.6477,5.9288],[101.6477,5.9288],[101.6477,5.9287],[101.6477,5.9287],[101.6477,5.9286],[101.6477,5.9286],[101.6477,5.9286],[101.6477,5.9285],[101.6476,5.9285],[101.6476,5.9285],[101.6475,5.9283],[101.6475,5.9283],[101.6474,5.9282],[101.6474,5.9282],[101.6474,5.9282],[101.6474,5.9281],[101.6474,5.9281],[101.6474,5.9281],[101.6474,5.928],[101.6475,5.928],[101.6475,5.928],[101.6475,5.928],[101.6475,5.928],[101.6475,5.928],[101.6476,5.928],[101.6476,5.9279],[101.6477,5.9279],[101.6478,5.9279],[101.6479,5.928],[101.6479,5.928],[101.648,5.928],[101.6481,5.9281],[101.6482,5.9281],[101.6482,5.9281],[101.6482,5.9282],[101.6483,5.9283],[101.6484,5.9283],[101.6484,5.9284],[101.6485,5.9285],[101.6485,5.9286],[101.6485,5.9287],[101.6485,5.9287],[101.6486,5.9289],[101.6486,5.9289],[101.6487,5.9289],[101.6487,5.929],[101.6487,5.929],[101.6488,5.929],[101.6488,5.929],[101.6488,5.9291],[101.6488,5.929],[101.6488,5.929],[101.6489,5.929],[101.6489,5.929],[101.6491,5.9289],[101.6491,5.9289],[101.6492,5.9288],[101.6493,5.9288],[101.6493,5.9288],[101.6494,5.9288],[101.6496,5.9288],[101.6496,5.9288],[101.6496,5.9287],[101.6497,5.9287],[101.6497,5.9288],[101.6498,5.9288],[101.6498,5.9288],[101.6498,5.9288],[101.6499,5.9288],[101.6499,5.9288],[101.6499,5.9288],[101.6499,5.9289],[101.6499,5.9289],[101.6499,5.9289],[101.6499,5.929],[101.6499,5.929],[101.6499,5.929],[101.6498,5.9292],[101.6498,5.9293],[101.6498,5.9293],[101.6498,5.9294],[101.6496,5.9296],[101.6495,5.9299],[101.6495,5.9299],[101.6495,5.9299],[101.6495,5.9301],[101.6495,5.9302],[101.6495,5.9303],[101.6495,5.9304],[101.6495,5.9305],[101.6495,5.9305],[101.6495,5.9307],[101.6495,5.9307],[101.6496,5.9309],[101.6496,5.931],[101.6496,5.9311],[101.6496,5.9312],[101.6497,5.9312],[101.6497,5.9314],[101.6497,5.9314],[101.6497,5.9315],[101.6497,5.9315],[101.6497,5.9315],[101.6498,5.9316],[101.6498,5.9316],[101.6499,5.9317],[101.65,5.9318],[101.6501,5.9319],[101.6501,5.932],[101.6501,5.932],[101.6501,5.932],[101.6501,5.932],[101.6501,5.932],[101.6501,5.9321],[101.6501,5.9321],[101.6501,5.9322],[101.65,5.9325],[101.65,5.9325],[101.65,5.9326],[101.6499,5.9327],[101.6498,5.9328],[101.6498,5.9329],[101.6498,5.9329],[101.6498,5.9329],[101.6498,5.9331],[101.6498,5.9333],[101.6498,5.9333],[101.6497,5.9333],[101.6497,5.9333],[101.6497,5.9335],[101.6496,5.9337],[101.6496,5.9338],[101.6495,5.9339],[101.6495,5.9339],[101.6495,5.9339],[101.6495,5.934],[101.6495,5.9341],[101.6496,5.9341],[101.6496,5.9342],[101.6496,5.9342],[101.6496,5.9343],[101.6496,5.9343],[101.6496,5.9343],[101.6496,5.9343],[101.6497,5.9343],[101.6498,5.9342],[101.65,5.9342],[101.65,5.9342],[101.6501,5.9342],[101.6501,5.9342],[101.6501,5.9342],[101.6501,5.9342],[101.6502,5.9342],[101.6502,5.9342],[101.6504,5.9343],[101.6506,5.9344],[101.6508,5.9345],[101.6508,5.9345],[101.6509,5.9345],[101.651,5.9346],[101.651,5.9346],[101.6511,5.9346],[101.6511,5.9346],[101.6511,5.9346],[101.6511,5.9346],[101.6511,5.9347],[101.6511,5.9347],[101.6511,5.9347],[101.6512,5.9348],[101.6512,5.9349],[101.6511,5.9349],[101.6511,5.935],[101.6511,5.935],[101.651,5.9352],[101.651,5.9352],[101.651,5.9353],[101.651,5.9354],[101.651,5.9354],[101.651,5.9356],[101.651,5.9356],[101.6511,5.9358],[101.6511,5.9358],[101.6511,5.9358],[101.6511,5.936],[101.6511,5.9362],[101.6511,5.9362],[101.6511,5.9363],[101.6511,5.9363],[101.6511,5.9364],[101.6511,5.9364],[101.6511,5.9364],[101.651,5.9364],[101.651,5.9364],[101.651,5.9364],[101.651,5.9365],[101.6509,5.9365],[101.6508,5.9365],[101.6508,5.9365],[101.6507,5.9365],[101.6505,5.9365],[101.6505,5.9365],[101.6503,5.9365],[101.6502,5.9365],[101.6501,5.9365],[101.65,5.9366],[101.65,5.9366],[101.6499,5.9366],[101.6498,5.9367],[101.6497,5.9367],[101.6496,5.9368],[101.6495,5.9369],[101.6495,5.9369],[101.6495,5.9369],[101.6495,5.9369],[101.6495,5.937],[101.6495,5.9371],[101.6495,5.9371],[101.6495,5.9372],[101.6495,5.9372],[101.6495,5.9372],[101.6495,5.9372],[101.6495,5.9373],[101.6496,5.9373],[101.6496,5.9374],[101.6496,5.9374],[101.6496,5.9374],[101.6497,5.9374],[101.6497,5.9374],[101.6498,5.9375],[101.6498,5.9375],[101.6498,5.9375],[101.6498,5.9375],[101.6499,5.9375],[101.6499,5.9375],[101.6499,5.9375],[101.6499,5.9375],[101.6499,5.9375],[101.65,5.9375],[101.6501,5.9375],[101.6502,5.9375],[101.6502,5.9375],[101.6502,5.9375],[101.6503,5.9375],[101.6503,5.9375],[101.6503,5.9375],[101.6503,5.9376],[101.6504,5.9376],[101.6504,5.9377],[101.6506,5.9379],[101.6506,5.9379],[101.6508,5.9382],[101.651,5.9384],[101.6513,5.9388],[101.6514,5.939],[101.6515,5.9391],[101.6515,5.9391],[101.6515,5.9391],[101.6515,5.9391],[101.6515,5.9391],[101.6515,5.9392],[101.6515,5.9392],[101.6514,5.9392],[101.6514,5.9392],[101.6514,5.9393],[101.6514,5.9393],[101.6514,5.9393],[101.6514,5.9393],[101.6513,5.9393],[101.6513,5.9393],[101.6513,5.9393],[101.6513,5.9393],[101.6512,5.9393],[101.6511,5.9392],[101.651,5.9392],[101.6509,5.9392],[101.6509,5.9392],[101.6508,5.9392],[101.6508,5.9392],[101.6507,5.9392],[101.6507,5.9392],[101.6507,5.9392],[101.6507,5.9392],[101.6506,5.9392],[101.6506,5.9392],[101.6506,5.9393],[101.6506,5.9393],[101.6506,5.9393],[101.6506,5.9394],[101.6506,5.9394],[101.6506,5.9395],[101.6506,5.9395],[101.6506,5.9396],[101.6506,5.9396],[101.6506,5.9396],[101.6506,5.9397],[101.6507,5.9398],[101.6507,5.9399],[101.6508,5.94],[101.6509,5.9401],[101.651,5.9402],[101.6512,5.9404],[101.6513,5.9405],[101.6513,5.9406],[101.6514,5.9406],[101.6515,5.9408],[101.6516,5.9409],[101.6518,5.9411],[101.6519,5.9412],[101.652,5.9413],[101.6521,5.9413],[101.6522,5.9414],[101.6522,5.9414],[101.6522,5.9415],[101.6522,5.9415],[101.6522,5.9415],[101.6522,5.9415],[101.6522,5.9416],[101.6522,5.9416],[101.6522,5.9416],[101.6522,5.9416],[101.6522,5.9416],[101.6521,5.9417],[101.6521,5.9417],[101.6521,5.9417],[101.6521,5.9417],[101.6519,5.9418],[101.6518,5.9418],[101.6518,5.9418],[101.6517,5.9418],[101.6516,5.9419],[101.6513,5.9421],[101.6513,5.9421],[101.6512,5.9422],[101.6512,5.9422],[101.651,5.9425],[101.6508,5.9427],[101.6506,5.9429],[101.6505,5.943],[101.6505,5.943],[101.6504,5.9431],[101.6503,5.9431],[101.65,5.9434],[101.65,5.9434],[101.6498,5.9436],[101.6496,5.9439],[101.6494,5.9442],[101.6492,5.9445],[101.6491,5.9446],[101.6491,5.9447],[101.649,5.9448],[101.649,5.9448],[101.649,5.9449],[101.6489,5.945],[101.6488,5.9452],[101.6487,5.9452],[101.6487,5.9453],[101.6486,5.9454],[101.6486,5.9455],[101.6486,5.9456],[101.6486,5.9456],[101.6485,5.9456],[101.6485,5.9457],[101.6485,5.9457],[101.6486,5.9458],[101.6486,5.9458],[101.6486,5.9459],[101.6486,5.9459],[101.6486,5.9459],[101.6486,5.946],[101.6487,5.946],[101.6487,5.946],[101.6487,5.9461],[101.6488,5.9461],[101.6488,5.9461],[101.6488,5.9461],[101.6488,5.9461],[101.6489,5.9461],[101.6489,5.9461],[101.649,5.946],[101.649,5.946],[101.6491,5.946],[101.6491,5.946],[101.6492,5.946],[101.6492,5.946],[101.6492,5.946],[101.6493,5.946],[101.6494,5.946],[101.6494,5.946],[101.6496,5.946],[101.6498,5.9459],[101.6498,5.9459],[101.6499,5.946],[101.6499,5.946],[101.65,5.946],[101.65,5.946],[101.6501,5.9461],[101.6501,5.9461],[101.6501,5.9461],[101.6501,5.9461],[101.6502,5.9462],[101.6502,5.9463],[101.6504,5.9466],[101.6504,5.9466],[101.6505,5.947],[101.6505,5.9473],[101.6505,5.9473],[101.6505,5.9474],[101.6505,5.9476],[101.6505,5.948],[101.6505,5.9481],[101.6505,5.9483],[101.6505,5.9484],[101.6505,5.9484],[101.6505,5.9485],[101.6505,5.9485],[101.6505,5.9485],[101.6506,5.9485],[101.6506,5.9485],[101.6506,5.9485],[101.6506,5.9486],[101.6507,5.9486],[101.6507,5.9486],[101.6507,5.9486],[101.6507,5.9486],[101.6508,5.9486],[101.6509,5.9486],[101.651,5.9486],[101.651,5.9485],[101.651,5.9485],[101.651,5.9485],[101.6511,5.9485],[101.6511,5.9484],[101.6511,5.9484],[101.6512,5.9483],[101.6513,5.9482],[101.6513,5.9482],[101.6514,5.9482],[101.6514,5.9482],[101.6514,5.9482],[101.6515,5.9482],[101.6515,5.9482],[101.6516,5.9483],[101.6516,5.9483],[101.6516,5.9483],[101.6516,5.9484],[101.6516,5.9484],[101.6516,5.9484],[101.6516,5.9484],[101.6516,5.9485],[101.6516,5.9486],[101.6516,5.9486],[101.6516,5.9487],[101.6516,5.9487],[101.6515,5.9489],[101.6515,5.9489],[101.6515,5.949],[101.6515,5.949],[101.6515,5.9491],[101.6515,5.9493],[101.6515,5.9493],[101.6516,5.9494],[101.6516,5.9495],[101.6516,5.9495],[101.6516,5.9496],[101.6516,5.9496],[101.6516,5.9497],[101.6516,5.9498],[101.6517,5.9498],[101.6517,5.9499],[101.6517,5.9499],[101.6518,5.9501],[101.6518,5.9501],[101.6518,5.9502],[101.652,5.9504],[101.652,5.9504],[101.652,5.9505],[101.652,5.9505],[101.652,5.9505],[101.652,5.9505],[101.652,5.9506],[101.652,5.9506],[101.6519,5.9507],[101.6519,5.9508],[101.6517,5.9511],[101.6516,5.9511],[101.6516,5.9512],[101.6516,5.9513],[101.6516,5.9514],[101.6516,5.9514],[101.6516,5.9515],[101.6516,5.9515],[101.6516,5.9516],[101.6516,5.9516],[101.6516,5.9516],[101.6517,5.9517],[101.6517,5.9517],[101.6517,5.9517],[101.6518,5.9517],[101.6518,5.9517],[101.6518,5.9517],[101.6519,5.9517],[101.6519,5.9517],[101.6519,5.9517],[101.652,5.9517],[101.652,5.9517],[101.652,5.9517],[101.6522,5.9516],[101.6522,5.9516],[101.6523,5.9515],[101.6523,5.9515],[101.6524,5.9515],[101.6524,5.9514],[101.6525,5.9514],[101.6526,5.9514],[101.6526,5.9514],[101.6526,5.9515],[101.6527,5.9515],[101.6527,5.9515],[101.6527,5.9515],[101.6527,5.9515],[101.6528,5.9516],[101.6528,5.9516],[101.6528,5.9517],[101.6528,5.9517],[101.6528,5.9518],[101.6528,5.9519],[101.6528,5.9519],[101.6528,5.952],[101.6528,5.952],[101.6528,5.952],[101.6528,5.9521],[101.6527,5.9521],[101.6527,5.9521],[101.6526,5.9522],[101.6525,5.9523],[101.6525,5.9524],[101.6524,5.9525],[101.6522,5.9527],[101.6521,5.9529],[101.6521,5.9529],[101.6521,5.953],[101.6521,5.953],[101.6521,5.953],[101.6521,5.9531],[101.652,5.9531],[101.652,5.9533],[101.652,5.9533],[101.652,5.9534],[101.6521,5.9536],[101.6521,5.9537],[101.6521,5.9537],[101.6521,5.9537],[101.6521,5.9537],[101.6521,5.9538],[101.6521,5.9538],[101.6521,5.9538],[101.6522,5.9539],[101.6522,5.954],[101.6523,5.9541],[101.6523,5.9542],[101.6524,5.9542],[101.6524,5.9543],[101.6524,5.9543],[101.6524,5.9544],[101.6524,5.9544],[101.6524,5.9545],[101.6524,5.9545],[101.6524,5.9546],[101.6524,5.9546],[101.6523,5.9547],[101.6523,5.9547],[101.6523,5.9547],[101.6522,5.9548],[101.6522,5.9548],[101.6521,5.9548],[101.652,5.9548],[101.652,5.9547],[101.6515,5.9546],[101.6513,5.9545],[101.6513,5.9545],[101.6512,5.9545],[101.6511,5.9544],[101.651,5.9544],[101.651,5.9544],[101.651,5.9544],[101.6509,5.9544],[101.6508,5.9544],[101.6508,5.9544],[101.6507,5.9544],[101.6507,5.9544],[101.6506,5.9545],[101.6506,5.9546],[101.6506,5.9546],[101.6505,5.9548],[101.6505,5.9549],[101.6505,5.955],[101.6505,5.955],[101.6505,5.9552],[101.6505,5.9552],[101.6505,5.9552],[101.6505,5.9553],[101.6506,5.9553],[101.6506,5.9554],[101.6506,5.9554],[101.6507,5.9554],[101.6507,5.9555],[101.6508,5.9556],[101.6508,5.9556],[101.6508,5.9556],[101.6508,5.9557],[101.6508,5.9557],[101.6508,5.9557],[101.6508,5.9558],[101.6508,5.9558],[101.6508,5.9558],[101.6508,5.9559],[101.6509,5.956],[101.6509,5.956],[101.6509,5.9561],[101.651,5.9562],[101.651,5.9562],[101.651,5.9563],[101.651,5.9563],[101.651,5.9563],[101.6511,5.9564],[101.6512,5.9564],[101.6512,5.9564],[101.6512,5.9564],[101.6515,5.9565],[101.6516,5.9565],[101.6517,5.9565],[101.6518,5.9565],[101.6518,5.9565],[101.6518,5.9565],[101.6519,5.9566],[101.6519,5.9566],[101.652,5.9566],[101.6521,5.9566],[101.6523,5.9566],[101.6524,5.9566],[101.6525,5.9567],[101.6525,5.9567],[101.6525,5.9567],[101.6526,5.9567],[101.6527,5.9567],[101.6527,5.9568],[101.6527,5.9568],[101.6528,5.9568],[101.6528,5.9568],[101.6529,5.9568],[101.6533,5.9568],[101.6533,5.9568],[101.6537,5.9567],[101.6537,5.9567],[101.6538,5.9567],[101.6538,5.9568],[101.6539,5.9568],[101.6539,5.9568],[101.6539,5.9568],[101.654,5.9568],[101.654,5.9568],[101.654,5.9568],[101.654,5.9569],[101.654,5.9569],[101.654,5.9569],[101.654,5.957],[101.654,5.9571],[101.6539,5.9572],[101.6539,5.9572],[101.6539,5.9573],[101.6539,5.9575],[101.6539,5.9576],[101.6539,5.9577],[101.6539,5.9577],[101.6539,5.9577],[101.6539,5.9577],[101.654,5.9577],[101.654,5.9577],[101.654,5.9577],[101.6541,5.9577],[101.6541,5.9577],[101.6541,5.9577],[101.6542,5.9576],[101.6543,5.9575],[101.6545,5.9572],[101.6546,5.9571],[101.6546,5.9571],[101.6546,5.9571],[101.6547,5.9571],[101.6547,5.9571],[101.6547,5.9571],[101.6547,5.9571],[101.6548,5.9571],[101.6548,5.9571],[101.655,5.9572],[101.655,5.9572],[101.655,5.9572],[101.6551,5.9572],[101.6551,5.9572],[101.6551,5.9572],[101.6551,5.9572],[101.6552,5.9571],[101.6553,5.9571],[101.6553,5.957],[101.6553,5.957],[101.6557,5.9567],[101.6558,5.9566],[101.6558,5.9566],[101.6559,5.9566],[101.6559,5.9565],[101.6559,5.9565],[101.656,5.9565],[101.656,5.9565],[101.656,5.9565],[101.656,5.9566],[101.6561,5.9566],[101.6561,5.9566],[101.6561,5.9567],[101.6561,5.9567],[101.6562,5.9567],[101.6562,5.9568],[101.6562,5.9568],[101.6562,5.9568],[101.6562,5.9569],[101.6562,5.957],[101.6561,5.9571],[101.6561,5.9572],[101.6561,5.9574],[101.6561,5.9575],[101.6562,5.9575],[101.6562,5.9575],[101.6562,5.9577],[101.6562,5.9577],[101.6563,5.9577],[101.6563,5.9578],[101.6563,5.9579],[101.6564,5.9579],[101.6564,5.958],[101.6564,5.958],[101.6565,5.958],[101.6565,5.9581],[101.6566,5.9581],[101.6567,5.9582],[101.6568,5.9582],[101.657,5.9583],[101.657,5.9583],[101.6571,5.9583],[101.6572,5.9583],[101.6572,5.9583],[101.6573,5.9583],[101.6573,5.9583],[101.6573,5.9584],[101.6573,5.9584],[101.6574,5.9585],[101.6575,5.9585],[101.6575,5.9586],[101.6576,5.9586],[101.6576,5.9587],[101.6577,5.9588],[101.6577,5.9589],[101.6577,5.9591],[101.6578,5.9592],[101.6578,5.9592],[101.6578,5.9593],[101.6577,5.9594],[101.6577,5.9595],[101.6577,5.9595],[101.6577,5.9596],[101.6577,5.9596],[101.6576,5.9596],[101.6576,5.9596],[101.6576,5.9596],[101.6576,5.9597],[101.6575,5.9597],[101.6575,5.9596],[101.6575,5.9596],[101.6574,5.9596],[101.6573,5.9595],[101.6572,5.9595],[101.6572,5.9595],[101.6572,5.9595],[101.6571,5.9595],[101.6571,5.9595],[101.657,5.9595],[101.657,5.9595],[101.657,5.9595],[101.6569,5.9595],[101.6569,5.9595],[101.6569,5.9595],[101.6568,5.9596],[101.6568,5.9596],[101.6567,5.9597],[101.6567,5.9597],[101.6566,5.9599],[101.6566,5.9599],[101.6566,5.9599],[101.6565,5.96],[101.6565,5.96],[101.6562,5.9601],[101.6561,5.9602],[101.6559,5.9604],[101.6558,5.9605],[101.6558,5.9605],[101.6558,5.9606],[101.6557,5.9606],[101.6557,5.9607],[101.6557,5.9607],[101.6557,5.9608],[101.6557,5.9609],[101.6557,5.9609],[101.6557,5.9609],[101.6557,5.961],[101.6557,5.961],[101.6558,5.961],[101.6558,5.961],[101.6558,5.961],[101.6559,5.961],[101.6559,5.9611],[101.656,5.9611],[101.6562,5.9611],[101.6563,5.9611],[101.6565,5.9611],[101.6566,5.9611],[101.6567,5.9612],[101.6567,5.9612],[101.6568,5.9612],[101.6568,5.9611],[101.6569,5.9611],[101.6571,5.961],[101.6571,5.961],[101.6573,5.961],[101.6573,5.961],[101.6573,5.9609],[101.6574,5.9609],[101.6574,5.9609],[101.6575,5.9609],[101.6576,5.961],[101.6578,5.961],[101.6578,5.961],[101.6579,5.961],[101.6579,5.961],[101.6579,5.961],[101.658,5.961],[101.658,5.961],[101.658,5.9609],[101.6581,5.9609],[101.6581,5.9608],[101.6581,5.9608],[101.6581,5.9608],[101.6582,5.9606],[101.6583,5.9605],[101.6583,5.9605],[101.6583,5.9605],[101.6584,5.9604],[101.6584,5.9604],[101.6585,5.9604],[101.6585,5.9603],[101.6585,5.9603],[101.6586,5.9603],[101.6587,5.9603],[101.6587,5.9603],[101.6588,5.9603],[101.6589,5.9603],[101.659,5.9603],[101.659,5.9604],[101.6593,5.9606],[101.6594,5.9607],[101.6594,5.9607],[101.6595,5.9608],[101.6595,5.9608],[101.6596,5.9608],[101.6596,5.9609],[101.6597,5.9611],[101.6598,5.9612],[101.66,5.9615],[101.6601,5.9616],[101.6602,5.9618],[101.6602,5.9619],[101.6602,5.9619],[101.6603,5.9621],[101.6603,5.9622],[101.6603,5.9622],[101.6603,5.9622],[101.6604,5.9623],[101.6604,5.9626],[101.6604,5.9627],[101.6604,5.9627],[101.6604,5.9627],[101.6604,5.963],[101.6603,5.9634],[101.6603,5.9634],[101.6603,5.9635],[101.6603,5.9635],[101.6603,5.9635],[101.6603,5.9635],[101.6603,5.9636],[101.6603,5.9637],[101.6604,5.9637],[101.6604,5.9638],[101.6604,5.9638],[101.6604,5.9638],[101.6605,5.9638],[101.6605,5.9638],[101.6605,5.9638],[101.6605,5.9638],[101.6606,5.9638],[101.6606,5.9638],[101.6606,5.9638],[101.6606,5.9638],[101.6607,5.9638],[101.6609,5.9636],[101.661,5.9636],[101.661,5.9636],[101.6611,5.9636],[101.6611,5.9636],[101.6611,5.9636],[101.6613,5.9636],[101.6613,5.9636],[101.6614,5.9636],[101.6614,5.9636],[101.6614,5.9635],[101.6614,5.9635],[101.6614,5.9635],[101.6614,5.9635],[101.6615,5.9635],[101.6615,5.9634],[101.6616,5.9634],[101.6616,5.9634],[101.6616,5.9634],[101.6616,5.9634],[101.6617,5.9634],[101.6617,5.9634],[101.6617,5.9635],[101.6617,5.9635],[101.6617,5.9635],[101.6617,5.9635],[101.6617,5.9636],[101.6617,5.9636],[101.6617,5.9637],[101.6617,5.9639],[101.6617,5.964],[101.6616,5.9642],[101.6616,5.9643],[101.6616,5.9643],[101.6616,5.9643],[101.6616,5.9643],[101.6616,5.9643],[101.6615,5.9643],[101.6615,5.9643],[101.6615,5.9643],[101.6614,5.9643],[101.6613,5.9643],[101.6613,5.9643],[101.6613,5.9643],[101.6613,5.9643],[101.6613,5.9643],[101.6613,5.9644],[101.6612,5.9644],[101.6612,5.9644],[101.6612,5.9644],[101.6613,5.9645],[101.6613,5.9645],[101.6613,5.9646],[101.6614,5.9647],[101.6614,5.9648],[101.6614,5.9648],[101.6614,5.9648],[101.6614,5.9649],[101.6614,5.965],[101.6614,5.9651],[101.6614,5.9652],[101.6614,5.9652],[101.6614,5.9652],[101.6614,5.9653],[101.6614,5.9653],[101.6613,5.9654],[101.6613,5.9654],[101.6613,5.9654],[101.6613,5.9655],[101.6613,5.9655],[101.6612,5.9655],[101.6612,5.9655],[101.6612,5.9655],[101.6612,5.9654],[101.6611,5.9654],[101.661,5.9653],[101.661,5.9653],[101.661,5.9653],[101.661,5.9652],[101.6606,5.9652],[101.6606,5.9652],[101.6606,5.9652],[101.6606,5.9652],[101.6605,5.9652],[101.6605,5.9652],[101.6604,5.9653],[101.6604,5.9653],[101.6603,5.9653],[101.6602,5.9654],[101.6602,5.9654],[101.6602,5.9655],[101.6602,5.9655],[101.6602,5.9655],[101.6602,5.9656],[101.6602,5.9659],[101.6602,5.9663],[101.6602,5.9665],[101.6602,5.9666],[101.6602,5.9666],[101.6602,5.9667],[101.6603,5.9668],[101.6603,5.9669],[101.6603,5.9669],[101.6603,5.9669],[101.6603,5.9671],[101.6603,5.9672],[101.6603,5.9673],[101.6603,5.9673],[101.6603,5.9673],[101.6603,5.9673],[101.6603,5.9673],[101.6604,5.9673],[101.6604,5.9673],[101.6604,5.9673],[101.6604,5.9673],[101.6605,5.9673],[101.6606,5.9672],[101.6606,5.9672],[101.6606,5.9672],[101.6606,5.9672],[101.6606,5.9672],[101.6606,5.9672],[101.6607,5.9672],[101.6607,5.9672],[101.6607,5.9672],[101.6607,5.9672],[101.6607,5.9673],[101.6607,5.9674],[101.6608,5.9674],[101.6608,5.9674],[101.6608,5.9674],[101.6608,5.9674],[101.6608,5.9674],[101.6609,5.9674],[101.6609,5.9674],[101.6609,5.9674],[101.6609,5.9674],[101.6609,5.9674],[101.661,5.9673],[101.661,5.9673],[101.6611,5.9671],[101.6611,5.967],[101.6612,5.967],[101.6612,5.967],[101.6613,5.9669],[101.6613,5.9669],[101.6613,5.9669],[101.6613,5.9669],[101.6614,5.9669],[101.6614,5.9669],[101.6614,5.967],[101.6615,5.967],[101.6615,5.967],[101.6615,5.9671],[101.6615,5.9672],[101.6616,5.9672],[101.6617,5.9673],[101.6617,5.9673],[101.6617,5.9674],[101.6617,5.9674],[101.6618,5.9674],[101.6618,5.9674],[101.6618,5.9674],[101.6619,5.9674],[101.6619,5.9674],[101.6619,5.9674],[101.662,5.9674],[101.662,5.9674],[101.662,5.9674],[101.662,5.9673],[101.6621,5.9672],[101.6622,5.9672],[101.6622,5.9671],[101.6623,5.9671],[101.6623,5.967],[101.6623,5.967],[101.6624,5.967],[101.6624,5.967],[101.6624,5.967],[101.6624,5.967],[101.6625,5.967],[101.6625,5.967],[101.6626,5.9671],[101.6627,5.9671],[101.6629,5.9673],[101.663,5.9673],[101.663,5.9673],[101.663,5.9673],[101.663,5.9673],[101.6631,5.9673],[101.6633,5.9673],[101.6635,5.9673],[101.6635,5.9673],[101.6636,5.9673],[101.6636,5.9673],[101.6636,5.9673],[101.6637,5.9673],[101.6637,5.9673],[101.6637,5.9674],[101.6637,5.9674],[101.6637,5.9674],[101.6638,5.9675],[101.6638,5.9677],[101.6638,5.9678],[101.6638,5.9678],[101.6638,5.9681],[101.6639,5.9685],[101.664,5.9687],[101.664,5.9688],[101.664,5.9688],[101.664,5.9689],[101.664,5.9689],[101.6641,5.969],[101.6641,5.969],[101.6641,5.969],[101.6642,5.969],[101.6642,5.9691],[101.6642,5.9691],[101.6642,5.9691],[101.6643,5.9691],[101.6643,5.9691],[101.6643,5.9691],[101.6644,5.9691],[101.6645,5.9691],[101.6645,5.9691],[101.6646,5.9691],[101.6647,5.9691],[101.6647,5.9692],[101.6647,5.9692],[101.6647,5.9692],[101.6648,5.9692],[101.6648,5.9693],[101.6648,5.9693],[101.6649,5.9694],[101.6649,5.9694],[101.6649,5.9696],[101.6649,5.9696],[101.665,5.9696],[101.665,5.9696],[101.665,5.9696],[101.665,5.9697],[101.6651,5.9697],[101.6651,5.9697],[101.6651,5.9697],[101.6652,5.9697],[101.6652,5.9697],[101.6652,5.9697],[101.6652,5.9696],[101.6652,5.9696],[101.6653,5.9696],[101.6653,5.9696],[101.6653,5.9695],[101.6653,5.9695],[101.6653,5.9694],[101.6654,5.9693],[101.6654,5.9692],[101.6655,5.969],[101.6655,5.969],[101.6655,5.969],[101.6655,5.969],[101.6656,5.969],[101.6656,5.969],[101.6657,5.969],[101.6657,5.969],[101.6658,5.969],[101.6658,5.969],[101.6659,5.969],[101.6659,5.969],[101.6659,5.969],[101.666,5.9691],[101.6662,5.9694],[101.6663,5.9697],[101.6664,5.9697],[101.6664,5.9697],[101.6664,5.9698],[101.6664,5.9699],[101.6664,5.9699],[101.6665,5.97],[101.6665,5.9702],[101.6666,5.9705],[101.6666,5.9705],[101.6666,5.9706],[101.6667,5.9707],[101.6667,5.9707],[101.6668,5.9708],[101.6668,5.9708],[101.6668,5.9708],[101.6669,5.9709],[101.6669,5.9709],[101.6669,5.9709],[101.6671,5.9709],[101.6671,5.971],[101.6674,5.971],[101.6675,5.971],[101.6676,5.9711],[101.6676,5.9711],[101.6676,5.9711],[101.6677,5.9711],[101.6677,5.9711],[101.6677,5.9711],[101.6677,5.9711],[101.6677,5.9712],[101.6678,5.9712],[101.6678,5.9712],[101.6678,5.9713],[101.6678,5.9713],[101.6678,5.9713],[101.6678,5.9714],[101.6677,5.9715],[101.6677,5.9716],[101.6677,5.9716],[101.6677,5.9717],[101.6676,5.9718],[101.6676,5.9719],[101.6674,5.972],[101.6674,5.9722],[101.6673,5.9722],[101.6673,5.9722],[101.6673,5.9722],[101.6673,5.9722],[101.6673,5.9723],[101.6673,5.9723],[101.6673,5.9723],[101.6673,5.9724],[101.6673,5.9724],[101.6673,5.9724],[101.6674,5.9724],[101.6674,5.9724],[101.6674,5.9724],[101.6675,5.9725],[101.6675,5.9725],[101.6675,5.9725],[101.6675,5.9725],[101.6675,5.9725],[101.6676,5.9725],[101.6676,5.9725],[101.6677,5.9725],[101.668,5.9725],[101.668,5.9725],[101.6682,5.9725],[101.6683,5.9726],[101.6684,5.9726],[101.6685,5.9727],[101.6685,5.9727],[101.6685,5.9727],[101.6686,5.9727],[101.6686,5.9728],[101.6686,5.9728],[101.6687,5.9729],[101.6687,5.973],[101.6687,5.973],[101.6687,5.973],[101.6688,5.973],[101.6688,5.9731],[101.6688,5.9731],[101.6688,5.9731],[101.6688,5.9732],[101.6688,5.9732],[101.6688,5.9732],[101.6686,5.9734],[101.6686,5.9735],[101.6685,5.9735],[101.6684,5.9736],[101.6682,5.9738],[101.6681,5.9738],[101.6681,5.974],[101.668,5.9741],[101.6679,5.9743],[101.6679,5.9743],[101.6679,5.9744],[101.6679,5.9745],[101.6679,5.9746],[101.6679,5.9746],[101.6679,5.9746],[101.668,5.9747],[101.6681,5.9748],[101.6683,5.9749],[101.6685,5.9751],[101.6689,5.9754],[101.6692,5.9756],[101.6693,5.9756],[101.6693,5.9757],[101.6693,5.9757],[101.6694,5.9758],[101.6694,5.9758],[101.6695,5.9759],[101.6695,5.9759],[101.6695,5.976],[101.6695,5.976],[101.6695,5.976],[101.6695,5.976],[101.6695,5.976],[101.6695,5.9761],[101.6695,5.9761],[101.6696,5.9763],[101.6696,5.9763],[101.6696,5.9765],[101.6695,5.9767],[101.6696,5.9769],[101.6696,5.9769],[101.6696,5.9769],[101.6696,5.977],[101.6696,5.977],[101.6696,5.9771],[101.6697,5.9772],[101.6697,5.9772],[101.6697,5.9773],[101.6697,5.9773],[101.6698,5.9773],[101.6698,5.9773],[101.6698,5.9773],[101.6698,5.9774],[101.6699,5.9774],[101.6699,5.9774],[101.6699,5.9774],[101.67,5.9774],[101.67,5.9774],[101.67,5.9774],[101.6701,5.9774],[101.6701,5.9773],[101.6701,5.9773],[101.6702,5.9773],[101.6702,5.9773],[101.6703,5.9773],[101.6703,5.9772],[101.6703,5.9772],[101.6703,5.9772],[101.6703,5.9771],[101.6704,5.9771],[101.6704,5.9771],[101.6704,5.9769],[101.6704,5.9769],[101.6704,5.9768],[101.6704,5.9768],[101.6704,5.9768],[101.6704,5.9767],[101.6705,5.9767],[101.6705,5.9766],[101.6705,5.9766],[101.6705,5.9765],[101.6706,5.9765],[101.6707,5.9764],[101.6707,5.9763],[101.6707,5.9762],[101.6707,5.9762],[101.6708,5.976],[101.6708,5.976],[101.6708,5.976],[101.6709,5.976],[101.671,5.9759],[101.671,5.9759],[101.671,5.9759],[101.6711,5.9759],[101.6711,5.9759],[101.6712,5.9759],[101.6713,5.9759],[101.6713,5.9759],[101.6713,5.9759],[101.6714,5.9759],[101.6714,5.9759],[101.6714,5.9759],[101.6714,5.976],[101.6714,5.976],[101.6715,5.976],[101.6715,5.976],[101.6715,5.9761],[101.6715,5.9761],[101.6715,5.9761],[101.6715,5.9761],[101.6715,5.9762],[101.6715,5.9762],[101.6717,5.9763],[101.6718,5.9763],[101.6719,5.9764],[101.672,5.9764],[101.672,5.9764],[101.672,5.9764],[101.6721,5.9764],[101.6721,5.9764],[101.6721,5.9764],[101.6725,5.9764],[101.6725,5.9764],[101.6726,5.9764],[101.6726,5.9764],[101.6727,5.9764],[101.6727,5.9764],[101.6727,5.9765],[101.6727,5.9765],[101.6729,5.9767],[101.6729,5.9767],[101.673,5.9768],[101.6732,5.9769],[101.6732,5.9769],[101.6732,5.9769],[101.6732,5.9769],[101.6733,5.9769],[101.6733,5.9769],[101.6733,5.977],[101.6734,5.977],[101.6735,5.977],[101.6736,5.9769],[101.6737,5.9769],[101.6738,5.9769],[101.6739,5.9769],[101.674,5.9769],[101.674,5.9769],[101.6742,5.9769],[101.6742,5.9769],[101.6742,5.977],[101.6743,5.977],[101.6743,5.977],[101.6743,5.977],[101.6743,5.977],[101.6744,5.9771],[101.6744,5.9771],[101.6744,5.9772],[101.6744,5.9772],[101.6744,5.9773],[101.6743,5.9773],[101.6743,5.9774],[101.6743,5.9775],[101.6743,5.9776],[101.6742,5.9777],[101.6741,5.978],[101.674,5.9781],[101.6739,5.9784],[101.6737,5.9787],[101.6737,5.9788],[101.6737,5.9788],[101.6736,5.9788],[101.6736,5.9788],[101.6736,5.9789],[101.6736,5.9789],[101.6735,5.9789],[101.6735,5.9789],[101.6734,5.9789],[101.6734,5.9789],[101.6732,5.9789],[101.6731,5.979],[101.6731,5.979],[101.6731,5.979],[101.673,5.979],[101.673,5.9791],[101.6729,5.9791],[101.6729,5.9792],[101.6728,5.9793],[101.6728,5.9794],[101.6728,5.9794],[101.6728,5.9794],[101.6727,5.9797],[101.6727,5.9797],[101.6727,5.9798],[101.6727,5.9798],[101.6727,5.98],[101.6727,5.9806],[101.6727,5.9808],[101.6727,5.9809],[101.6727,5.9811],[101.6727,5.9812],[101.6726,5.9813],[101.6726,5.9816],[101.6727,5.9818],[101.6727,5.9819],[101.6727,5.9819],[101.6727,5.982],[101.6727,5.9821],[101.6727,5.9821],[101.6728,5.9823],[101.6728,5.9823],[101.6728,5.9824],[101.6729,5.9825],[101.6729,5.9826],[101.6729,5.9826],[101.6729,5.9827],[101.6732,5.9832],[101.6733,5.9834],[101.6733,5.9835],[101.6733,5.9835],[101.6733,5.9836],[101.6734,5.9837],[101.6734,5.9838],[101.6734,5.9839],[101.6734,5.9839],[101.6734,5.984],[101.6734,5.984],[101.6734,5.984],[101.6734,5.9841],[101.6733,5.9842],[101.6733,5.9843],[101.6732,5.9843],[101.6731,5.9845],[101.673,5.9846],[101.673,5.9847],[101.673,5.9847],[101.673,5.9848],[101.673,5.9848],[101.673,5.9849],[101.673,5.985],[101.673,5.9851],[101.673,5.9851],[101.673,5.9851],[101.6731,5.9854],[101.6732,5.9855],[101.6732,5.9856],[101.6732,5.9856],[101.6732,5.9856],[101.6732,5.9858],[101.6732,5.986],[101.6732,5.9862],[101.6732,5.9864],[101.6732,5.9864],[101.6732,5.9865],[101.6732,5.9865],[101.6732,5.9866],[101.6732,5.9866],[101.6732,5.9866],[101.6733,5.9867],[101.6733,5.9867],[101.6733,5.9868],[101.6733,5.9868],[101.6734,5.9868],[101.6734,5.9868],[101.6734,5.9868],[101.6735,5.9868],[101.6737,5.9868],[101.6737,5.9868],[101.6738,5.9868],[101.6738,5.9868],[101.6738,5.9868],[101.6739,5.9868],[101.6739,5.9868],[101.6741,5.9869],[101.6744,5.987],[101.6744,5.987],[101.6745,5.987],[101.6745,5.9871],[101.6745,5.9871],[101.6747,5.9872],[101.6749,5.9874],[101.675,5.9875],[101.675,5.9875],[101.6752,5.9877],[101.6752,5.9877],[101.6752,5.9877],[101.6752,5.9878],[101.6754,5.988],[101.6755,5.9885],[101.6756,5.9886],[101.6757,5.9889],[101.6757,5.989],[101.6757,5.989],[101.6757,5.9891],[101.6757,5.9891],[101.6757,5.9892],[101.6757,5.9892],[101.6757,5.9893],[101.6756,5.9896],[101.6756,5.9902],[101.6755,5.9905],[101.6754,5.9909],[101.6754,5.9911],[101.6754,5.9911],[101.6754,5.9911],[101.6753,5.9912],[101.6753,5.9912],[101.6753,5.9913],[101.6752,5.9914],[101.6752,5.9915],[101.6751,5.9916],[101.6751,5.9917],[101.6751,5.9917],[101.6751,5.9918],[101.6751,5.9919],[101.6751,5.992],[101.6751,5.992],[101.6751,5.992],[101.6751,5.9921],[101.6751,5.9921],[101.6752,5.9921],[101.6752,5.9921],[101.6752,5.9921],[101.6752,5.9922],[101.6753,5.9922],[101.6753,5.9922],[101.6754,5.9922],[101.6757,5.9922],[101.6757,5.9922],[101.6762,5.9921],[101.6764,5.9921],[101.6767,5.992],[101.6769,5.992],[101.677,5.992],[101.6772,5.992],[101.6772,5.992],[101.6772,5.992],[101.6773,5.992],[101.6773,5.992],[101.6774,5.9921],[101.6774,5.9921],[101.6774,5.9921],[101.6774,5.9921],[101.6774,5.9921],[101.6774,5.9922],[101.6774,5.9922],[101.6775,5.9922],[101.6775,5.9923],[101.6774,5.9923],[101.6774,5.9924],[101.6774,5.9925],[101.6773,5.9928],[101.6773,5.993],[101.6773,5.993],[101.6773,5.9932],[101.6773,5.9932],[101.6773,5.9933],[101.6773,5.9933],[101.6773,5.9933],[101.6773,5.9934],[101.6773,5.9934],[101.6773,5.9934],[101.6774,5.9934],[101.6774,5.9934],[101.6774,5.9935],[101.6774,5.9935],[101.6774,5.9935],[101.6775,5.9935],[101.6775,5.9935],[101.6775,5.9935],[101.6776,5.9935],[101.6776,5.9935],[101.6776,5.9935],[101.6777,5.9935],[101.6777,5.9935],[101.6778,5.9935],[101.6778,5.9935],[101.6778,5.9935],[101.6779,5.9935],[101.6779,5.9935],[101.678,5.9934],[101.6781,5.9934],[101.6781,5.9934],[101.6783,5.9933],[101.6785,5.9933],[101.6787,5.9933],[101.6788,5.9933],[101.6788,5.9933],[101.6788,5.9933],[101.6789,5.9933],[101.679,5.9933],[101.679,5.9933],[101.679,5.9933],[101.679,5.9933],[101.6791,5.9933],[101.6791,5.9933],[101.6791,5.9933],[101.6791,5.9933],[101.6792,5.9934],[101.6792,5.9934],[101.6792,5.9934],[101.6792,5.9935],[101.6792,5.9935],[101.6793,5.9936],[101.6793,5.9937],[101.6793,5.9937],[101.6793,5.9937],[101.6793,5.9938],[101.6793,5.9938],[101.6793,5.9938],[101.6793,5.9938],[101.6793,5.9939],[101.6793,5.9939],[101.6793,5.9939],[101.6793,5.994],[101.6792,5.9941],[101.6792,5.9941],[101.6792,5.9941],[101.6791,5.9942],[101.6791,5.9942],[101.679,5.9942],[101.679,5.9942],[101.6789,5.9943],[101.6789,5.9943],[101.6788,5.9944],[101.6788,5.9944],[101.6788,5.9944],[101.6788,5.9945],[101.6788,5.9945],[101.6788,5.9946],[101.6787,5.9946],[101.6787,5.9946],[101.6787,5.9946],[101.6787,5.9947],[101.6787,5.9948],[101.6787,5.995],[101.6787,5.9953],[101.6788,5.9954],[101.6788,5.9954],[101.6788,5.9954],[101.6788,5.9955],[101.6788,5.9955],[101.6788,5.9955],[101.6789,5.9955],[101.6789,5.9955],[101.6789,5.9955],[101.679,5.9955],[101.6792,5.9956],[101.6792,5.9956],[101.6792,5.9955],[101.6793,5.9955],[101.6793,5.9955],[101.6793,5.9955],[101.6795,5.9954],[101.6798,5.9952],[101.6799,5.9952],[101.6801,5.9951],[101.6802,5.9951],[101.6803,5.9951],[101.6804,5.9951],[101.6805,5.9951],[101.6805,5.995],[101.6805,5.9951],[101.6805,5.9951],[101.6806,5.9951],[101.6806,5.9951],[101.6807,5.9951],[101.6807,5.9951],[101.6808,5.9951],[101.6808,5.9951],[101.6808,5.9952],[101.6808,5.9952],[101.6809,5.9952],[101.6809,5.9952],[101.6809,5.9953],[101.6809,5.9953],[101.6809,5.9954],[101.6809,5.9954],[101.6809,5.9955],[101.6809,5.9956],[101.6809,5.9957],[101.6808,5.9958],[101.6808,5.9958],[101.6808,5.9959],[101.6807,5.996],[101.6807,5.9961],[101.6807,5.9961],[101.6806,5.9962],[101.6806,5.9962],[101.6805,5.9964],[101.6805,5.9965],[101.6805,5.9965],[101.6805,5.9965],[101.6804,5.9967],[101.6804,5.9967],[101.6802,5.9969],[101.6802,5.9969],[101.6801,5.9972],[101.68,5.9972],[101.68,5.9973],[101.68,5.9974],[101.6799,5.9974],[101.6799,5.9974],[101.6799,5.9974],[101.6799,5.9974],[101.68,5.9975],[101.6802,5.998],[101.6806,5.9989],[101.6823,5.9987],[101.6839,5.9985],[101.6857,5.9988],[101.691,6.0023],[101.6912,6.0039],[101.6908,6.0053],[101.6902,6.0068],[101.6917,6.0079],[101.6932,6.008],[101.6947,6.0086],[101.6956,6.0107],[101.696,6.0126],[101.6967,6.0147],[101.6965,6.0169],[101.6962,6.0186],[101.696,6.0204],[101.6964,6.0219],[101.6971,6.0234],[101.6979,6.0252],[101.6991,6.0263],[101.7002,6.028],[101.7005,6.03],[101.7008,6.0314],[101.7022,6.0328],[101.7038,6.0335],[101.7052,6.0352],[101.7066,6.0365],[101.7082,6.0375],[101.7095,6.0392],[101.7106,6.0409],[101.7114,6.0426],[101.7126,6.0443],[101.7135,6.0458],[101.7139,6.0477],[101.7135,6.0492],[101.7129,6.051],[101.7117,6.0523],[101.7117,6.0541],[101.7118,6.0561],[101.7113,6.0581],[101.7105,6.0594],[101.7106,6.0614],[101.7104,6.063],[101.7102,6.0646],[101.7103,6.0661],[101.7121,6.0668],[101.7136,6.0664],[101.7155,6.0664],[101.7172,6.0667],[101.7188,6.067],[101.7194,6.0686],[101.7192,6.0704],[101.7199,6.0719],[101.7215,6.0723],[101.724,6.0723],[101.7256,6.0722],[101.727,6.0712],[101.7287,6.0711],[101.7307,6.0719],[101.7326,6.0721],[101.734,6.0729],[101.7353,6.0744],[101.7358,6.076],[101.7357,6.0781],[101.7352,6.0796],[101.7346,6.0818],[101.7344,6.0833],[101.7347,6.0849],[101.7359,6.0861],[101.7365,6.086],[101.7377,6.0858],[101.7387,6.0847],[101.7405,6.0841],[101.742,6.0842],[101.7437,6.0844],[101.7453,6.0837],[101.7474,6.0811],[101.7481,6.0796],[101.7493,6.0786],[101.7514,6.0792],[101.7531,6.0798],[101.7551,6.0804],[101.7574,6.0804],[101.7593,6.08],[101.761,6.0794],[101.7627,6.0786],[101.7647,6.0786],[101.7663,6.0789],[101.7681,6.0789],[101.7699,6.078],[101.7717,6.0768],[101.7734,6.0768],[101.7749,6.0774],[101.7763,6.0782],[101.7775,6.0792],[101.7787,6.0808],[101.7799,6.082],[101.7812,6.0828],[101.7828,6.0844],[101.7841,6.0855],[101.7852,6.0864],[101.7858,6.0863],[101.7874,6.0863],[101.7889,6.0866],[101.7903,6.0866],[101.7918,6.0863],[101.7932,6.0868],[101.7945,6.0879],[101.7953,6.0885],[101.7958,6.0889],[101.7968,6.0893],[101.7971,6.0892],[101.7976,6.0889],[101.7983,6.0883],[101.7993,6.0875],[101.7998,6.0885],[101.801,6.0902],[101.8026,6.0919],[101.8039,6.0929],[101.8047,6.0939],[101.8054,6.095],[101.8058,6.0961],[101.8068,6.097],[101.8083,6.0984],[101.8076,6.0998],[101.8066,6.104],[101.8056,6.1081],[101.8055,6.1097],[101.8058,6.1104],[101.8059,6.1108],[101.8058,6.1112],[101.8056,6.1118],[101.8045,6.1137],[101.8046,6.1148],[101.8045,6.1163],[101.805,6.1179],[101.8055,6.1192],[101.8053,6.1198],[101.8051,6.1207],[101.8047,6.1224],[101.8051,6.1241],[101.8032,6.1258],[101.8022,6.1284],[101.8019,6.1297],[101.8,6.1309],[101.7982,6.1312],[101.7967,6.1318],[101.795,6.1322],[101.7935,6.1328],[101.792,6.1322],[101.7909,6.1311],[101.7895,6.1304],[101.7878,6.1296],[101.7856,6.1284],[101.7839,6.1287],[101.7827,6.1303],[101.7819,6.1317],[101.7805,6.1329],[101.7789,6.1322],[101.778,6.1308],[101.7768,6.1293],[101.7758,6.1278],[101.7749,6.1265],[101.7741,6.1249],[101.7727,6.1233],[101.7707,6.1238],[101.7689,6.1244],[101.7675,6.1238],[101.7664,6.1227],[101.7649,6.1221],[101.7628,6.1221],[101.7613,6.1228],[101.7595,6.1231],[101.7597,6.1215],[101.7599,6.1198],[101.7602,6.1181],[101.7588,6.1171],[101.7572,6.1164],[101.7555,6.1157],[101.7534,6.1155],[101.7519,6.116],[101.7502,6.1167],[101.7486,6.1176],[101.7476,6.1189],[101.7471,6.1204],[101.7469,6.1219],[101.7466,6.1243],[101.746,6.1259],[101.7446,6.1264],[101.7448,6.1279],[101.7442,6.1294],[101.7436,6.1308],[101.7436,6.1323],[101.7421,6.1328],[101.7419,6.1345],[101.7405,6.135],[101.7396,6.1363],[101.7381,6.1361],[101.7372,6.1377],[101.7358,6.1385],[101.7343,6.1385],[101.7331,6.1395],[101.7332,6.1425],[101.7318,6.1432],[101.7305,6.1441],[101.7298,6.1458],[101.7299,6.147],[101.7299,6.1477],[101.7299,6.1477],[101.7299,6.1479],[101.73,6.1479],[101.73,6.148],[101.73,6.148],[101.7301,6.1481],[101.7301,6.1481],[101.7304,6.1483],[101.7305,6.1483],[101.7305,6.1484],[101.7306,6.1484],[101.7306,6.1484],[101.7307,6.1485],[101.7309,6.1485],[101.7309,6.1485],[101.731,6.1486],[101.731,6.1486],[101.7311,6.1486],[101.7311,6.1486],[101.7311,6.1487],[101.7311,6.1487],[101.7311,6.1488],[101.7311,6.149],[101.7311,6.149],[101.7311,6.1494],[101.7311,6.1495],[101.731,6.1496],[101.731,6.1498],[101.7309,6.1499],[101.7308,6.15],[101.7306,6.1502],[101.7304,6.1504],[101.7304,6.1504],[101.7304,6.1505],[101.7303,6.1505],[101.7302,6.1505],[101.7301,6.1505],[101.7301,6.1505],[101.73,6.1505],[101.73,6.1505],[101.7299,6.1505],[101.7299,6.1504],[101.7298,6.1504],[101.7298,6.1504],[101.7298,6.1503],[101.7297,6.1503],[101.7297,6.1502],[101.7297,6.1501],[101.7296,6.1501],[101.7296,6.15],[101.7296,6.1499],[101.7295,6.1499],[101.7295,6.1499],[101.7294,6.1498],[101.7294,6.1498],[101.7294,6.1497],[101.7292,6.1497],[101.7292,6.1496],[101.7291,6.1496],[101.7291,6.1496],[101.7291,6.1496],[101.729,6.1496],[101.729,6.1496],[101.7289,6.1496],[101.7288,6.1497],[101.7288,6.1497],[101.7288,6.1497],[101.7288,6.1497],[101.7287,6.1498],[101.7286,6.1499],[101.7285,6.15],[101.7284,6.1501],[101.7284,6.1501],[101.7284,6.1501],[101.7284,6.1502],[101.7284,6.1503],[101.7283,6.1505],[101.7283,6.1508],[101.7282,6.1512],[101.7282,6.1512],[101.7282,6.1513],[101.7282,6.1513],[101.7281,6.1513],[101.7281,6.1514],[101.728,6.1515],[101.728,6.1515],[101.7279,6.1515],[101.7279,6.1516],[101.7277,6.1516],[101.7277,6.1517],[101.7274,6.1517],[101.7272,6.1518],[101.7271,6.1519],[101.7269,6.1519],[101.7269,6.152],[101.7268,6.152],[101.7268,6.1521],[101.7268,6.1521],[101.7267,6.1522],[101.7266,6.1523],[101.7266,6.1523],[101.7266,6.1523],[101.7265,6.1524],[101.7265,6.1525],[101.7265,6.1526],[101.7265,6.1527],[101.7265,6.1528],[101.7266,6.153],[101.7266,6.1531],[101.7266,6.1531],[101.7266,6.1532],[101.7265,6.1532],[101.7265,6.1532],[101.7265,6.1533],[101.7265,6.1533],[101.7264,6.1534],[101.7263,6.1534],[101.7263,6.1534],[101.7262,6.1534],[101.7262,6.1534],[101.7261,6.1534],[101.726,6.1534],[101.726,6.1534],[101.7258,6.1534],[101.7258,6.1534],[101.7256,6.1533],[101.7256,6.1533],[101.7255,6.1533],[101.7255,6.1533],[101.7255,6.1533],[101.7254,6.1533],[101.7254,6.1533],[101.7254,6.1534],[101.7253,6.1535],[101.7252,6.1536],[101.7252,6.1537],[101.7252,6.1537],[101.7252,6.1539],[101.7251,6.154],[101.7251,6.1541],[101.7251,6.1541],[101.7252,6.1542],[101.7252,6.1543],[101.7252,6.1543],[101.7253,6.1544],[101.7253,6.1545],[101.7254,6.1546],[101.7254,6.1546],[101.7254,6.1547],[101.7254,6.1547],[101.7255,6.1548],[101.7255,6.1549],[101.7255,6.155],[101.7255,6.1551],[101.7255,6.1551],[101.7255,6.1555],[101.7255,6.1556],[101.7255,6.1557],[101.7255,6.1558],[101.7256,6.1559],[101.7256,6.1559],[101.7256,6.156],[101.7257,6.156],[101.7258,6.1562],[101.7258,6.1562],[101.726,6.1564],[101.726,6.1565],[101.726,6.1566],[101.7261,6.1566],[101.7261,6.1567],[101.7261,6.1568],[101.7261,6.1568],[101.7261,6.1569],[101.7261,6.157],[101.7261,6.1571],[101.726,6.1571],[101.726,6.1572],[101.726,6.1572],[101.726,6.1573],[101.7259,6.1574],[101.7257,6.1576],[101.7255,6.1578],[101.7254,6.1579],[101.7253,6.158],[101.7252,6.1581],[101.7251,6.1582],[101.7251,6.1583],[101.7251,6.1583],[101.725,6.1584],[101.7248,6.1586],[101.7247,6.1588],[101.7246,6.1588],[101.7246,6.1589],[101.7246,6.1589],[101.7246,6.1589],[101.7244,6.159],[101.7241,6.1591],[101.724,6.1591],[101.724,6.1591],[101.7237,6.1592],[101.7236,6.1592],[101.7235,6.1592],[101.7234,6.1592],[101.7234,6.1592],[101.7233,6.1592],[101.7232,6.1592],[101.7231,6.1591],[101.723,6.1592],[101.7229,6.1592],[101.7229,6.1592],[101.7229,6.1592],[101.7228,6.1592],[101.7228,6.1592],[101.7228,6.1592],[101.7227,6.1593],[101.7227,6.1593],[101.7227,6.1593],[101.7226,6.1594],[101.7226,6.1595],[101.7226,6.1596],[101.7226,6.1596],[101.7226,6.1597],[101.7226,6.1597],[101.7226,6.1598],[101.7226,6.1599],[101.7226,6.1599],[101.7227,6.16],[101.7227,6.16],[101.7228,6.1601],[101.723,6.1603],[101.723,6.1604],[101.7231,6.1605],[101.7231,6.1606],[101.7231,6.1607],[101.7231,6.1608],[101.7231,6.1609],[101.7231,6.1609],[101.7231,6.161],[101.7231,6.1611],[101.7231,6.1611],[101.7231,6.1611],[101.723,6.1612],[101.723,6.1612],[101.7229,6.1613],[101.7229,6.1613],[101.7228,6.1613],[101.7228,6.1613],[101.7227,6.1613],[101.7226,6.1613],[101.7225,6.1613],[101.7222,6.1613],[101.7219,6.1613],[101.7218,6.1613],[101.7216,6.1613],[101.7216,6.1613],[101.7215,6.1614],[101.7214,6.1614],[101.7214,6.1614],[101.7213,6.1614],[101.7213,6.1615],[101.7213,6.1615],[101.7212,6.1616],[101.721,6.1617],[101.721,6.1617],[101.721,6.1617],[101.7208,6.1617],[101.7208,6.1617],[101.7207,6.1617],[101.7203,6.1615],[101.7202,6.1615],[101.7202,6.1615],[101.72,6.1613],[101.72,6.1613],[101.7199,6.1613],[101.7199,6.1613],[101.7198,6.1612],[101.7198,6.1611],[101.7197,6.1611],[101.7196,6.161],[101.7195,6.161],[101.7194,6.1609],[101.7193,6.1608],[101.7193,6.1608],[101.7193,6.1607],[101.7192,6.1607],[101.7192,6.1607],[101.7191,6.1607],[101.7191,6.1607],[101.719,6.1607],[101.719,6.1607],[101.7189,6.1608],[101.7189,6.1608],[101.7188,6.1608],[101.7187,6.1609],[101.7187,6.161],[101.7186,6.1611],[101.7185,6.1611],[101.7185,6.1612],[101.7185,6.1612],[101.7185,6.1612],[101.7185,6.1613],[101.7185,6.1614],[101.7185,6.1617],[101.7186,6.1624],[101.7185,6.1626],[101.7185,6.1626],[101.7185,6.1626],[101.7185,6.1627],[101.7185,6.1627],[101.7184,6.1628],[101.7183,6.1629],[101.7182,6.1629],[101.7181,6.1629],[101.718,6.163],[101.7179,6.163],[101.7178,6.163],[101.7177,6.163],[101.7176,6.163],[101.7172,6.1629],[101.717,6.1629],[101.7167,6.163],[101.7166,6.163],[101.7165,6.163],[101.7165,6.1631],[101.7164,6.1631],[101.7164,6.1631],[101.7163,6.1632],[101.7163,6.1633],[101.7163,6.1633],[101.7163,6.1633],[101.7163,6.1634],[101.7163,6.1635],[101.7163,6.1635],[101.7163,6.1636],[101.7163,6.1636],[101.7163,6.1637],[101.7164,6.1638],[101.7164,6.1638],[101.7164,6.1639],[101.7165,6.1639],[101.7166,6.1641],[101.7166,6.1642],[101.7166,6.1643],[101.7166,6.1644],[101.7167,6.1644],[101.7167,6.1645],[101.7166,6.1646],[101.7166,6.1647],[101.7166,6.1647],[101.7166,6.1648],[101.7166,6.1648],[101.7165,6.1648],[101.7165,6.1649],[101.7164,6.1649],[101.7163,6.1649],[101.7163,6.165],[101.7162,6.165],[101.7161,6.165],[101.716,6.1649],[101.7159,6.1649],[101.7159,6.1649],[101.7157,6.1648],[101.7155,6.1647],[101.7153,6.1647],[101.7153,6.1647],[101.7152,6.1647],[101.7151,6.1646],[101.715,6.1646],[101.715,6.1647],[101.7149,6.1647],[101.7148,6.1647],[101.7148,6.1647],[101.7147,6.1647],[101.7147,6.1648],[101.7146,6.1648],[101.7145,6.1649],[101.7143,6.1651],[101.7142,6.1652],[101.714,6.1654],[101.7137,6.1658],[101.7137,6.166],[101.7136,6.1662],[101.7136,6.1662],[101.7136,6.1663],[101.7136,6.1665],[101.7136,6.1665],[101.7136,6.1666],[101.7136,6.1668],[101.7136,6.1668],[101.7136,6.1669],[101.7136,6.1669],[101.7137,6.1671],[101.7137,6.1671],[101.7137,6.1672],[101.7138,6.1672],[101.7138,6.1673],[101.7139,6.1673],[101.7139,6.1673],[101.714,6.1674],[101.7141,6.1675],[101.7141,6.1675],[101.7141,6.1675],[101.7142,6.1676],[101.7142,6.1676],[101.7142,6.1677],[101.7142,6.1678],[101.7142,6.1678],[101.7142,6.1679],[101.7142,6.1679],[101.7142,6.168],[101.7141,6.1681],[101.714,6.1681],[101.714,6.1682],[101.7139,6.1683],[101.7137,6.1684],[101.7136,6.1684],[101.7136,6.1685],[101.7136,6.1686],[101.7136,6.1686],[101.7136,6.1686],[101.7136,6.1687],[101.7136,6.1688],[101.7136,6.1688],[101.7136,6.1688],[101.7136,6.1688],[101.7137,6.1689],[101.7137,6.1689],[101.7138,6.169],[101.7138,6.169],[101.7138,6.169],[101.7138,6.169],[101.7138,6.1691],[101.7138,6.1691],[101.7138,6.1691],[101.7137,6.1691],[101.7137,6.1692],[101.7135,6.1692],[101.7134,6.1693],[101.7133,6.1694],[101.7131,6.1697],[101.713,6.17],[101.7129,6.1702],[101.7129,6.1705],[101.7129,6.1709],[101.7129,6.171],[101.713,6.1713],[101.7131,6.1715],[101.7132,6.1716],[101.7133,6.1718],[101.7134,6.172],[101.7134,6.172],[101.7134,6.1721],[101.7134,6.1722],[101.7135,6.1723],[101.7135,6.1723],[101.7134,6.1724],[101.7134,6.1724],[101.7134,6.1724],[101.7134,6.1725],[101.7134,6.1725],[101.7134,6.1725],[101.7133,6.1726],[101.7133,6.1726],[101.7132,6.1727],[101.7131,6.1727],[101.7131,6.1727],[101.713,6.1727],[101.7128,6.1728],[101.7127,6.1728],[101.7126,6.1728],[101.7125,6.1728],[101.7124,6.1728],[101.7122,6.1727],[101.7119,6.1726],[101.7119,6.1726],[101.7118,6.1726],[101.7117,6.1726],[101.7117,6.1726],[101.7117,6.1726],[101.7116,6.1726],[101.7116,6.1726],[101.7115,6.1727],[101.7114,6.1728],[101.7113,6.1728],[101.7113,6.1729],[101.7113,6.1729],[101.7113,6.173],[101.7112,6.173],[101.7112,6.1731],[101.7112,6.1732],[101.7112,6.1733],[101.7112,6.1734],[101.7112,6.1737],[101.7112,6.1737],[101.7112,6.1737],[101.7113,6.1738],[101.7115,6.1741],[101.7115,6.1741],[101.7116,6.1741],[101.7118,6.1742],[101.7118,6.1742],[101.7118,6.1743],[101.7119,6.1744],[101.7119,6.1745],[101.7116,6.1748],[101.7116,6.1749],[101.7113,6.1751],[101.7111,6.1753],[101.7111,6.1754],[101.7112,6.1756],[101.7113,6.1759],[101.7116,6.1761],[101.7118,6.1763],[101.712,6.1764],[101.712,6.1766],[101.712,6.1767],[101.712,6.1769],[101.7118,6.1771],[101.7118,6.1772],[101.7117,6.1773],[101.7118,6.1775],[101.7119,6.178],[101.7121,6.1787],[101.7121,6.1792],[101.712,6.1796],[101.7118,6.1799],[101.7118,6.1801],[101.7117,6.1803],[101.7117,6.1806],[101.7119,6.1808],[101.7122,6.1811],[101.7127,6.1813],[101.7129,6.1814],[101.7131,6.1815],[101.7132,6.1816],[101.7133,6.1817],[101.7132,6.182],[101.713,6.1822],[101.7127,6.1823],[101.7125,6.1823],[101.7123,6.1825],[101.7122,6.1827],[101.7122,6.1828],[101.7123,6.183],[101.7125,6.1831],[101.7128,6.1833],[101.713,6.1833],[101.7132,6.1833],[101.7133,6.1834],[101.7135,6.1838],[101.7135,6.1845],[101.7136,6.1847],[101.7137,6.1849],[101.7137,6.1851],[101.7134,6.1852],[101.7131,6.1855],[101.7128,6.1858],[101.7127,6.1862],[101.7124,6.1867],[101.7122,6.1869],[101.7122,6.1871],[101.7122,6.1871],[101.7122,6.1877],[101.7121,6.1878],[101.7118,6.1879],[101.7099,6.1881],[101.7073,6.1883],[101.7054,6.1885],[101.7022,6.1891],[101.6973,6.1902],[101.6956,6.1903],[101.6932,6.1898],[101.6922,6.1892],[101.6914,6.1886],[101.6904,6.1873],[101.6896,6.1864],[101.6895,6.1863],[101.6885,6.1857],[101.6856,6.1845],[101.6834,6.1847],[101.6801,6.1852],[101.6775,6.1858],[101.6766,6.1863],[101.6749,6.1866],[101.6732,6.1873],[101.672,6.1886],[101.6706,6.1885],[101.6695,6.1882],[101.6686,6.1876],[101.6677,6.1868],[101.6675,6.1866],[101.6671,6.186],[101.6663,6.186],[101.6653,6.1868],[101.6644,6.1872],[101.664,6.1874],[101.6635,6.1874],[101.6628,6.1872],[101.6626,6.1871],[101.6618,6.187],[101.66,6.1872],[101.6599,6.1872],[101.6571,6.1878],[101.6564,6.1877],[101.6559,6.1876],[101.6541,6.1865],[101.6521,6.1845],[101.6503,6.1829],[101.6492,6.1819],[101.6472,6.1801],[101.6466,6.1796],[101.6454,6.1786],[101.6436,6.177],[101.6414,6.1756],[101.6399,6.1747],[101.6387,6.174],[101.6366,6.1735],[101.6348,6.1731],[101.6341,6.1732],[101.6334,6.1732],[101.6324,6.1737],[101.6315,6.1747],[101.6308,6.1762],[101.6305,6.1779],[101.6301,6.1791],[101.6299,6.1793],[101.6283,6.1809],[101.6274,6.1792],[101.6266,6.1766],[101.6252,6.1749],[101.6231,6.1737],[101.6215,6.1724],[101.62,6.1696],[101.618,6.1663],[101.6178,6.1658],[101.6175,6.1649],[101.6178,6.1639],[101.6178,6.1638],[101.6184,6.1629],[101.6189,6.1618],[101.62,6.1606],[101.62,6.1579],[101.6183,6.1564],[101.6172,6.1557],[101.6161,6.1552],[101.6155,6.1547],[101.6154,6.1526],[101.6138,6.1506],[101.6129,6.1493],[101.6127,6.1486],[101.6134,6.1481],[101.6147,6.1477],[101.6146,6.1451],[101.6158,6.1407],[101.6163,6.1369],[101.6152,6.1323],[101.6145,6.1298],[101.6139,6.1271],[101.6143,6.1237],[101.6133,6.1201],[101.6112,6.1181],[101.6082,6.1164],[101.6066,6.115],[101.6063,6.1128],[101.6064,6.1109],[101.6065,6.1077],[101.6064,6.1059],[101.6043,6.1007],[101.6032,6.0969],[101.6016,6.0941],[101.6003,6.0935],[101.5987,6.0932],[101.5955,6.093],[101.5912,6.0929],[101.5888,6.0925],[101.5853,6.0928],[101.5834,6.093],[101.5827,6.0925],[101.5816,6.0912],[101.5809,6.0907],[101.5801,6.09],[101.5793,6.0895],[101.5788,6.0887],[101.5778,6.0885],[101.577,6.0882],[101.576,6.0872],[101.5753,6.0874],[101.5739,6.0882],[101.5724,6.0884],[101.5713,6.0881],[101.5697,6.0877],[101.5673,6.0869],[101.565,6.0867],[101.5642,6.0867],[101.5642,6.0863],[101.5644,6.0859],[101.5644,6.0856],[101.5646,6.0855],[101.5647,6.0851],[101.5651,6.0848],[101.5654,6.0847],[101.5658,6.0844],[101.5658,6.0839],[101.5656,6.0838],[101.5657,6.0831],[101.5656,6.0823],[101.5653,6.0819],[101.5649,6.0815],[101.5648,6.081],[101.5642,6.081],[101.5637,6.0809],[101.5635,6.0805],[101.5633,6.0801],[101.563,6.0799],[101.563,6.0796],[101.5628,6.0792],[101.5623,6.079],[101.5619,6.0787],[101.5616,6.0784],[101.5614,6.0786],[101.561,6.0787],[101.5606,6.0787],[101.5602,6.0791],[101.56,6.0791],[101.5597,6.079],[101.5595,6.079],[101.5595,6.0793],[101.5591,6.0793],[101.5586,6.0789],[101.5581,6.0787],[101.5574,6.0787],[101.5563,6.0786],[101.5553,6.0785],[101.5547,6.0781],[101.5537,6.0773],[101.5529,6.0765],[101.5523,6.076],[101.5519,6.0756],[101.5512,6.0751],[101.5501,6.0751],[101.5493,6.0754],[101.5487,6.0755],[101.5476,6.0751],[101.5465,6.075],[101.5457,6.0753],[101.545,6.0757],[101.5445,6.0759],[101.5439,6.0757],[101.5431,6.0755],[101.5421,6.0753],[101.5407,6.0753],[101.5397,6.0755],[101.5387,6.0758],[101.5377,6.0758],[101.5358,6.0754],[101.5346,6.0749],[101.5328,6.0741],[101.5312,6.0731],[101.53,6.0718],[101.5296,6.0708],[101.5293,6.0689],[101.529,6.0676],[101.5282,6.0665],[101.5271,6.0653],[101.5258,6.0642],[101.5243,6.0632],[101.5229,6.0614],[101.5219,6.0611],[101.5206,6.0603],[101.5197,6.0597],[101.5195,6.0578],[101.5186,6.0561],[101.5172,6.0546],[101.5159,6.054],[101.5143,6.0535],[101.5127,6.0536],[101.5116,6.0541],[101.5113,6.0551],[101.51,6.0565],[101.5091,6.058],[101.5083,6.0587],[101.507,6.0582],[101.5058,6.0581],[101.5046,6.0593],[101.5038,6.0607],[101.5031,6.0623],[101.5031,6.0628],[101.503,6.0638],[101.5036,6.0674],[101.5036,6.069],[101.5022,6.0714],[101.5004,6.073],[101.5002,6.0731],[101.4987,6.074],[101.4965,6.0748],[101.4946,6.0749],[101.493,6.075],[101.4884,6.075],[101.4769,6.0745],[101.4706,6.0739],[101.4715,6.0716],[101.4723,6.0701],[101.4738,6.0681],[101.4749,6.0664],[101.4756,6.0653],[101.4758,6.0646],[101.476,6.0626],[101.4762,6.0613],[101.4762,6.0594],[101.4764,6.0578],[101.4769,6.0562],[101.4771,6.0547],[101.478,6.0514],[101.4784,6.0489],[101.4785,6.0474],[101.4783,6.0461],[101.4782,6.0446],[101.4779,6.0435],[101.478,6.0432],[101.478,6.0427],[101.4778,6.0423],[101.4775,6.0419],[101.4771,6.0417],[101.4755,6.0408],[101.4745,6.0403],[101.4741,6.04],[101.474,6.0395],[101.4741,6.039],[101.4744,6.0386],[101.4751,6.0384],[101.4757,6.0381],[101.476,6.0378],[101.4762,6.0375],[101.4765,6.0368],[101.4769,6.0362],[101.4773,6.0358],[101.4777,6.0355],[101.478,6.0352],[101.4781,6.0347],[101.4781,6.0341],[101.478,6.0333],[101.4781,6.0328],[101.4783,6.0323],[101.4787,6.0318],[101.4789,6.031],[101.479,6.0307],[101.4793,6.0301],[101.4794,6.0295],[101.4793,6.029],[101.4792,6.0285],[101.4782,6.0272],[101.4776,6.0264],[101.4773,6.0259],[101.4772,6.0255],[101.4773,6.0251],[101.4777,6.024],[101.4779,6.0219],[101.4778,6.0213],[101.4776,6.0206],[101.4777,6.0202],[101.4779,6.0199],[101.4785,6.0197],[101.4793,6.0192],[101.4796,6.0187],[101.4798,6.0182],[101.4801,6.0173],[101.4806,6.0165],[101.4811,6.0157],[101.4813,6.015],[101.4814,6.0143],[101.4816,6.0139],[101.4819,6.0135],[101.4822,6.0131],[101.4824,6.0126],[101.4823,6.0122],[101.4821,6.0117],[101.4817,6.0111],[101.4811,6.0103],[101.4803,6.0098],[101.4797,6.0096],[101.4791,6.0095],[101.4786,6.0091],[101.4782,6.0085],[101.4777,6.0073],[101.4775,6.0065],[101.4776,6.0057],[101.4779,6.003],[101.4779,6.0015],[101.4781,6.0004],[101.4782,5.9991],[101.478,5.9981],[101.4776,5.9968],[101.4769,5.9956],[101.4768,5.9951],[101.4767,5.9942],[101.4762,5.9936],[101.4756,5.9931],[101.4749,5.9926],[101.4746,5.9921],[101.4744,5.9912],[101.474,5.9902],[101.4738,5.9897],[101.4731,5.9892],[101.4729,5.9889],[101.4728,5.9887],[101.4729,5.9886],[101.473,5.9885],[101.4732,5.9885],[101.4738,5.9888],[101.4744,5.9891],[101.4749,5.9891],[101.4751,5.9891],[101.4754,5.9888],[101.4757,5.9883],[101.4759,5.9871],[101.4761,5.9852],[101.4761,5.9837],[101.4763,5.982],[101.4766,5.9805],[101.4768,5.9798],[101.4774,5.979],[101.4781,5.9778],[101.4786,5.9768],[101.4789,5.9765],[101.4793,5.9764],[101.4796,5.9764],[101.48,5.9764],[101.4805,5.9766],[101.4809,5.9768],[101.4821,5.9776],[101.4829,5.9784],[101.4833,5.9786],[101.4836,5.9786],[101.4839,5.9785],[101.4841,5.9783],[101.4842,5.9778],[101.4842,5.9765],[101.4841,5.9751],[101.4838,5.9744],[101.4836,5.9738],[101.4834,5.9732],[101.4834,5.9725],[101.4836,5.9717],[101.4842,5.9706],[101.485,5.9697],[101.4855,5.9688],[101.4857,5.9682],[101.4857,5.9676],[101.4856,5.9665],[101.4856,5.965],[101.4853,5.9637],[101.4847,5.9627],[101.4846,5.9621],[101.4846,5.9615],[101.4849,5.9603],[101.4857,5.9579],[101.4862,5.9563],[101.4866,5.9559],[101.487,5.9556],[101.4878,5.9553],[101.489,5.9551],[101.4904,5.9549],[101.491,5.9547],[101.4912,5.9543],[101.4914,5.9538],[101.4914,5.9532],[101.4912,5.952],[101.4912,5.9512],[101.4913,5.9508],[101.4917,5.9496],[101.4921,5.9493],[101.4925,5.9492],[101.4931,5.9493],[101.4941,5.9496],[101.4947,5.95],[101.4952,5.9504],[101.4956,5.951],[101.4959,5.9512],[101.4961,5.9512],[101.4965,5.951],[101.4967,5.9504],[101.4969,5.9492],[101.4972,5.9487],[101.4972,5.9479],[101.4969,5.9471],[101.4958,5.944],[101.4947,5.9418],[101.4942,5.9412],[101.4938,5.9411],[101.4933,5.941],[101.4928,5.9409],[101.4925,5.9406],[101.4925,5.9402],[101.4924,5.9397],[101.4919,5.9387],[101.4915,5.9382],[101.4909,5.9377],[101.4904,5.9375],[101.4901,5.9371],[101.49,5.9367],[101.4902,5.936],[101.4904,5.9347],[101.4906,5.9336],[101.4907,5.9328],[101.4909,5.9322],[101.4913,5.9317],[101.4913,5.9314],[101.4912,5.9311],[101.491,5.9308],[101.4907,5.9302],[101.4906,5.9292],[101.4906,5.9281],[101.4909,5.9268],[101.4918,5.9252],[101.4921,5.9247],[101.4923,5.9241],[101.4924,5.9232],[101.4923,5.9222],[101.4919,5.9213],[101.4916,5.9203],[101.4907,5.9185],[101.4905,5.9171],[101.49,5.9143],[101.4903,5.9134],[101.4911,5.911],[101.4919,5.909],[101.4922,5.9073],[101.4921,5.9061],[101.4915,5.9046],[101.4905,5.9027],[101.4899,5.9012],[101.4899,5.9004],[101.4904,5.8995],[101.4911,5.8989],[101.4922,5.8984],[101.4935,5.8984],[101.4946,5.8985],[101.4954,5.8987],[101.4963,5.8992],[101.4975,5.9003],[101.4978,5.9006],[101.4983,5.9006],[101.4987,5.9006],[101.4989,5.9003],[101.4987,5.8997],[101.4989,5.8989],[101.4992,5.8969],[101.4997,5.8947],[101.5005,5.8925],[101.5014,5.8908],[101.5022,5.8897]]]}},{"type":"Feature","properties":{"code":"9610","name":"สุไหงโก-ลก","name_en":"Su-ngai Kolok","area_sqkm":136.6,"src":"geoBoundaries+OpenGISData"},"geometry":{"type":"Polygon","coordinates":[[[102.0641,6.1049],[102.0638,6.1055],[102.0591,6.1131],[102.0576,6.1157],[102.0565,6.1176],[102.0551,6.1202],[102.054,6.1226],[102.0529,6.1253],[102.0518,6.1276],[102.0507,6.1288],[102.046,6.1302],[102.0462,6.1303],[102.0462,6.1304],[102.0463,6.1304],[102.0464,6.1305],[102.0464,6.1306],[102.0465,6.1308],[102.0465,6.1309],[102.0465,6.131],[102.0465,6.1311],[102.0465,6.1311],[102.0465,6.1312],[102.0465,6.1312],[102.0463,6.1315],[102.0463,6.1315],[102.0463,6.1316],[102.0463,6.1316],[102.0463,6.1317],[102.0463,6.1317],[102.0463,6.1318],[102.0463,6.1318],[102.0464,6.1318],[102.0466,6.132],[102.0467,6.132],[102.0467,6.132],[102.0468,6.1321],[102.0469,6.1322],[102.0469,6.1322],[102.0469,6.1323],[102.0469,6.1323],[102.0469,6.1324],[102.0469,6.1324],[102.0468,6.1326],[102.0467,6.1327],[102.0467,6.1327],[102.0467,6.1328],[102.0467,6.1328],[102.0467,6.1328],[102.0467,6.1329],[102.0467,6.1329],[102.0467,6.1329],[102.0468,6.133],[102.0468,6.133],[102.0471,6.133],[102.0473,6.133],[102.0473,6.1331],[102.0473,6.1331],[102.0474,6.1331],[102.0474,6.1332],[102.0474,6.1332],[102.0474,6.1333],[102.0474,6.1334],[102.0474,6.1335],[102.0474,6.1335],[102.0474,6.1336],[102.0473,6.1336],[102.0473,6.1337],[102.0469,6.1339],[102.0468,6.134],[102.0467,6.1341],[102.0467,6.1342],[102.0466,6.1342],[102.0466,6.1342],[102.0466,6.1343],[102.0466,6.1344],[102.0466,6.1347],[102.0466,6.1348],[102.0467,6.1349],[102.0467,6.135],[102.0467,6.135],[102.0467,6.1351],[102.0468,6.1351],[102.0469,6.1352],[102.047,6.1353],[102.0471,6.1353],[102.0471,6.1353],[102.0472,6.1353],[102.0478,6.1354],[102.0478,6.1354],[102.0479,6.1354],[102.0479,6.1355],[102.048,6.1355],[102.048,6.1355],[102.0481,6.1356],[102.0481,6.1356],[102.0481,6.1357],[102.0482,6.1358],[102.0483,6.1365],[102.0483,6.1366],[102.0484,6.1367],[102.0484,6.1368],[102.0485,6.137],[102.0486,6.1371],[102.0486,6.1371],[102.0487,6.1372],[102.0487,6.1373],[102.0488,6.1374],[102.0491,6.1375],[102.0491,6.1376],[102.0494,6.1377],[102.0498,6.1379],[102.0503,6.1381],[102.0506,6.1384],[102.0506,6.1384],[102.0507,6.1385],[102.0507,6.1386],[102.0507,6.1386],[102.0507,6.1387],[102.0507,6.1387],[102.0507,6.1387],[102.0507,6.1388],[102.0507,6.1388],[102.0506,6.1388],[102.0506,6.1388],[102.0506,6.1388],[102.0505,6.1388],[102.0505,6.1388],[102.0504,6.1388],[102.0502,6.1387],[102.0501,6.1387],[102.0499,6.1386],[102.0498,6.1386],[102.0497,6.1387],[102.0497,6.1387],[102.0497,6.1387],[102.0496,6.1387],[102.0496,6.1387],[102.0496,6.1387],[102.0496,6.1388],[102.0496,6.1389],[102.0496,6.1389],[102.0496,6.139],[102.0497,6.1391],[102.0497,6.1391],[102.0498,6.1391],[102.0503,6.1394],[102.0505,6.1395],[102.0505,6.1395],[102.0506,6.1396],[102.0506,6.1397],[102.0508,6.14],[102.0509,6.1403],[102.051,6.1405],[102.051,6.1407],[102.051,6.1409],[102.051,6.141],[102.051,6.1411],[102.0509,6.1412],[102.0509,6.1412],[102.0509,6.1413],[102.0508,6.1413],[102.0507,6.1413],[102.0503,6.1414],[102.0502,6.1415],[102.0501,6.1415],[102.0501,6.1415],[102.05,6.1416],[102.05,6.1417],[102.0499,6.1417],[102.0499,6.1417],[102.0499,6.1418],[102.0499,6.1419],[102.0499,6.1419],[102.0499,6.1419],[102.05,6.142],[102.05,6.1421],[102.0501,6.1421],[102.0503,6.1422],[102.0506,6.1424],[102.0507,6.1424],[102.0508,6.1425],[102.0508,6.1426],[102.0508,6.1426],[102.0508,6.1427],[102.0508,6.1427],[102.0508,6.1428],[102.0508,6.1428],[102.0508,6.143],[102.0506,6.1434],[102.0506,6.1436],[102.0504,6.1438],[102.0502,6.144],[102.0498,6.1445],[102.0496,6.1445],[102.0495,6.1445],[102.0495,6.1445],[102.0488,6.1441],[102.0482,6.1438],[102.0481,6.1437],[102.048,6.1437],[102.0479,6.1437],[102.0478,6.1437],[102.0476,6.1437],[102.0475,6.1437],[102.0474,6.1438],[102.0473,6.1438],[102.0473,6.1439],[102.0472,6.1439],[102.0471,6.144],[102.0469,6.1441],[102.0469,6.1441],[102.0468,6.1443],[102.0467,6.1443],[102.0467,6.1443],[102.0466,6.1444],[102.0465,6.1444],[102.0465,6.1444],[102.0463,6.1445],[102.0458,6.1446],[102.0452,6.1447],[102.0449,6.1448],[102.0441,6.145],[102.0436,6.1451],[102.0422,6.1453],[102.0421,6.1453],[102.0419,6.1454],[102.0419,6.1454],[102.0418,6.1454],[102.0418,6.1454],[102.0416,6.1455],[102.0412,6.1457],[102.0411,6.1457],[102.0411,6.1457],[102.041,6.1457],[102.0409,6.1458],[102.0408,6.1458],[102.0404,6.1457],[102.0403,6.1457],[102.0402,6.1458],[102.0401,6.1458],[102.04,6.1458],[102.0391,6.1461],[102.0386,6.1462],[102.0377,6.1464],[102.037,6.1466],[102.0361,6.1467],[102.0359,6.1468],[102.0352,6.1469],[102.0344,6.147],[102.0336,6.1471],[102.0333,6.1471],[102.0332,6.1471],[102.0331,6.1471],[102.033,6.1472],[102.0327,6.1473],[102.0326,6.1474],[102.0326,6.1474],[102.0323,6.1474],[102.0309,6.1476],[102.0279,6.1487],[102.0265,6.1494],[102.0247,6.1501],[102.0227,6.1511],[101.9855,6.1209],[101.966,6.1043],[101.9365,6.0793],[101.9374,6.077],[101.9387,6.074],[101.9409,6.0688],[101.9428,6.0645],[101.9426,6.0614],[101.9423,6.0606],[101.9394,6.0526],[101.9368,6.0479],[101.936,6.0468],[101.934,6.0446],[101.932,6.0428],[101.93,6.0409],[101.928,6.0392],[101.9264,6.0376],[101.9258,6.0372],[101.925,6.0369],[101.9237,6.0371],[101.9225,6.037],[101.9212,6.0368],[101.92,6.036],[101.9193,6.0354],[101.919,6.0332],[101.9189,6.0323],[101.9181,6.0287],[101.9181,6.0287],[101.9171,6.0278],[101.9158,6.0262],[101.9155,6.0256],[101.9149,6.0247],[101.9147,6.0242],[101.9143,6.0232],[101.9141,6.0218],[101.9141,6.0216],[101.9141,6.0214],[101.9141,6.0211],[101.9144,6.0198],[101.9155,6.0184],[101.9194,6.0173],[101.9238,6.0161],[101.9246,6.0157],[101.9263,6.0153],[101.9275,6.014],[101.9289,6.0122],[101.9297,6.0112],[101.9305,6.0101],[101.9351,6.006],[101.9365,6.0042],[101.9374,6.0025],[101.9379,6.0012],[101.9384,5.9994],[101.9383,5.9972],[101.9384,5.9964],[101.9391,5.9954],[101.9416,5.9938],[101.9449,5.9923],[101.9454,5.9921],[101.948,5.9907],[101.9482,5.9906],[101.9486,5.9909],[101.9487,5.991],[101.9489,5.991],[101.9491,5.9911],[101.9493,5.9911],[101.9496,5.9911],[101.9498,5.991],[101.95,5.9909],[101.9502,5.9908],[101.9503,5.9907],[101.9504,5.9906],[101.9505,5.9905],[101.9507,5.9903],[101.9507,5.9901],[101.9508,5.99],[101.9509,5.9898],[101.9509,5.9897],[101.9509,5.9896],[101.9509,5.9895],[101.9509,5.9893],[101.9506,5.9885],[101.9505,5.9881],[101.9505,5.988],[101.9505,5.9879],[101.9505,5.9878],[101.9505,5.9877],[101.9505,5.9876],[101.9505,5.9875],[101.9505,5.9874],[101.9506,5.9873],[101.9506,5.9873],[101.9506,5.9872],[101.9507,5.9872],[101.9507,5.9871],[101.9508,5.987],[101.9508,5.987],[101.951,5.9869],[101.9511,5.9869],[101.9513,5.9868],[101.9514,5.9868],[101.9515,5.9868],[101.9517,5.9869],[101.9518,5.9869],[101.9519,5.9869],[101.952,5.987],[101.9521,5.987],[101.9522,5.9871],[101.9523,5.9872],[101.9524,5.9873],[101.9525,5.9875],[101.9531,5.9886],[101.9532,5.9888],[101.9532,5.989],[101.9532,5.9891],[101.9532,5.9892],[101.9531,5.9895],[101.9531,5.9897],[101.9529,5.99],[101.9527,5.9904],[101.9527,5.9905],[101.9527,5.9906],[101.9527,5.9907],[101.9527,5.9909],[101.9528,5.991],[101.9528,5.9912],[101.953,5.9914],[101.9532,5.9915],[101.9534,5.9917],[101.9534,5.9917],[101.9535,5.9918],[101.9536,5.9918],[101.9537,5.9918],[101.9538,5.9918],[101.9539,5.9919],[101.9541,5.9918],[101.9543,5.9918],[101.955,5.9917],[101.955,5.9917],[101.9552,5.9917],[101.9554,5.9917],[101.9555,5.9917],[101.9555,5.9917],[101.9556,5.9917],[101.9557,5.9917],[101.9557,5.9918],[101.9558,5.9918],[101.9559,5.9919],[101.9559,5.9919],[101.956,5.9921],[101.956,5.9921],[101.956,5.9922],[101.956,5.9922],[101.956,5.9923],[101.956,5.9923],[101.956,5.9924],[101.9559,5.9925],[101.9559,5.9925],[101.9558,5.9926],[101.9558,5.9927],[101.9558,5.9927],[101.9555,5.9929],[101.9554,5.993],[101.9549,5.9933],[101.9547,5.9934],[101.9545,5.9936],[101.9544,5.9936],[101.9543,5.9938],[101.9542,5.9939],[101.9542,5.9941],[101.9541,5.9942],[101.9541,5.9943],[101.9541,5.9945],[101.9541,5.9946],[101.954,5.9947],[101.954,5.9949],[101.9541,5.9951],[101.9541,5.9952],[101.9541,5.9952],[101.9542,5.9953],[101.9542,5.9953],[101.9543,5.9954],[101.9544,5.9954],[101.9547,5.9955],[101.9548,5.9955],[101.955,5.9956],[101.9552,5.9955],[101.9552,5.9955],[101.9554,5.9955],[101.9555,5.9955],[101.9556,5.9954],[101.9557,5.9954],[101.9558,5.9953],[101.956,5.9952],[101.956,5.9952],[101.9561,5.9951],[101.9561,5.9951],[101.9563,5.9949],[101.9566,5.9943],[101.9569,5.9937],[101.9569,5.9937],[101.9571,5.9935],[101.9571,5.9935],[101.9574,5.9932],[101.9574,5.9932],[101.9575,5.9931],[101.9576,5.9931],[101.9577,5.9931],[101.9578,5.9931],[101.9581,5.9931],[101.9582,5.9931],[101.9583,5.9931],[101.9584,5.9932],[101.9585,5.9932],[101.9586,5.9933],[101.9587,5.9934],[101.9587,5.9934],[101.9589,5.9935],[101.959,5.9937],[101.9592,5.9939],[101.9593,5.9941],[101.9594,5.9943],[101.9594,5.9946],[101.9594,5.9946],[101.9595,5.9948],[101.9595,5.9955],[101.9594,5.9959],[101.9593,5.9962],[101.9593,5.9964],[101.9593,5.9965],[101.9593,5.9966],[101.9593,5.9967],[101.9593,5.9968],[101.9594,5.9969],[101.9594,5.9969],[101.9595,5.997],[101.9595,5.9971],[101.9597,5.9971],[101.9597,5.9971],[101.9598,5.9972],[101.9602,5.9972],[101.9602,5.9972],[101.9603,5.9972],[101.9604,5.9972],[101.9605,5.9971],[101.9607,5.9971],[101.9608,5.9969],[101.961,5.9968],[101.9614,5.9964],[101.9614,5.9963],[101.9616,5.9961],[101.9618,5.9959],[101.9619,5.9959],[101.962,5.9958],[101.9622,5.9957],[101.9624,5.9957],[101.9624,5.9957],[101.9626,5.9957],[101.9627,5.9957],[101.9628,5.9957],[101.9629,5.9957],[101.9631,5.9957],[101.9632,5.9958],[101.9632,5.9958],[101.9633,5.9959],[101.9635,5.996],[101.9639,5.9965],[101.964,5.9966],[101.9643,5.9968],[101.9647,5.9971],[101.9648,5.9973],[101.9651,5.9976],[101.9652,5.9977],[101.9652,5.9978],[101.9653,5.9979],[101.9653,5.998],[101.9654,5.9983],[101.9654,5.9985],[101.9654,5.9987],[101.9654,5.9988],[101.9653,5.999],[101.965,5.9994],[101.965,5.9995],[101.9649,5.9997],[101.9649,5.9999],[101.9649,6],[101.9649,6],[101.965,6.0003],[101.9651,6.0006],[101.9652,6.0007],[101.9652,6.0008],[101.9653,6.0008],[101.9654,6.0009],[101.9655,6.0009],[101.9657,6.0009],[101.9665,6.0009],[101.9667,6.0008],[101.967,6.0008],[101.967,6.0008],[101.9672,6.0008],[101.9674,6.0008],[101.9675,6.0008],[101.9676,6.0009],[101.9677,6.0009],[101.9677,6.001],[101.9678,6.0011],[101.9679,6.0012],[101.968,6.0013],[101.968,6.0014],[101.968,6.0015],[101.968,6.0016],[101.9681,6.0017],[101.9681,6.0019],[101.968,6.0022],[101.968,6.0024],[101.968,6.0025],[101.968,6.0026],[101.968,6.0028],[101.9681,6.0031],[101.9682,6.0032],[101.9682,6.0034],[101.9684,6.0035],[101.9685,6.0037],[101.9686,6.0037],[101.9687,6.0038],[101.9689,6.0039],[101.969,6.0039],[101.9692,6.004],[101.9702,6.0041],[101.9704,6.0041],[101.9705,6.0041],[101.9706,6.0041],[101.9709,6.0042],[101.971,6.0043],[101.9715,6.0047],[101.972,6.0051],[101.9722,6.0052],[101.9725,6.0056],[101.9726,6.0057],[101.9727,6.0058],[101.9727,6.0059],[101.9728,6.0062],[101.9728,6.0064],[101.9728,6.0066],[101.9728,6.007],[101.9728,6.0071],[101.9728,6.0073],[101.9728,6.0074],[101.9727,6.0078],[101.9727,6.0082],[101.9728,6.0084],[101.9729,6.0089],[101.9729,6.0092],[101.9729,6.0094],[101.9729,6.0095],[101.9729,6.0095],[101.9729,6.0096],[101.9728,6.0097],[101.9728,6.0097],[101.9725,6.0099],[101.9725,6.0099],[101.9722,6.0102],[101.972,6.0103],[101.9719,6.0103],[101.9716,6.0104],[101.9716,6.0105],[101.9715,6.0106],[101.9714,6.0106],[101.9714,6.0106],[101.9714,6.0107],[101.9714,6.0108],[101.9714,6.0108],[101.9714,6.0111],[101.9714,6.0115],[101.9714,6.0118],[101.9715,6.0119],[101.9715,6.012],[101.9715,6.0121],[101.9718,6.0126],[101.9722,6.0131],[101.9722,6.0132],[101.9722,6.0132],[101.9722,6.0133],[101.9723,6.0136],[101.9723,6.0142],[101.9723,6.0145],[101.9723,6.0147],[101.9722,6.015],[101.9722,6.0152],[101.9722,6.0153],[101.9721,6.0154],[101.972,6.0156],[101.9718,6.0159],[101.9716,6.0162],[101.9716,6.0163],[101.9715,6.0164],[101.9713,6.0169],[101.9713,6.0169],[101.9711,6.0175],[101.9711,6.0177],[101.971,6.0179],[101.9711,6.0186],[101.9711,6.0191],[101.9711,6.0191],[101.9712,6.0192],[101.9712,6.0193],[101.9713,6.0195],[101.9714,6.0195],[101.9715,6.0196],[101.9717,6.0197],[101.9718,6.0198],[101.9719,6.0198],[101.9729,6.0201],[101.973,6.0202],[101.9731,6.0202],[101.9732,6.0202],[101.9732,6.0203],[101.9734,6.0205],[101.9739,6.0211],[101.9742,6.0216],[101.9743,6.0217],[101.9744,6.0218],[101.9745,6.0219],[101.9746,6.0221],[101.9747,6.0221],[101.9749,6.0224],[101.975,6.0225],[101.9751,6.0225],[101.9756,6.0229],[101.9759,6.023],[101.9761,6.0232],[101.9761,6.0233],[101.9762,6.0234],[101.9763,6.0235],[101.9764,6.0239],[101.9765,6.0242],[101.9766,6.0245],[101.977,6.0252],[101.9774,6.0259],[101.9779,6.0269],[101.9782,6.0275],[101.9783,6.0276],[101.9783,6.0277],[101.9783,6.0279],[101.9783,6.0282],[101.9783,6.0284],[101.9784,6.0289],[101.9784,6.029],[101.9784,6.0291],[101.9783,6.0292],[101.9783,6.0293],[101.9783,6.0293],[101.9781,6.0296],[101.9781,6.0297],[101.978,6.0299],[101.9778,6.0308],[101.978,6.0309],[101.9781,6.0309],[101.9782,6.0309],[101.9782,6.0309],[101.9783,6.0309],[101.9784,6.0308],[101.9785,6.0307],[101.9786,6.0306],[101.9787,6.0305],[101.9787,6.0304],[101.9797,6.0293],[101.9799,6.0291],[101.9801,6.0289],[101.9802,6.0287],[101.9803,6.0287],[101.9804,6.0286],[101.9805,6.0286],[101.9807,6.0285],[101.9808,6.0285],[101.9809,6.0285],[101.9812,6.0285],[101.9816,6.0286],[101.982,6.0286],[101.983,6.0289],[101.9834,6.029],[101.9835,6.0291],[101.9837,6.0292],[101.9838,6.0293],[101.984,6.0294],[101.984,6.0294],[101.9841,6.0295],[101.9841,6.0296],[101.9841,6.0297],[101.9842,6.0298],[101.9842,6.0299],[101.9841,6.0309],[101.9841,6.0313],[101.9841,6.0314],[101.984,6.0316],[101.984,6.0317],[101.9841,6.0319],[101.9841,6.032],[101.9841,6.032],[101.9841,6.0321],[101.9843,6.0323],[101.9844,6.0325],[101.9845,6.0326],[101.9847,6.0328],[101.9848,6.0329],[101.9851,6.033],[101.9859,6.0335],[101.9861,6.0338],[101.9867,6.0345],[101.9869,6.0348],[101.987,6.035],[101.987,6.0352],[101.9871,6.0355],[101.9872,6.0359],[101.9874,6.0364],[101.9876,6.0367],[101.9876,6.0368],[101.9877,6.0369],[101.988,6.0371],[101.988,6.0372],[101.9888,6.0378],[101.9888,6.0379],[101.9889,6.0379],[101.9889,6.0379],[101.9889,6.0379],[101.989,6.0379],[101.9894,6.038],[101.9895,6.038],[101.99,6.038],[101.9902,6.0381],[101.9903,6.0381],[101.9904,6.0382],[101.9904,6.0382],[101.9905,6.0383],[101.9905,6.0386],[101.9907,6.0396],[101.9907,6.0396],[101.9907,6.0398],[101.9907,6.0399],[101.9908,6.04],[101.9908,6.04],[101.991,6.0404],[101.9911,6.0404],[101.9911,6.0404],[101.9912,6.0405],[101.9913,6.0405],[101.9916,6.0406],[101.9918,6.0406],[101.9921,6.0406],[101.9922,6.0406],[101.9927,6.0407],[101.9933,6.0408],[101.9934,6.0408],[101.9935,6.0408],[101.9938,6.0408],[101.9938,6.0408],[101.9947,6.0407],[101.9954,6.0407],[101.9956,6.0406],[101.996,6.0406],[101.9963,6.0405],[101.9965,6.0404],[101.9966,6.0403],[101.9968,6.0402],[101.9971,6.04],[101.9975,6.0398],[101.9976,6.0397],[101.9978,6.0396],[101.9979,6.0396],[101.998,6.0396],[101.9981,6.0395],[101.9982,6.0395],[101.9983,6.0395],[101.9984,6.0395],[101.9985,6.0395],[101.9987,6.0395],[101.9988,6.0396],[101.999,6.0396],[101.9991,6.0397],[101.9993,6.0399],[101.9994,6.04],[101.9994,6.04],[101.9995,6.0401],[102,6.0405],[102.0003,6.0407],[102.0003,6.0408],[102.0004,6.0409],[102.0005,6.041],[102.0005,6.041],[102.0005,6.0411],[102.0006,6.0415],[102.0006,6.0417],[102.0006,6.042],[102.0007,6.0423],[102.0008,6.0425],[102.0008,6.0426],[102.0009,6.0426],[102.0009,6.0427],[102.001,6.0428],[102.0015,6.0431],[102.0021,6.0435],[102.0025,6.0436],[102.0026,6.0437],[102.003,6.0437],[102.0032,6.0438],[102.0033,6.0438],[102.0034,6.0438],[102.0036,6.0438],[102.0037,6.0438],[102.0038,6.0438],[102.0039,6.0439],[102.004,6.0439],[102.0041,6.044],[102.0041,6.0441],[102.0042,6.0441],[102.0042,6.0442],[102.0042,6.0443],[102.0042,6.0446],[102.0041,6.0453],[102.0041,6.0454],[102.0041,6.0454],[102.0041,6.0454],[102.0042,6.0455],[102.0043,6.0459],[102.0043,6.0462],[102.0043,6.0463],[102.0043,6.0464],[102.0043,6.0464],[102.0043,6.0465],[102.0043,6.0466],[102.0043,6.0467],[102.0043,6.0468],[102.0042,6.047],[102.0038,6.0478],[102.0032,6.0489],[102.0032,6.049],[102.0032,6.0492],[102.0032,6.0493],[102.0031,6.0497],[102.0032,6.0497],[102.0032,6.0498],[102.0032,6.0498],[102.0032,6.0498],[102.0032,6.0499],[102.0032,6.0499],[102.0032,6.0499],[102.0032,6.0499],[102.0033,6.05],[102.0034,6.0501],[102.0035,6.0501],[102.0035,6.0502],[102.0039,6.0504],[102.0045,6.0507],[102.0046,6.0507],[102.0049,6.0508],[102.0054,6.0509],[102.0055,6.051],[102.0056,6.051],[102.0056,6.051],[102.0057,6.051],[102.0057,6.051],[102.0058,6.051],[102.0058,6.051],[102.0059,6.0509],[102.0061,6.0508],[102.0063,6.0508],[102.0063,6.0508],[102.0064,6.0507],[102.0067,6.0506],[102.0068,6.0506],[102.0069,6.0506],[102.007,6.0506],[102.0074,6.0506],[102.0081,6.0508],[102.0084,6.0508],[102.0089,6.0509],[102.0091,6.051],[102.0094,6.051],[102.0097,6.051],[102.0101,6.051],[102.0107,6.051],[102.0113,6.051],[102.0115,6.051],[102.0116,6.051],[102.0118,6.0511],[102.0118,6.0511],[102.0119,6.0511],[102.012,6.0512],[102.0124,6.0514],[102.0129,6.0517],[102.013,6.0519],[102.0131,6.0519],[102.0131,6.0519],[102.0133,6.052],[102.0133,6.0521],[102.0134,6.0522],[102.0135,6.0523],[102.0136,6.0525],[102.0137,6.0526],[102.0139,6.0529],[102.0139,6.0529],[102.0139,6.053],[102.014,6.053],[102.014,6.053],[102.0141,6.0531],[102.0142,6.0531],[102.0142,6.0531],[102.0143,6.0531],[102.0144,6.0531],[102.0144,6.0531],[102.0145,6.0532],[102.0147,6.0533],[102.015,6.0535],[102.015,6.0536],[102.0152,6.0536],[102.0152,6.0537],[102.0155,6.0538],[102.0157,6.0538],[102.0158,6.0538],[102.0159,6.0538],[102.016,6.0538],[102.016,6.0538],[102.0161,6.0538],[102.0161,6.0538],[102.0162,6.0537],[102.0163,6.0537],[102.0163,6.0537],[102.0167,6.0535],[102.0169,6.0532],[102.0172,6.053],[102.0175,6.0528],[102.0176,6.0528],[102.0177,6.0528],[102.0177,6.0528],[102.0181,6.0527],[102.0182,6.0527],[102.0182,6.0527],[102.0187,6.0525],[102.0191,6.0523],[102.0193,6.0522],[102.0195,6.0521],[102.0196,6.0521],[102.0196,6.0521],[102.0197,6.0521],[102.0198,6.0522],[102.0198,6.0522],[102.0199,6.0522],[102.0199,6.0523],[102.02,6.0524],[102.02,6.0525],[102.02,6.0525],[102.02,6.0526],[102.0201,6.0528],[102.0201,6.053],[102.0201,6.0531],[102.02,6.0534],[102.02,6.0534],[102.0199,6.0537],[102.0199,6.0539],[102.0198,6.0542],[102.0197,6.0543],[102.0197,6.0543],[102.0197,6.0543],[102.0197,6.0544],[102.0198,6.0546],[102.0198,6.0547],[102.0198,6.0547],[102.0198,6.0548],[102.0199,6.0551],[102.0201,6.0555],[102.0201,6.0556],[102.0202,6.0556],[102.0204,6.0559],[102.0204,6.056],[102.0204,6.056],[102.0207,6.0563],[102.0208,6.0564],[102.0208,6.0565],[102.021,6.0567],[102.021,6.0568],[102.0211,6.0569],[102.0211,6.057],[102.0211,6.057],[102.0211,6.057],[102.0211,6.0571],[102.0211,6.0572],[102.0211,6.0573],[102.0211,6.0577],[102.0211,6.0581],[102.0211,6.0583],[102.0211,6.0584],[102.0211,6.0585],[102.0211,6.0585],[102.0211,6.0587],[102.0212,6.0588],[102.0212,6.0588],[102.0212,6.0589],[102.0212,6.0591],[102.0212,6.0595],[102.0212,6.0595],[102.0212,6.0596],[102.0213,6.0599],[102.0213,6.06],[102.0213,6.0601],[102.0214,6.0602],[102.0214,6.0603],[102.0214,6.0603],[102.0215,6.0604],[102.0217,6.0608],[102.0219,6.0611],[102.0222,6.0616],[102.0224,6.0617],[102.0227,6.062],[102.0228,6.0621],[102.0229,6.0622],[102.0231,6.0624],[102.0232,6.0624],[102.0234,6.0624],[102.0242,6.0627],[102.0245,6.0628],[102.0248,6.0629],[102.0248,6.0629],[102.0256,6.0633],[102.0259,6.0634],[102.0264,6.0637],[102.0268,6.0639],[102.0268,6.0639],[102.0269,6.064],[102.027,6.0641],[102.027,6.0641],[102.027,6.0643],[102.0271,6.0644],[102.0272,6.0648],[102.0273,6.065],[102.0274,6.0651],[102.0274,6.0651],[102.0274,6.0651],[102.028,6.0654],[102.0285,6.0657],[102.0286,6.0658],[102.0287,6.0658],[102.0289,6.0658],[102.0291,6.0658],[102.0293,6.0658],[102.0295,6.0657],[102.0297,6.0657],[102.0297,6.0657],[102.0297,6.0656],[102.0297,6.0657],[102.0298,6.0657],[102.0298,6.0657],[102.0298,6.0658],[102.0298,6.0659],[102.0299,6.0661],[102.0299,6.0664],[102.0299,6.0665],[102.0299,6.0666],[102.0299,6.0667],[102.03,6.0668],[102.03,6.0669],[102.0302,6.0672],[102.0303,6.0674],[102.0305,6.0678],[102.0305,6.0679],[102.0305,6.0679],[102.0306,6.068],[102.0311,6.0686],[102.0315,6.0691],[102.0315,6.0692],[102.0316,6.0693],[102.0316,6.0693],[102.0317,6.0695],[102.0317,6.0697],[102.0317,6.0697],[102.0318,6.0698],[102.0318,6.0698],[102.0318,6.0703],[102.0318,6.0706],[102.0318,6.0711],[102.0318,6.0712],[102.0318,6.0712],[102.0319,6.0713],[102.0319,6.0714],[102.0319,6.0714],[102.0319,6.0714],[102.032,6.0715],[102.032,6.0715],[102.032,6.0715],[102.0321,6.0715],[102.0321,6.0715],[102.0322,6.0715],[102.0323,6.0715],[102.0323,6.0715],[102.0324,6.0715],[102.0324,6.0715],[102.0324,6.0714],[102.0325,6.0714],[102.0325,6.0714],[102.0326,6.0713],[102.0326,6.0713],[102.0327,6.0713],[102.033,6.071],[102.0336,6.0703],[102.0336,6.0703],[102.0336,6.0702],[102.0336,6.0702],[102.0336,6.0702],[102.0336,6.0701],[102.0336,6.07],[102.0336,6.07],[102.0336,6.0698],[102.0336,6.0698],[102.0336,6.0696],[102.0336,6.0695],[102.0336,6.0695],[102.0336,6.0695],[102.0336,6.0695],[102.0337,6.0694],[102.0338,6.0694],[102.0338,6.0694],[102.0339,6.0694],[102.0341,6.0694],[102.0341,6.0694],[102.0342,6.0694],[102.0342,6.0694],[102.0343,6.0694],[102.0344,6.0695],[102.0344,6.0695],[102.0346,6.0696],[102.0346,6.0696],[102.0348,6.0698],[102.0351,6.0702],[102.0353,6.0703],[102.0357,6.0707],[102.0363,6.0712],[102.0367,6.0714],[102.0368,6.0715],[102.0371,6.0717],[102.0378,6.0721],[102.0379,6.0721],[102.0386,6.0727],[102.0391,6.073],[102.0393,6.0732],[102.0396,6.0733],[102.0397,6.0734],[102.0397,6.0734],[102.0398,6.0733],[102.0398,6.0733],[102.04,6.0731],[102.0401,6.073],[102.0401,6.0729],[102.0402,6.0729],[102.0402,6.0729],[102.0403,6.0729],[102.0403,6.0728],[102.0404,6.0728],[102.0404,6.0728],[102.0405,6.0728],[102.0405,6.0728],[102.0405,6.0728],[102.0405,6.0728],[102.0406,6.0728],[102.0406,6.0728],[102.0407,6.0728],[102.0407,6.0728],[102.0407,6.0729],[102.0408,6.0729],[102.0408,6.0729],[102.0408,6.0729],[102.0409,6.0731],[102.0411,6.0732],[102.0411,6.0733],[102.0412,6.0735],[102.0413,6.0735],[102.0414,6.0736],[102.0415,6.0737],[102.0416,6.0737],[102.0417,6.0738],[102.0418,6.0738],[102.0418,6.0738],[102.0419,6.0738],[102.0421,6.0738],[102.0422,6.0739],[102.0426,6.0739],[102.0429,6.0738],[102.043,6.0739],[102.0431,6.0739],[102.0434,6.074],[102.0436,6.0741],[102.0438,6.0742],[102.0439,6.0742],[102.044,6.0743],[102.044,6.0743],[102.0442,6.0744],[102.0443,6.0745],[102.0443,6.0745],[102.0443,6.0746],[102.0443,6.0746],[102.0443,6.0746],[102.0443,6.0748],[102.0444,6.0748],[102.0443,6.0749],[102.0443,6.0749],[102.0443,6.075],[102.0443,6.0751],[102.0442,6.0751],[102.044,6.0754],[102.0437,6.0757],[102.0437,6.0757],[102.0437,6.0758],[102.0436,6.0759],[102.0436,6.0759],[102.0436,6.076],[102.0436,6.076],[102.0436,6.0761],[102.0436,6.0761],[102.0436,6.0762],[102.0436,6.0762],[102.0436,6.0762],[102.0437,6.0763],[102.0437,6.0763],[102.0437,6.0763],[102.0438,6.0763],[102.0438,6.0764],[102.0439,6.0764],[102.044,6.0764],[102.0442,6.0764],[102.0447,6.0764],[102.0452,6.0764],[102.0456,6.0765],[102.0464,6.0766],[102.0465,6.0766],[102.0465,6.0766],[102.0471,6.0767],[102.0471,6.0768],[102.0477,6.0772],[102.0477,6.0772],[102.0478,6.0773],[102.0479,6.0773],[102.048,6.0774],[102.048,6.0774],[102.0481,6.0774],[102.0481,6.0774],[102.0481,6.0774],[102.0483,6.0774],[102.0483,6.0774],[102.0484,6.0774],[102.0484,6.0774],[102.0484,6.0774],[102.0485,6.0775],[102.0485,6.0775],[102.0486,6.0776],[102.0487,6.0776],[102.0487,6.0777],[102.0487,6.0778],[102.0487,6.0779],[102.0488,6.0779],[102.0488,6.0781],[102.0488,6.0781],[102.0488,6.0782],[102.0488,6.0782],[102.0489,6.0784],[102.0489,6.0786],[102.049,6.0787],[102.049,6.0788],[102.049,6.0788],[102.0491,6.0788],[102.0491,6.0789],[102.0492,6.0789],[102.0492,6.079],[102.0493,6.079],[102.0493,6.0791],[102.0494,6.0791],[102.0494,6.0791],[102.0495,6.0791],[102.0496,6.0791],[102.0498,6.0791],[102.0498,6.0791],[102.0498,6.0791],[102.0499,6.0791],[102.0499,6.0791],[102.0499,6.0791],[102.05,6.079],[102.0503,6.0789],[102.0504,6.0788],[102.0505,6.0788],[102.0506,6.0788],[102.0506,6.0788],[102.0507,6.0788],[102.0509,6.0788],[102.0509,6.0788],[102.0511,6.0788],[102.0512,6.0788],[102.0512,6.0788],[102.0512,6.0788],[102.0512,6.0788],[102.0513,6.0788],[102.0514,6.0787],[102.0516,6.0786],[102.0516,6.0786],[102.0516,6.0785],[102.0517,6.0785],[102.0518,6.0785],[102.0518,6.0785],[102.0519,6.0785],[102.052,6.0785],[102.052,6.0785],[102.0521,6.0785],[102.0521,6.0785],[102.0521,6.0785],[102.0522,6.0786],[102.0522,6.0786],[102.0522,6.0787],[102.0522,6.0788],[102.0522,6.0789],[102.0523,6.0791],[102.0523,6.0794],[102.0523,6.0796],[102.0523,6.0796],[102.0523,6.0797],[102.0523,6.0797],[102.0523,6.0797],[102.0523,6.0797],[102.0524,6.0797],[102.0524,6.0797],[102.0524,6.0797],[102.0524,6.0797],[102.0525,6.0797],[102.0529,6.0796],[102.053,6.0796],[102.053,6.0796],[102.0531,6.0796],[102.0533,6.0797],[102.0533,6.0797],[102.0536,6.0798],[102.0538,6.0799],[102.0538,6.0799],[102.0539,6.0799],[102.0541,6.0802],[102.0543,6.0804],[102.0543,6.0805],[102.0543,6.0805],[102.0543,6.0807],[102.0544,6.0811],[102.0545,6.082],[102.0546,6.0821],[102.0546,6.0822],[102.0546,6.0822],[102.0547,6.0825],[102.0548,6.0826],[102.0548,6.0826],[102.0549,6.0827],[102.0549,6.0827],[102.055,6.0828],[102.0552,6.0829],[102.0552,6.0829],[102.0556,6.083],[102.0557,6.083],[102.0558,6.083],[102.0558,6.0831],[102.0559,6.0832],[102.0559,6.0832],[102.056,6.0833],[102.056,6.0833],[102.0561,6.0835],[102.0563,6.084],[102.0563,6.084],[102.0564,6.0841],[102.0571,6.0849],[102.0572,6.0851],[102.0573,6.0852],[102.0574,6.0853],[102.0574,6.0854],[102.0574,6.0856],[102.0574,6.0857],[102.0574,6.0858],[102.0574,6.0862],[102.0574,6.0863],[102.0574,6.0864],[102.0575,6.0867],[102.0577,6.0872],[102.0579,6.0876],[102.058,6.0881],[102.0582,6.0885],[102.0582,6.0888],[102.0582,6.0889],[102.0582,6.089],[102.0582,6.0898],[102.0582,6.0903],[102.0582,6.0906],[102.0583,6.0907],[102.0583,6.0908],[102.0584,6.091],[102.0585,6.0911],[102.0586,6.0913],[102.0587,6.0914],[102.0588,6.0915],[102.0588,6.0915],[102.0589,6.0915],[102.0589,6.0915],[102.0589,6.0915],[102.059,6.0915],[102.059,6.0915],[102.0591,6.0914],[102.0598,6.0911],[102.0605,6.0908],[102.0608,6.0907],[102.061,6.0907],[102.0612,6.0907],[102.0613,6.0907],[102.0614,6.0908],[102.0614,6.0908],[102.0615,6.091],[102.0615,6.0911],[102.0615,6.0913],[102.0615,6.0914],[102.0614,6.0916],[102.0611,6.092],[102.061,6.0922],[102.0609,6.0924],[102.0607,6.0929],[102.0603,6.0945],[102.0601,6.0951],[102.06,6.0952],[102.0597,6.096],[102.0593,6.0966],[102.0592,6.0968],[102.0592,6.0969],[102.0592,6.097],[102.0592,6.0972],[102.0593,6.0974],[102.0593,6.0974],[102.0594,6.0975],[102.0596,6.0976],[102.0596,6.0976],[102.0597,6.0976],[102.0598,6.0976],[102.0599,6.0975],[102.0599,6.0975],[102.06,6.0974],[102.06,6.0973],[102.06,6.0972],[102.0601,6.097],[102.0601,6.0969],[102.0602,6.0968],[102.0602,6.0967],[102.0603,6.0967],[102.0604,6.0964],[102.0606,6.0962],[102.0607,6.0961],[102.0608,6.0961],[102.0609,6.0961],[102.061,6.0961],[102.0611,6.0961],[102.0612,6.0961],[102.0613,6.0961],[102.0613,6.0962],[102.0614,6.0963],[102.0614,6.0965],[102.0614,6.0967],[102.0613,6.0968],[102.0612,6.0972],[102.0608,6.0976],[102.0606,6.0981],[102.0604,6.0984],[102.0604,6.0987],[102.0604,6.0988],[102.0604,6.0989],[102.0604,6.0992],[102.0604,6.0993],[102.0605,6.0994],[102.0606,6.0999],[102.0607,6.1002],[102.0608,6.1004],[102.061,6.1006],[102.0611,6.1007],[102.0615,6.1009],[102.0619,6.1012],[102.0619,6.1012],[102.062,6.1013],[102.062,6.1014],[102.062,6.1015],[102.062,6.1016],[102.0619,6.1017],[102.0618,6.1019],[102.0614,6.1022],[102.0613,6.1024],[102.0612,6.1025],[102.0612,6.1026],[102.0612,6.1026],[102.0612,6.1027],[102.0612,6.1028],[102.0613,6.1029],[102.0614,6.103],[102.0616,6.1031],[102.0618,6.1033],[102.0621,6.1035],[102.0622,6.1036],[102.0626,6.1039],[102.0628,6.1041],[102.063,6.1044],[102.0631,6.1045],[102.0633,6.1046],[102.0634,6.1047],[102.0635,6.1047],[102.0641,6.1049]]]}},{"type":"Feature","properties":{"code":"9613","name":"เจาะไอร้อง","name_en":"Cho-airong","area_sqkm":194,"src":"geoBoundaries+OpenGISData"},"geometry":{"type":"Polygon","coordinates":[[[101.8051,6.1241],[101.8073,6.1268],[101.8082,6.1274],[101.8083,6.1274],[101.8102,6.1278],[101.8116,6.1285],[101.8138,6.1297],[101.8147,6.1302],[101.82,6.1335],[101.8237,6.1361],[101.8257,6.1378],[101.8301,6.1393],[101.8316,6.1401],[101.8333,6.1409],[101.8347,6.1415],[101.8361,6.1422],[101.838,6.1429],[101.8398,6.1437],[101.8409,6.1448],[101.8428,6.1459],[101.8441,6.1467],[101.846,6.1475],[101.848,6.148],[101.8498,6.148],[101.8512,6.1491],[101.8519,6.151],[101.8527,6.1523],[101.8538,6.1535],[101.8546,6.1549],[101.8554,6.1562],[101.8567,6.1568],[101.8585,6.1573],[101.8594,6.1586],[101.8602,6.1599],[101.8612,6.1607],[101.8614,6.1609],[101.8609,6.1624],[101.8617,6.1639],[101.8618,6.1656],[101.8619,6.1672],[101.8621,6.1691],[101.8635,6.1699],[101.8644,6.1713],[101.8635,6.173],[101.8626,6.1746],[101.8616,6.1761],[101.86,6.1774],[101.8593,6.1788],[101.8581,6.1799],[101.8581,6.1815],[101.858,6.1834],[101.8576,6.1857],[101.8571,6.1876],[101.8574,6.1893],[101.8571,6.1909],[101.8588,6.1913],[101.8604,6.1915],[101.862,6.1905],[101.8639,6.1903],[101.8656,6.1905],[101.8672,6.19],[101.869,6.1903],[101.8702,6.1913],[101.8715,6.1923],[101.8723,6.194],[101.8734,6.1958],[101.8742,6.1972],[101.8747,6.1987],[101.8764,6.1984],[101.8782,6.1977],[101.8801,6.1971],[101.8819,6.1966],[101.8838,6.1961],[101.8852,6.1953],[101.8857,6.1954],[101.887,6.1959],[101.8881,6.1968],[101.8888,6.1983],[101.8897,6.1996],[101.8911,6.2005],[101.892,6.2019],[101.8929,6.2032],[101.8939,6.2045],[101.8949,6.2057],[101.8962,6.2067],[101.8968,6.2081],[101.8981,6.2093],[101.8992,6.2106],[101.9,6.212],[101.9011,6.213],[101.901,6.215],[101.9014,6.2165],[101.9026,6.2178],[101.9022,6.2193],[101.9023,6.221],[101.903,6.2225],[101.9036,6.2241],[101.904,6.2522],[101.9041,6.2524],[101.904,6.2537],[101.9039,6.2553],[101.9042,6.2565],[101.9057,6.2567],[101.9165,6.2588],[101.9178,6.2585],[101.9178,6.2586],[101.9179,6.2587],[101.9179,6.2588],[101.918,6.2589],[101.918,6.259],[101.918,6.2593],[101.918,6.2597],[101.918,6.2605],[101.918,6.261],[101.918,6.2612],[101.9179,6.2613],[101.9179,6.2614],[101.9178,6.2616],[101.9177,6.2618],[101.9176,6.2619],[101.9172,6.2623],[101.917,6.2625],[101.9169,6.2627],[101.9168,6.2627],[101.9166,6.2628],[101.9165,6.2629],[101.9164,6.263],[101.9163,6.263],[101.916,6.2631],[101.9159,6.2631],[101.9158,6.2631],[101.9157,6.2631],[101.9156,6.263],[101.9155,6.263],[101.9155,6.263],[101.9154,6.2629],[101.9152,6.2628],[101.9151,6.2627],[101.9147,6.2624],[101.9147,6.2624],[101.9146,6.2624],[101.9146,6.2623],[101.9145,6.2623],[101.9145,6.2623],[101.9144,6.2624],[101.9144,6.2624],[101.9143,6.2624],[101.9143,6.2625],[101.9142,6.2626],[101.914,6.2629],[101.9139,6.2631],[101.9139,6.2632],[101.9137,6.2634],[101.9135,6.2637],[101.9132,6.2643],[101.913,6.2647],[101.9129,6.2649],[101.9129,6.265],[101.9128,6.2651],[101.9128,6.2652],[101.9128,6.2653],[101.9128,6.2658],[101.9128,6.266],[101.9128,6.2662],[101.9128,6.2663],[101.9127,6.2663],[101.9127,6.2664],[101.9127,6.2665],[101.9127,6.2666],[101.9126,6.2668],[101.9124,6.2671],[101.9121,6.2676],[101.9121,6.2677],[101.9119,6.268],[101.9118,6.2683],[101.9117,6.2686],[101.9116,6.2689],[101.9116,6.269],[101.9115,6.2691],[101.9115,6.2693],[101.9115,6.2694],[101.9115,6.2697],[101.9115,6.2702],[101.9115,6.2706],[101.9115,6.2706],[101.9115,6.2707],[101.9116,6.2708],[101.9116,6.2709],[101.9117,6.271],[101.9118,6.2711],[101.912,6.2712],[101.9121,6.2713],[101.9128,6.2717],[101.9129,6.2718],[101.913,6.2718],[101.913,6.2719],[101.913,6.272],[101.913,6.2721],[101.913,6.2723],[101.913,6.2724],[101.913,6.2725],[101.9129,6.2725],[101.9127,6.2729],[101.9122,6.2737],[101.9119,6.2743],[101.9119,6.2744],[101.9118,6.2745],[101.9114,6.275],[101.9112,6.2752],[101.9111,6.2754],[101.9111,6.2754],[101.9111,6.2755],[101.911,6.2756],[101.911,6.2756],[101.911,6.2757],[101.911,6.2757],[101.911,6.2758],[101.911,6.276],[101.911,6.276],[101.9111,6.2761],[101.9111,6.2762],[101.9112,6.2763],[101.9114,6.2766],[101.9116,6.2769],[101.9118,6.2774],[101.9119,6.2775],[101.9119,6.2776],[101.912,6.2776],[101.912,6.2777],[101.9122,6.2777],[101.9122,6.2777],[101.9123,6.2778],[101.9123,6.2778],[101.9123,6.2778],[101.9125,6.2778],[101.9137,6.2778],[101.9141,6.2778],[101.9148,6.2777],[101.9161,6.2778],[101.9171,6.2779],[101.9172,6.2798],[101.9172,6.2807],[101.9172,6.2809],[101.9172,6.2811],[101.9171,6.2815],[101.9168,6.2824],[101.9166,6.2827],[101.9163,6.2832],[101.9161,6.2836],[101.9154,6.2844],[101.9145,6.2855],[101.9141,6.2861],[101.9134,6.2869],[101.9123,6.2878],[101.9116,6.2884],[101.9114,6.2886],[101.9098,6.2895],[101.9095,6.2897],[101.9085,6.2903],[101.9077,6.2908],[101.9074,6.291],[101.9069,6.2913],[101.9066,6.2914],[101.9061,6.2917],[101.9053,6.2921],[101.9049,6.2923],[101.9048,6.2924],[101.9048,6.2924],[101.9045,6.2927],[101.904,6.2932],[101.9032,6.2941],[101.9031,6.2942],[101.9031,6.2942],[101.9029,6.2945],[101.9024,6.2951],[101.902,6.2957],[101.9019,6.2958],[101.9018,6.2959],[101.9018,6.2959],[101.9017,6.296],[101.9016,6.296],[101.9015,6.296],[101.9015,6.296],[101.9013,6.2959],[101.9012,6.2959],[101.9011,6.2959],[101.9011,6.2958],[101.9011,6.2958],[101.9009,6.2957],[101.9004,6.2953],[101.9001,6.2951],[101.9,6.295],[101.8999,6.295],[101.8997,6.295],[101.8997,6.2949],[101.8996,6.2949],[101.8994,6.295],[101.8993,6.295],[101.8991,6.295],[101.8989,6.2951],[101.8987,6.2952],[101.8985,6.2953],[101.8984,6.2954],[101.8981,6.2955],[101.898,6.2956],[101.8977,6.2958],[101.8976,6.2959],[101.8975,6.296],[101.8975,6.296],[101.8975,6.2961],[101.8974,6.2961],[101.8974,6.2964],[101.8973,6.2967],[101.8972,6.2975],[101.8971,6.298],[101.8971,6.2981],[101.897,6.2982],[101.8968,6.2988],[101.8967,6.299],[101.8966,6.2991],[101.8963,6.2996],[101.8962,6.2996],[101.8958,6.3],[101.8956,6.3001],[101.8953,6.3004],[101.895,6.3005],[101.895,6.3005],[101.8942,6.3009],[101.894,6.301],[101.8938,6.301],[101.8928,6.3013],[101.8925,6.3013],[101.892,6.3014],[101.8919,6.3014],[101.8915,6.3014],[101.8915,6.3014],[101.8907,6.3014],[101.8906,6.3014],[101.8905,6.3014],[101.8902,6.3013],[101.8899,6.3013],[101.8894,6.3011],[101.8892,6.301],[101.8891,6.301],[101.889,6.3009],[101.8888,6.3008],[101.8888,6.3008],[101.8878,6.3002],[101.8867,6.2995],[101.8866,6.2995],[101.8853,6.2987],[101.8848,6.2984],[101.8841,6.2981],[101.8835,6.2978],[101.8832,6.2978],[101.8824,6.2975],[101.882,6.2974],[101.8818,6.2973],[101.8817,6.2973],[101.8813,6.2973],[101.8807,6.2972],[101.8804,6.2972],[101.8799,6.2972],[101.8793,6.2972],[101.878,6.2972],[101.8772,6.2974],[101.8756,6.2976],[101.8745,6.2978],[101.8718,6.2981],[101.8688,6.2982],[101.8665,6.2987],[101.8656,6.2989],[101.8652,6.299],[101.8644,6.2991],[101.8643,6.2991],[101.8637,6.2991],[101.8625,6.299],[101.8622,6.2989],[101.862,6.2989],[101.8605,6.2985],[101.8601,6.2984],[101.8588,6.298],[101.8581,6.2978],[101.8568,6.2976],[101.8565,6.2976],[101.8561,6.2976],[101.8556,6.2976],[101.8539,6.2977],[101.8524,6.2983],[101.8503,6.2996],[101.8489,6.3008],[101.8473,6.3031],[101.8441,6.3018],[101.8424,6.3011],[101.842,6.3009],[101.8383,6.3001],[101.8335,6.2991],[101.8302,6.2984],[101.827,6.2979],[101.8254,6.2979],[101.8221,6.2985],[101.8102,6.2837],[101.809,6.2825],[101.8034,6.2748],[101.7976,6.2682],[101.7947,6.2651],[101.7909,6.2603],[101.7861,6.2557],[101.781,6.2513],[101.7779,6.2499],[101.774,6.2468],[101.7709,6.244],[101.7683,6.24],[101.766,6.2367],[101.7644,6.2354],[101.7628,6.2342],[101.761,6.2332],[101.7606,6.2328],[101.7627,6.2324],[101.7654,6.2311],[101.7678,6.2295],[101.7691,6.2275],[101.7705,6.2222],[101.7715,6.2202],[101.7731,6.2192],[101.7758,6.2165],[101.7796,6.2132],[101.7817,6.2113],[101.7828,6.2102],[101.7828,6.2091],[101.7824,6.2059],[101.7822,6.2037],[101.7816,6.2017],[101.7813,6.2001],[101.7816,6.1985],[101.7827,6.1956],[101.7839,6.1938],[101.7862,6.1908],[101.7884,6.1879],[101.7892,6.1862],[101.7898,6.1856],[101.7903,6.185],[101.7905,6.1841],[101.7908,6.1836],[101.7909,6.1827],[101.7905,6.1824],[101.7902,6.1821],[101.7895,6.1812],[101.7889,6.1776],[101.7894,6.1728],[101.7904,6.1693],[101.7912,6.1663],[101.794,6.1605],[101.7962,6.1567],[101.7973,6.1538],[101.799,6.1518],[101.8022,6.1506],[101.8034,6.1493],[101.8032,6.1449],[101.802,6.1404],[101.801,6.1376],[101.8005,6.1356],[101.8014,6.1339],[101.8017,6.132],[101.8019,6.1297],[101.8022,6.1284],[101.8032,6.1258],[101.8051,6.1241]]]}}]}